{"type": "FeatureCollection", "_note": "tools/rank_candidates.py が作る。国土数値情報 国有林野（A45、2024年）の林道。", "features": [{"type": "Feature", "geometry": {"type": "LineString", "coordinates": [[143.101687, 42.578079], [143.101695, 42.578134], [143.101748, 42.57821], [143.101824, 42.578249], [143.101949, 42.578265], [143.102078, 42.578263], [143.102441, 42.578204], [143.102803, 42.578162], [143.103255, 42.578026], [143.103571, 42.578029], [143.104328, 42.577878], [143.105588, 42.5776], [143.10572, 42.577677], [143.105674, 42.577783], [143.105603, 42.577917], [143.105619, 42.57801], [143.105682, 42.578196], [143.105755, 42.578267], [143.105822, 42.57827], [143.106046, 42.578244], [143.106788, 42.578056], [143.107604, 42.577831], [143.10789, 42.577617], [143.107977, 42.577332], [143.108318, 42.57681], [143.109113, 42.576547], [143.109524, 42.576644], [143.11016, 42.576554], [143.111135, 42.576714]]}, "properties": {"name": "熊の沢連絡", "kind": "国有林の林道"}}, {"type": "Feature", "geometry": {"type": "LineString", "coordinates": [[143.099767, 42.57118], [143.09985, 42.571247], [143.09989, 42.571323], [143.099858, 42.571408], [143.099846, 42.571513], [143.099878, 42.571568], [143.099954, 42.571622], [143.100081, 42.571718], [143.100193, 42.571854], [143.100344, 42.572062], [143.10043, 42.572271], [143.100475, 42.572455], [143.100509, 42.572547], [143.100588, 42.572576], [143.100691, 42.572588], [143.100896, 42.572594], [143.10107, 42.572611], [143.101136, 42.572659], [143.101168, 42.572722], [143.101138, 42.572815], [143.100923, 42.573211], [143.100807, 42.573401], [143.10072, 42.57351], [143.10057, 42.573569], [143.100454, 42.573589], [143.100207, 42.573622], [143.100168, 42.573687], [143.100166, 42.573758], [143.100219, 42.573835], [143.100786, 42.574102], [143.100852, 42.574146], [143.101107, 42.57452], [143.101243, 42.574799], [143.101189, 42.575096], [143.101294, 42.575366], [143.101589, 42.575507], [143.101896, 42.575744], [143.102492, 42.57625], [143.10261, 42.576361], [143.102676, 42.576434], [143.102672, 42.576532], [143.102618, 42.576933], [143.102388, 42.577513], [143.102047, 42.577821], [143.101877, 42.577889], [143.101783, 42.577936], [143.101721, 42.577999], [143.101694, 42.578056], [143.101687, 42.578079]]}, "properties": {"name": "熊の沢連絡", "kind": "国有林の林道"}}, {"type": "Feature", "geometry": {"type": "LineString", "coordinates": [[143.083715, 42.576956], [143.083806, 42.577044], [143.083923, 42.57711], [143.084097, 42.577213], [143.084575, 42.577301], [143.084714, 42.577358], [143.084863, 42.577619], [143.084997, 42.577808], [143.085201, 42.577948], [143.085519, 42.577905], [143.085687, 42.577967], [143.085853, 42.578058], [143.086208, 42.578275], [143.086671, 42.578267], [143.086863, 42.578263], [143.087108, 42.578256], [143.087415, 42.578257], [143.087898, 42.578246], [143.088272, 42.578246], [143.088597, 42.578281], [143.089002, 42.578349], [143.089108, 42.578366], [143.089273, 42.578407], [143.089548, 42.578528], [143.089783, 42.578557], [143.089958, 42.578536], [143.090063, 42.578495], [143.090099, 42.578446], [143.090125, 42.578371], [143.090144, 42.57829], [143.090188, 42.578225], [143.090269, 42.578176], [143.090883, 42.577843], [143.091072, 42.577748], [143.091153, 42.577716], [143.091198, 42.577712], [143.091231, 42.577722], [143.091315, 42.577831], [143.091381, 42.578281], [143.09143, 42.578352], [143.091641, 42.578508], [143.091859, 42.57861], [143.09194, 42.578653], [143.092183, 42.578856], [143.092362, 42.578874], [143.092573, 42.578779], [143.092621, 42.578775], [143.092704, 42.578789], [143.092966, 42.578847], [143.093296, 42.578889], [143.093476, 42.578854], [143.093829, 42.578707], [143.094042, 42.578618], [143.094204, 42.578483], [143.094398, 42.578128], [143.094468, 42.577793], [143.09451, 42.577316], [143.09454, 42.577116], [143.094572, 42.576843], [143.094631, 42.576691], [143.094692, 42.576632], [143.094765, 42.576579], [143.094875, 42.57652], [143.094931, 42.576465], [143.095028, 42.576347], [143.095096, 42.576224], [143.095166, 42.575981], [143.095213, 42.575812], [143.095261, 42.575747], [143.095339, 42.575707], [143.09553, 42.575691], [143.095768, 42.57569], [143.09589, 42.575616], [143.095982, 42.575547], [143.096042, 42.575473], [143.096096, 42.575396], [143.096164, 42.575295], [143.096225, 42.575172], [143.096255, 42.575033], [143.096291, 42.57491], [143.096359, 42.574633], [143.096277, 42.574291], [143.096243, 42.574256], [143.096191, 42.574176], [143.096143, 42.574099], [143.096046, 42.573943], [143.096019, 42.573875], [143.095999, 42.573816], [143.095998, 42.573718], [143.096066, 42.573662], [143.096288, 42.573559], [143.096362, 42.573527], [143.096421, 42.573481], [143.096516, 42.573395], [143.096624, 42.573241], [143.096686, 42.573132], [143.09668, 42.573025], [143.09664, 42.572906], [143.096616, 42.572834], [143.096567, 42.57276], [143.096532, 42.572692], [143.096485, 42.572622], [143.096425, 42.572545], [143.096355, 42.57247], [143.096254, 42.572363], [143.096105, 42.572182], [143.095877, 42.57199], [143.095878, 42.571965], [143.095884, 42.571928], [143.09605, 42.571812], [143.096243, 42.57166], [143.096303, 42.571598], [143.096312, 42.571524], [143.096289, 42.57138], [143.096265, 42.5713], [143.09626, 42.571253], [143.09628, 42.571164], [143.096361, 42.57097], [143.096434, 42.570885], [143.096548, 42.570831], [143.096677, 42.570776], [143.09686, 42.570766], [143.097042, 42.570774], [143.097146, 42.570815], [143.09724, 42.570876], [143.097602, 42.571153], [143.098128, 42.571535], [143.09824, 42.571595], [143.098351, 42.571596], [143.098415, 42.571572], [143.098455, 42.571504], [143.098491, 42.571366], [143.098661, 42.571209], [143.098944, 42.571164], [143.099286, 42.571126], [143.099607, 42.571123], [143.099701, 42.571139], [143.099767, 42.57118]]}, "properties": {"name": "熊の沢連絡", "kind": "国有林の林道"}}, {"type": "Feature", "geometry": {"type": "LineString", "coordinates": [[143.090649, 42.517885], [143.09075, 42.517918], [143.091245, 42.518102], [143.091387, 42.518155], [143.091689, 42.518243], [143.091864, 42.518302], [143.091974, 42.518364], [143.092124, 42.518478], [143.092301, 42.518606], [143.092534, 42.518806], [143.092746, 42.518982], [143.092908, 42.519127], [143.093126, 42.519296], [143.093244, 42.519393], [143.093307, 42.519445]]}, "properties": {"name": "中の川", "kind": "国有林の林道"}}, {"type": "Feature", "geometry": {"type": "LineString", "coordinates": [[143.084545, 42.57182], [143.084025, 42.572001], [143.083773, 42.572132], [143.083619, 42.572244], [143.08337, 42.572463], [143.083285, 42.572518], [143.082901, 42.572707], [143.082692, 42.572917], [143.082636, 42.572986], [143.082592, 42.573093], [143.082508, 42.573298], [143.082592, 42.57352], [143.082547, 42.573894], [143.08245, 42.574156], [143.082261, 42.574459], [143.082229, 42.574521], [143.082253, 42.574583], [143.082708, 42.574596], [143.082919, 42.574711], [143.083013, 42.574792], [143.08312, 42.575118], [143.083191, 42.5754], [143.083236, 42.575614], [143.083221, 42.575796], [143.083163, 42.575944], [143.083163, 42.575992], [143.083183, 42.57603], [143.083335, 42.576125], [143.083621, 42.576328], [143.08365, 42.576367], [143.083627, 42.576681], [143.083697, 42.576896], [143.083715, 42.576956]]}, "properties": {"name": "熊の沢連絡", "kind": "国有林の林道"}}, {"type": "Feature", "geometry": {"type": "LineString", "coordinates": [[143.076883, 42.573431], [143.076916, 42.573224], [143.07696, 42.572975], [143.077002, 42.572833], [143.077025, 42.572767], [143.077058, 42.572728], [143.077154, 42.572644], [143.077321, 42.572464], [143.077499, 42.572261], [143.077611, 42.572149], [143.077696, 42.572046], [143.0778, 42.571912], [143.077908, 42.571772], [143.077962, 42.571646], [143.078074, 42.571492], [143.078304, 42.571318], [143.078673, 42.570961], [143.078754, 42.570864], [143.078909, 42.570606], [143.079189, 42.570181], [143.079326, 42.56997], [143.079639, 42.569643], [143.079779, 42.569485], [143.080145, 42.569113], [143.080575, 42.568744], [143.080905, 42.568467], [143.081048, 42.568307], [143.0813, 42.567989], [143.081507, 42.567686], [143.081623, 42.567548], [143.081777, 42.567355], [143.08188, 42.567149], [143.081919, 42.567039], [143.082087, 42.566993], [143.082471, 42.566926], [143.0828, 42.566864], [143.083224, 42.566873], [143.083374, 42.566859], [143.083934, 42.566726], [143.084276, 42.566523], [143.084584, 42.566304], [143.084913, 42.56606], [143.085374, 42.565719], [143.085851, 42.565401], [143.086132, 42.565378], [143.087056, 42.56531], [143.087384, 42.56528], [143.087542, 42.565261], [143.08758, 42.565217], [143.087988, 42.564751], [143.088387, 42.564341], [143.088814, 42.564201], [143.08919, 42.56453], [143.089415, 42.564561], [143.089578, 42.564422], [143.089605, 42.564191], [143.089606, 42.563973], [143.089617, 42.56374], [143.089612, 42.563545], [143.089569, 42.563299], [143.089506, 42.56305], [143.089441, 42.562794]]}, "properties": {"name": "熊の沢", "kind": "国有林の林道"}}, {"type": "Feature", "geometry": {"type": "LineString", "coordinates": [[143.064109, 42.570804], [143.064256, 42.570778], [143.064511, 42.570649], [143.064763, 42.570538], [143.065079, 42.57042], [143.065108, 42.570378], [143.065075, 42.570314], [143.064736, 42.570152], [143.064387, 42.570009], [143.06435, 42.569976], [143.064318, 42.569852], [143.064343, 42.569792], [143.064583, 42.569754], [143.065253, 42.569736], [143.065811, 42.569694], [143.066112, 42.569674], [143.066174, 42.569654], [143.066222, 42.569617], [143.066289, 42.56952], [143.066431, 42.569253], [143.06646, 42.569165], [143.066463, 42.569155], [143.066468, 42.569105], [143.066455, 42.569062], [143.066384, 42.569016], [143.066159, 42.568958], [143.065826, 42.568871], [143.065831, 42.568785], [143.065888, 42.568705], [143.066206, 42.568479], [143.066594, 42.568182], [143.067052, 42.567854], [143.067108, 42.567776], [143.067123, 42.567709], [143.066954, 42.567409], [143.066723, 42.567013], [143.066623, 42.566838], [143.06658, 42.566769], [143.066516, 42.566751], [143.066348, 42.566772], [143.065699, 42.566916], [143.065654, 42.566949], [143.06562, 42.566981], [143.065578, 42.567213], [143.065525, 42.567263], [143.065357, 42.567317], [143.065052, 42.567384], [143.064949, 42.567386], [143.064865, 42.567324], [143.064811, 42.567266], [143.06483, 42.56718], [143.064947, 42.566962], [143.065148, 42.566628], [143.065263, 42.566322], [143.065353, 42.56606], [143.065368, 42.565835], [143.065322, 42.565734], [143.065252, 42.565668], [143.065076, 42.565583], [143.064746, 42.565489], [143.064658, 42.565435], [143.06463, 42.565394], [143.064625, 42.565386], [143.06463, 42.565301], [143.064646, 42.565167], [143.064692, 42.565066], [143.064799, 42.565047], [143.065038, 42.56506], [143.065301, 42.565068], [143.065375, 42.565081], [143.065669, 42.565266], [143.066112, 42.565513], [143.066472, 42.565625], [143.066867, 42.56571], [143.067054, 42.565755], [143.067295, 42.566035], [143.067484, 42.566324], [143.067612, 42.566391], [143.068033, 42.566565], [143.06822, 42.566609], [143.068637, 42.566611], [143.068904, 42.566581], [143.069244, 42.566499], [143.069436, 42.56641], [143.069578, 42.566323], [143.069683, 42.566201], [143.069736, 42.566094], [143.069835, 42.565815], [143.069863, 42.5657], [143.069898, 42.565497], [143.069937, 42.565307], [143.070013, 42.565038], [143.070097, 42.564739], [143.070157, 42.564602], [143.070225, 42.564559], [143.07032, 42.564552], [143.070396, 42.564581], [143.070506, 42.564701], [143.07068, 42.564901], [143.070769, 42.564981], [143.070861, 42.565046], [143.070917, 42.565085], [143.070998, 42.565145], [143.071177, 42.565246], [143.071472, 42.565342], [143.071653, 42.565384], [143.071898, 42.565387], [143.072087, 42.565331], [143.072448, 42.565244], [143.072771, 42.565151], [143.073059, 42.565114], [143.073342, 42.565072], [143.073965, 42.56498], [143.074125, 42.565033], [143.074225, 42.565081], [143.074311, 42.565122], [143.074368, 42.565153], [143.074475, 42.565178], [143.074528, 42.565164], [143.074577, 42.565141], [143.074633, 42.565085], [143.074709, 42.56501], [143.074906, 42.564851], [143.075203, 42.56476], [143.076329, 42.564657], [143.076768, 42.564269], [143.077414, 42.563761], [143.07773, 42.563753], [143.078571, 42.564142], [143.078662, 42.564163], [143.079606, 42.564047], [143.079711, 42.564048], [143.079807, 42.564091], [143.079956, 42.564192], [143.080188, 42.564355], [143.080678, 42.564418], [143.081376, 42.564497], [143.082108, 42.56454], [143.082598, 42.564329], [143.083258, 42.564047], [143.084121, 42.563672], [143.08444, 42.563456], [143.084736, 42.563268], [143.085021, 42.563109], [143.085156, 42.563062], [143.085729, 42.562872], [143.086258, 42.562695], [143.08675, 42.562547], [143.086971, 42.562515], [143.087359, 42.56249], [143.087778, 42.562476], [143.088019, 42.562489], [143.088258, 42.562521], [143.088723, 42.562615], [143.088947, 42.562676], [143.089174, 42.562861], [143.089441, 42.562794]]}, "properties": {"name": "ひょうたん連絡左岸", "kind": "国有林の林道"}}, {"type": "Feature", "geometry": {"type": "LineString", "coordinates": [[143.061633, 42.571985], [143.061642, 42.571879], [143.061667, 42.571824], [143.061728, 42.571765], [143.061809, 42.571736], [143.061877, 42.571724], [143.061951, 42.571737], [143.06202, 42.57177], [143.062069, 42.571825], [143.062129, 42.571892], [143.062237, 42.571957], [143.06234, 42.571999], [143.062439, 42.572009], [143.062578, 42.571991], [143.062768, 42.571955], [143.062883, 42.571916], [143.062908, 42.571875], [143.062899, 42.571713], [143.062838, 42.571344], [143.062867, 42.571266], [143.062939, 42.571208], [143.063015, 42.571181], [143.063182, 42.571201], [143.063285, 42.571197], [143.063316, 42.571172], [143.063338, 42.571091], [143.063273, 42.570891], [143.063214, 42.570767], [143.063215, 42.570704], [143.063247, 42.570664], [143.063336, 42.570655], [143.063816, 42.570756], [143.064109, 42.570804]]}, "properties": {"name": "ひょうたん連絡左岸", "kind": "国有林の林道"}}, {"type": "Feature", "geometry": {"type": "LineString", "coordinates": [[143.090883, 42.516406], [143.090838, 42.516488], [143.090734, 42.516721], [143.09055, 42.517089], [143.090434, 42.517325], [143.090311, 42.517565], [143.090298, 42.517642], [143.09033, 42.517728], [143.090419, 42.51781], [143.090649, 42.517885]]}, "properties": {"name": "中の川", "kind": "国有林の林道"}}, {"type": "Feature", "geometry": {"type": "LineString", "coordinates": [[143.053735, 42.566219], [143.053622, 42.566209], [143.053292, 42.56609], [143.053214, 42.566071], [143.053152, 42.566101], [143.052927, 42.566263], [143.052373, 42.56665], [143.051891, 42.567024], [143.05143, 42.56736], [143.051233, 42.567502], [143.051099, 42.567694], [143.050914, 42.567925], [143.050727, 42.568238], [143.050386, 42.568729], [143.050116, 42.56909], [143.049952, 42.56927], [143.049728, 42.569331], [143.048801, 42.569404], [143.048465, 42.569461], [143.048348, 42.569531], [143.048073, 42.569947], [143.047892, 42.570157], [143.047616, 42.570257], [143.047125, 42.570396], [143.04697, 42.570437], [143.046897, 42.570525], [143.046704, 42.570763], [143.046576, 42.570875], [143.046479, 42.570937], [143.046125, 42.571032], [143.045885, 42.571102], [143.045809, 42.571137], [143.045777, 42.571199], [143.045746, 42.571392], [143.04571, 42.571485], [143.045606, 42.571562], [143.045474, 42.571571], [143.044747, 42.571453], [143.04461, 42.571457], [143.044513, 42.571475], [143.044426, 42.571532], [143.044275, 42.57176], [143.044211, 42.571866], [143.044048, 42.571988], [143.043773, 42.572091], [143.043631, 42.572178], [143.043619, 42.572294], [143.043666, 42.572514], [143.043643, 42.572647], [143.043584, 42.572689], [143.043384, 42.572783], [143.042861, 42.572944], [143.042774, 42.573011], [143.042491, 42.573347], [143.04227, 42.573652], [143.042161, 42.573803], [143.04196, 42.573944], [143.041846, 42.574019], [143.041817, 42.574104], [143.041816, 42.57451], [143.041815, 42.574589], [143.04178, 42.574641], [143.041734, 42.574689], [143.041626, 42.574794], [143.041404, 42.575003], [143.041164, 42.575223], [143.041067, 42.575282], [143.040964, 42.575299], [143.040779, 42.575307], [143.040612, 42.575305], [143.040501, 42.575352], [143.040377, 42.575427], [143.040238, 42.575531], [143.040155, 42.575599], [143.040076, 42.575627], [143.039956, 42.57567], [143.039719, 42.575716], [143.039314, 42.575811], [143.039076, 42.57589], [143.038841, 42.576016], [143.038453, 42.576177], [143.038176, 42.576098], [143.037609, 42.575956], [143.037169, 42.575838], [143.036539, 42.575779], [143.036155, 42.575839], [143.035612, 42.575919], [143.034773, 42.57619], [143.034017, 42.576442]]}, "properties": {"name": "ひょうたん沢", "kind": "国有林の林道"}}, {"type": "Feature", "geometry": {"type": "LineString", "coordinates": [[143.207155, 42.510012], [143.207229, 42.510023], [143.207368, 42.510055], [143.207608, 42.510104], [143.207863, 42.510153], [143.208129, 42.510195], [143.208381, 42.510223], [143.208621, 42.510266], [143.208846, 42.510326], [143.20917, 42.510429], [143.209478, 42.510556], [143.209823, 42.510705], [143.210121, 42.510831], [143.210379, 42.510927], [143.210543, 42.511004], [143.210668, 42.511081], [143.210782, 42.511168], [143.210854, 42.511253], [143.210952, 42.511394], [143.211042, 42.511566], [143.211075, 42.511647], [143.211113, 42.511713], [143.21119, 42.511778], [143.211289, 42.511849], [143.211364, 42.511886], [143.211448, 42.511895], [143.211633, 42.511888], [143.211868, 42.51188], [143.211999, 42.511887], [143.21205, 42.511915], [143.212086, 42.511939], [143.212119, 42.511994], [143.21215, 42.512082], [143.212193, 42.512174], [143.212271, 42.512294], [143.212343, 42.512398], [143.212458, 42.512561], [143.212858, 42.513021], [143.213033, 42.513211], [143.213282, 42.513487], [143.213481, 42.513707], [143.213705, 42.513988]]}, "properties": {"name": "ペンケタイキ", "kind": "国有林の林道"}}, {"type": "Feature", "geometry": {"type": "LineString", "coordinates": [[143.171185, 42.444232], [143.171172, 42.444261], [143.17117, 42.444264], [143.170978, 42.444608], [143.170804, 42.444896], [143.170639, 42.445154], [143.170541, 42.445351], [143.170374, 42.445631], [143.170283, 42.445785], [143.170117, 42.44605], [143.169926, 42.446334], [143.169857, 42.446409], [143.169774, 42.446478], [143.16967, 42.446522], [143.169384, 42.446677], [143.169004, 42.446918], [143.1689, 42.446995], [143.168817, 42.447064], [143.168754, 42.447142], [143.168718, 42.447236], [143.168723, 42.447335], [143.168654, 42.44761], [143.168652, 42.447788], [143.168656, 42.448008], [143.168687, 42.448252], [143.168737, 42.448574], [143.168785, 42.448895], [143.16883, 42.449175], [143.168898, 42.449521], [143.16896, 42.449843], [143.169071, 42.450316], [143.169058, 42.450616], [143.168984, 42.450768], [143.168888, 42.450876], [143.168711, 42.451047], [143.168621, 42.451156], [143.168557, 42.451255], [143.168494, 42.451441], [143.168413, 42.451613], [143.168309, 42.451746], [143.168038, 42.452077], [143.167973, 42.452165], [143.167905, 42.452318]]}, "properties": {"name": "紋別川第２支線", "kind": "国有林の林道"}}, {"type": "Feature", "geometry": {"type": "LineString", "coordinates": [[143.183217, 42.512934], [143.183372, 42.512938], [143.183567, 42.512957], [143.184231, 42.51301], [143.184468, 42.513039], [143.184666, 42.51312], [143.184832, 42.513204], [143.185066, 42.51329], [143.185238, 42.513359], [143.18534, 42.513378], [143.185459, 42.513371], [143.185589, 42.513392], [143.18568, 42.513437], [143.185774, 42.513489], [143.185852, 42.51352], [143.185936, 42.513515], [143.186109, 42.513517], [143.186197, 42.513547], [143.186336, 42.513637], [143.186506, 42.513701], [143.186823, 42.51382], [143.187058, 42.513929], [143.187167, 42.514023], [143.18721, 42.514118], [143.187302, 42.514147], [143.187521, 42.514176], [143.187693, 42.514242], [143.187813, 42.5143], [143.187996, 42.514343], [143.188211, 42.514394], [143.18834, 42.514442], [143.188539, 42.514551], [143.188597, 42.514612], [143.188643, 42.514669], [143.188696, 42.514695], [143.188762, 42.51469], [143.188862, 42.514673], [143.189055, 42.514648], [143.18914, 42.514641], [143.189221, 42.514672], [143.189337, 42.514752], [143.189436, 42.514844], [143.189523, 42.51494], [143.18963, 42.515035], [143.189714, 42.515078], [143.189807, 42.515108], [143.189978, 42.515126], [143.190099, 42.515117], [143.190238, 42.515098], [143.190368, 42.515097], [143.190494, 42.515121], [143.190701, 42.515195], [143.190871, 42.515257], [143.191014, 42.515315], [143.191127, 42.515334], [143.191233, 42.515349], [143.191371, 42.515339], [143.191589, 42.515361], [143.191768, 42.51544], [143.191907, 42.515534], [143.19199, 42.515576], [143.192103, 42.515587], [143.192215, 42.515584], [143.192342, 42.515584], [143.192539, 42.515608], [143.192602, 42.515643], [143.192663, 42.515715], [143.192698, 42.515817], [143.1927, 42.515973], [143.192711, 42.51609], [143.192752, 42.516206], [143.192824, 42.516318], [143.192943, 42.516477], [143.193057, 42.516598], [143.193195, 42.516726], [143.193349, 42.516817], [143.193472, 42.516886], [143.193499, 42.516935], [143.193479, 42.517007], [143.193445, 42.517065], [143.1934, 42.517073], [143.19328, 42.517033], [143.193171, 42.517002], [143.193121, 42.517], [143.193088, 42.517025], [143.193084, 42.517068], [143.193128, 42.517113], [143.193372, 42.517233], [143.193508, 42.517311], [143.193534, 42.517363], [143.193512, 42.517409], [143.193463, 42.517438], [143.193403, 42.517434], [143.193277, 42.517387], [143.193205, 42.517372], [143.193151, 42.517389], [143.193129, 42.517438], [143.193125, 42.517483], [143.193169, 42.517526], [143.193365, 42.517608], [143.193527, 42.517656], [143.193686, 42.517692], [143.193818, 42.517743], [143.193917, 42.517816], [143.193995, 42.517913], [143.194031, 42.518034], [143.194035, 42.518126], [143.194056, 42.518227], [143.194156, 42.518324], [143.194395, 42.518542], [143.194474, 42.518639], [143.194511, 42.518762], [143.194545, 42.518887], [143.194576, 42.518984], [143.194617, 42.519032], [143.194691, 42.519044], [143.194767, 42.519042], [143.194845, 42.519032], [143.194925, 42.519028], [143.194999, 42.519052], [143.195022, 42.519098], [143.195063, 42.51918], [143.195147, 42.519238], [143.195203, 42.519261], [143.195285, 42.519259], [143.195361, 42.519243], [143.195422, 42.519205], [143.195507, 42.51911], [143.195544, 42.519042], [143.195546, 42.518953], [143.195521, 42.518687], [143.195498, 42.518619], [143.195485, 42.518539], [143.195524, 42.518416], [143.195589, 42.518341], [143.195727, 42.518248], [143.195942, 42.518142], [143.196041, 42.518117], [143.196211, 42.518096], [143.196472, 42.518115], [143.196655, 42.518141], [143.196773, 42.518151], [143.196932, 42.518129], [143.197202, 42.518064], [143.197466, 42.518007], [143.197821, 42.517907], [143.198088, 42.517858], [143.198463, 42.517792], [143.198687, 42.517754], [143.199007, 42.517676], [143.199188, 42.51761], [143.199268, 42.517549], [143.199425, 42.51742], [143.199497, 42.517345], [143.199602, 42.517272], [143.19973, 42.517251], [143.19983, 42.517261], [143.199906, 42.517289], [143.199978, 42.517348], [143.200039, 42.517428], [143.200065, 42.517489]]}, "properties": {"name": "カムイコタン", "kind": "国有林の林道"}}, {"type": "Feature", "geometry": {"type": "LineString", "coordinates": [[143.183217, 42.512934], [143.183192, 42.512954], [143.183168, 42.512982], [143.183153, 42.513009], [143.183144, 42.51306], [143.183162, 42.513119], [143.183235, 42.513208], [143.183433, 42.513361], [143.183693, 42.513519], [143.183883, 42.513638], [143.183981, 42.513719], [143.184054, 42.513782], [143.184115, 42.513863], [143.184213, 42.514001], [143.184308, 42.514103], [143.184393, 42.514181], [143.184493, 42.51425], [143.184643, 42.514335], [143.184767, 42.514398], [143.184934, 42.514453], [143.185075, 42.514494], [143.185192, 42.514543], [143.185291, 42.514608], [143.185423, 42.514702], [143.185514, 42.514761], [143.185601, 42.514829], [143.185682, 42.514867], [143.185754, 42.514879], [143.18581, 42.514867], [143.185893, 42.514832], [143.185958, 42.51478], [143.185994, 42.514725], [143.186062, 42.514693], [143.186121, 42.514695], [143.18619, 42.514709], [143.18632, 42.514787], [143.186455, 42.514864], [143.186715, 42.514978], [143.18685, 42.515057], [143.186944, 42.515132], [143.187038, 42.515239], [143.187149, 42.51539], [143.187257, 42.515501]]}, "properties": {"name": "カムイコタン", "kind": "国有林の林道"}}, {"type": "Feature", "geometry": {"type": "LineString", "coordinates": [[143.167297, 42.492882], [143.167558, 42.493162], [143.167944, 42.493534], [143.168334, 42.493912], [143.168869, 42.494415], [143.169162, 42.494675], [143.169436, 42.494929], [143.169634, 42.495057], [143.169866, 42.495148], [143.170432, 42.495439], [143.171353, 42.49587], [143.172321, 42.496001], [143.172767, 42.496247], [143.173217, 42.496504], [143.173524, 42.496851], [143.173825, 42.497171], [143.174537, 42.497676], [143.174855, 42.4979], [143.175142, 42.498108], [143.175454, 42.49832], [143.17571, 42.498504], [143.176086, 42.498759], [143.176368, 42.498956], [143.176806, 42.499109], [143.177258, 42.499263], [143.177638, 42.499386], [143.178002, 42.499504], [143.178459, 42.499651], [143.178649, 42.499754], [143.178873, 42.49988], [143.179196, 42.500085], [143.179245, 42.500215], [143.17937, 42.500513], [143.179498, 42.500775], [143.179785, 42.500818], [143.180297, 42.500863], [143.180839, 42.500649], [143.181328, 42.500444], [143.181672, 42.500299], [143.182021, 42.500471], [143.18241, 42.500676], [143.182765, 42.500847], [143.182971, 42.500969], [143.183045, 42.501032], [143.183082, 42.501076], [143.183144, 42.501194], [143.183291, 42.501388], [143.183386, 42.501524], [143.183458, 42.501571], [143.183742, 42.501686], [143.184156, 42.501852], [143.184569, 42.502006], [143.185035, 42.502186], [143.18522, 42.50226], [143.185364, 42.502349], [143.185837, 42.502615], [143.1861, 42.502758], [143.186678, 42.502815], [143.187295, 42.502869], [143.18775, 42.502914], [143.187821, 42.502998], [143.188041, 42.503217], [143.188248, 42.503422], [143.18845, 42.503635], [143.188731, 42.503909], [143.189009, 42.504192], [143.189189, 42.504345], [143.189788, 42.50432], [143.190418, 42.504284], [143.191038, 42.504252], [143.191334, 42.504449], [143.191637, 42.504649], [143.19221, 42.504637], [143.192704, 42.504634], [143.193401, 42.504618], [143.193767, 42.504912], [143.194008, 42.505107], [143.194208, 42.50527], [143.194311, 42.505357], [143.194519, 42.505605], [143.194717, 42.505862], [143.19484, 42.506037], [143.194915, 42.506123], [143.195121, 42.506185], [143.195743, 42.506348], [143.19635, 42.506374], [143.196583, 42.506489], [143.197137, 42.506741], [143.197553, 42.50695], [143.197801, 42.507218], [143.19801, 42.50743], [143.198188, 42.507594], [143.198565, 42.507708], [143.199055, 42.507837], [143.199519, 42.507749], [143.200065, 42.50767], [143.2004, 42.507621], [143.200504, 42.507722], [143.200726, 42.507959], [143.200921, 42.508168], [143.201489, 42.508304], [143.201916, 42.508397], [143.202277, 42.508478], [143.20234, 42.508482], [143.202808, 42.508511], [143.203158, 42.508543], [143.203258, 42.508556], [143.203315, 42.508571], [143.2034, 42.508613], [143.20347, 42.508667], [143.203556, 42.508751], [143.203681, 42.508893], [143.203811, 42.509028], [143.203948, 42.509151], [143.204069, 42.50923], [143.204174, 42.509283], [143.20432, 42.509318], [143.204529, 42.509333], [143.20478, 42.509343], [143.204985, 42.509361], [143.205197, 42.509405], [143.205418, 42.509454], [143.205625, 42.509521], [143.205818, 42.509584], [143.205977, 42.509656], [143.206109, 42.509718], [143.206227, 42.509772], [143.206381, 42.509836], [143.206517, 42.509884], [143.206675, 42.509929], [143.206831, 42.509967], [143.20703, 42.509994], [143.207155, 42.510012]]}, "properties": {"name": "ペンケタイキ", "kind": "国有林の林道"}}, {"type": "Feature", "geometry": {"type": "LineString", "coordinates": [[143.220079, 42.45607], [143.220143, 42.456073], [143.220351, 42.456086], [143.220606, 42.456113], [143.220821, 42.456138], [143.221062, 42.456148], [143.221382, 42.456166], [143.221689, 42.456202], [143.222023, 42.456248], [143.222116, 42.456279], [143.222341, 42.45638], [143.222413, 42.456394], [143.222575, 42.45639], [143.222704, 42.456365], [143.222805, 42.456304], [143.222851, 42.456259], [143.222876, 42.456265], [143.22289, 42.456278], [143.222881, 42.456397], [143.222881, 42.456459], [143.222861, 42.456629], [143.222847, 42.456706], [143.222798, 42.45686], [143.222729, 42.457021], [143.22265, 42.457176], [143.222602, 42.457299], [143.222527, 42.457485], [143.222453, 42.457633], [143.22237, 42.457781], [143.222216, 42.458005], [143.222082, 42.458132], [143.221993, 42.458221], [143.221932, 42.458302], [143.221858, 42.458406], [143.221827, 42.458465], [143.221746, 42.458622], [143.221672, 42.458777], [143.221641, 42.458882], [143.221471, 42.459038], [143.221284, 42.459217], [143.220988, 42.459484], [143.220698, 42.459771], [143.220415, 42.46004], [143.220204, 42.460221], [143.219893, 42.460461], [143.219734, 42.460603], [143.219606, 42.460887], [143.219472, 42.461071], [143.219299, 42.461254], [143.219242, 42.461298], [143.219123, 42.461558], [143.218948, 42.461923], [143.218814, 42.462193], [143.218701, 42.462404], [143.218539, 42.462617], [143.218352, 42.462898], [143.218292, 42.462995], [143.218297, 42.463184], [143.218294, 42.463483], [143.218278, 42.463748], [143.218261, 42.463892], [143.218335, 42.464038], [143.218186, 42.464433], [143.217955, 42.464762], [143.217754, 42.465087], [143.217607, 42.465362], [143.217611, 42.465498], [143.217671, 42.465694], [143.217618, 42.465897], [143.217521, 42.466244], [143.217187, 42.466017], [143.217061, 42.46622], [143.216901, 42.466556], [143.216899, 42.466923], [143.217125, 42.46728], [143.217272, 42.467478], [143.217554, 42.467557], [143.217997, 42.467688], [143.218265, 42.467876], [143.218238, 42.468125], [143.21798, 42.468153], [143.217642, 42.4684], [143.217524, 42.468516], [143.217356, 42.468763], [143.217102, 42.468776], [143.216841, 42.468595], [143.216479, 42.468427], [143.216462, 42.468082], [143.216437, 42.46781], [143.216209, 42.467755], [143.215999, 42.467942], [143.215625, 42.468301], [143.215514, 42.468395], [143.215235, 42.468441], [143.214939, 42.468375], [143.215077, 42.467884], [143.214926, 42.467766], [143.214871, 42.46739], [143.214517, 42.467375], [143.214277, 42.468001], [143.214379, 42.468397], [143.214441, 42.468649], [143.214392, 42.468912], [143.214176, 42.469025], [143.21372, 42.468942], [143.213552, 42.469399], [143.213494, 42.469608], [143.213538, 42.469647]]}, "properties": {"name": "裏の沢", "kind": "国有林の林道"}}, {"type": "Feature", "geometry": {"type": "LineString", "coordinates": [[143.213368, 42.455953], [143.213189, 42.45598], [143.212981, 42.455996], [143.212821, 42.456009], [143.212724, 42.456032], [143.212667, 42.456069], [143.212618, 42.456177], [143.212562, 42.456289], [143.212483, 42.456413], [143.212426, 42.4565], [143.212325, 42.456609], [143.212224, 42.456693], [143.212126, 42.456732], [143.211991, 42.45677], [143.211832, 42.456785], [143.211523, 42.456813], [143.211362, 42.456854], [143.211293, 42.456899], [143.211202, 42.457008], [143.211132, 42.457162], [143.211027, 42.45738], [143.210915, 42.457538], [143.210821, 42.457631], [143.210691, 42.457732], [143.210541, 42.457868], [143.210298, 42.458048], [143.210202, 42.458113], [143.210051, 42.458199], [143.209988, 42.458245], [143.209933, 42.458323], [143.209918, 42.458358], [143.209815, 42.458595], [143.209723, 42.458811], [143.209698, 42.459021], [143.20962, 42.459161], [143.209397, 42.459293], [143.209316, 42.459403], [143.209241, 42.459536], [143.209139, 42.459644], [143.208879, 42.459772], [143.208649, 42.459855], [143.208481, 42.45998], [143.208344, 42.460141], [143.208273, 42.460304], [143.208249, 42.460478], [143.208197, 42.460627], [143.208099, 42.460736], [143.207998, 42.46079], [143.20773, 42.460781], [143.207616, 42.460778], [143.207487, 42.460795], [143.207324, 42.460884], [143.20705, 42.460947], [143.206822, 42.460983], [143.206432, 42.460988], [143.206365, 42.460989], [143.206234, 42.461012], [143.205828, 42.461169], [143.205518, 42.461311], [143.205159, 42.461452], [143.204932, 42.461617], [143.204699, 42.461912], [143.204471, 42.462114], [143.204302, 42.462273], [143.204147, 42.462421], [143.204065, 42.462463], [143.203949, 42.462479], [143.2038, 42.462494], [143.203587, 42.462514], [143.203358, 42.462573], [143.203135, 42.46266], [143.20298, 42.462762], [143.202847, 42.462844], [143.202648, 42.46293]]}, "properties": {"name": "紋別川１の沢", "kind": "国有林の林道"}}, {"type": "Feature", "geometry": {"type": "LineString", "coordinates": [[143.193326, 42.460743], [143.193516, 42.461064], [143.193777, 42.46143], [143.193922, 42.461566], [143.19411, 42.46171], [143.19439, 42.461855], [143.194462, 42.461956], [143.194588, 42.46219], [143.1946, 42.462317], [143.194573, 42.462545], [143.194571, 42.462669], [143.19464, 42.462819], [143.19476, 42.463182], [143.194866, 42.463371], [143.195092, 42.463649], [143.195225, 42.463814], [143.195316, 42.463853], [143.195462, 42.463912], [143.195579, 42.464054], [143.195836, 42.464403], [143.195884, 42.464521], [143.195884, 42.464634], [143.195935, 42.464757], [143.19613, 42.465017], [143.19654, 42.465292], [143.19681, 42.465489], [143.196944, 42.465652], [143.197064, 42.465846], [143.197287, 42.466142], [143.197451, 42.466388], [143.197659, 42.466652], [143.197836, 42.466935], [143.198078, 42.467339], [143.198306, 42.467758], [143.198478, 42.468009], [143.198513, 42.468111], [143.198482, 42.468183], [143.19836, 42.468264], [143.198105, 42.468409], [143.198029, 42.468429], [143.197883, 42.46843], [143.197815, 42.468465], [143.197733, 42.468542], [143.19763, 42.468694], [143.197616, 42.468885], [143.197622, 42.469157], [143.197688, 42.469271], [143.197777, 42.469377], [143.197981, 42.469504], [143.198195, 42.469666], [143.198248, 42.469752], [143.198214, 42.469854], [143.198132, 42.469923], [143.198067, 42.46998], [143.198046, 42.470069], [143.198071, 42.47022], [143.198067, 42.470392], [143.198009, 42.470505], [143.197927, 42.470595], [143.197827, 42.470651], [143.197671, 42.470657], [143.197473, 42.470627], [143.197137, 42.470547], [143.19698, 42.470506], [143.196906, 42.470532], [143.196725, 42.470666], [143.196488, 42.470886], [143.196355, 42.470982], [143.19601, 42.471138], [143.195771, 42.471239], [143.195738, 42.471296]]}, "properties": {"name": "光地園連絡", "kind": "国有林の林道"}}, {"type": "Feature", "geometry": {"type": "LineString", "coordinates": [[143.193326, 42.460743], [143.193023, 42.46095], [143.19276, 42.461052], [143.192494, 42.461125], [143.192102, 42.461197], [143.191528, 42.461293], [143.191093, 42.461363], [143.190921, 42.461401], [143.190808, 42.461456], [143.190735, 42.461502], [143.190647, 42.461556], [143.190396, 42.461803], [143.190352, 42.461862]]}, "properties": {"name": "館山", "kind": "国有林の林道"}}, {"type": "Feature", "geometry": {"type": "LineString", "coordinates": [[143.173115, 42.474182], [143.17322, 42.474126], [143.173351, 42.474036], [143.173518, 42.473995], [143.173988, 42.47391], [143.174211, 42.47391], [143.174463, 42.473977], [143.174689, 42.474084], [143.174837, 42.474205], [143.17498, 42.474351], [143.175134, 42.474438], [143.175625, 42.474664], [143.175891, 42.474795], [143.176024, 42.474888], [143.176422, 42.475376], [143.176527, 42.475446], [143.176628, 42.475483], [143.177038, 42.475491], [143.177804, 42.47552], [143.177933, 42.475527], [143.177982, 42.475585], [143.177972, 42.475671], [143.177938, 42.475875], [143.177971, 42.476078], [143.178106, 42.476277], [143.178283, 42.476494], [143.178478, 42.476657], [143.178685, 42.476765], [143.178956, 42.47683], [143.17923, 42.476871], [143.179522, 42.476912], [143.179924, 42.47697], [143.180378, 42.476996], [143.180735, 42.477066], [143.181052, 42.477135], [143.181476, 42.477171], [143.181743, 42.477223], [143.181885, 42.47729], [143.182024, 42.477432], [143.182241, 42.47765], [143.182514, 42.477919], [143.182698, 42.4781], [143.182837, 42.478175], [143.183069, 42.478242], [143.183282, 42.478266], [143.18372, 42.478307], [143.184044, 42.478312], [143.184183, 42.47835], [143.184335, 42.478476], [143.184399, 42.478576], [143.184506, 42.478806], [143.184592, 42.479018], [143.18474, 42.479279], [143.184895, 42.479457], [143.185061, 42.479565], [143.185127, 42.479607], [143.185323, 42.479712], [143.185645, 42.479858], [143.185986, 42.479997], [143.186234, 42.480128], [143.186335, 42.4802], [143.186437, 42.480298], [143.186544, 42.480413], [143.186765, 42.480646], [143.187074, 42.480898], [143.187405, 42.481175], [143.187668, 42.481354], [143.187743, 42.481398], [143.188002, 42.481548], [143.18828, 42.481674], [143.188581, 42.48172], [143.188981, 42.481775], [143.189429, 42.481786], [143.189708, 42.48177], [143.190232, 42.48178], [143.19034, 42.481803], [143.190541, 42.481958], [143.190698, 42.482129], [143.19101, 42.482378], [143.191301, 42.482584], [143.191515, 42.482714], [143.191689, 42.482777], [143.191947, 42.482829], [143.19217, 42.482856], [143.192505, 42.482868], [143.192708, 42.482879], [143.192802, 42.482911], [143.192994, 42.483044], [143.193281, 42.483259], [143.193524, 42.483465], [143.194032, 42.483834], [143.194127, 42.483864], [143.19433, 42.483939], [143.19457, 42.484041], [143.194648, 42.484105], [143.194763, 42.48427], [143.194831, 42.484453], [143.194938, 42.484711], [143.195027, 42.48494], [143.195084, 42.48508], [143.195141, 42.485159], [143.195229, 42.485232], [143.195328, 42.485316], [143.195474, 42.485396], [143.195705, 42.485463], [143.195879, 42.485466], [143.196019, 42.485451], [143.19614, 42.485407], [143.196266, 42.485342], [143.196444, 42.485244], [143.196534, 42.485194], [143.19658, 42.485167], [143.196672, 42.485122], [143.196727, 42.485113], [143.196784, 42.485128], [143.196833, 42.485168], [143.196854, 42.485247], [143.196937, 42.485563], [143.196968, 42.48577], [143.196997, 42.486036], [143.197056, 42.486253], [143.197122, 42.486439], [143.197232, 42.48657], [143.197393, 42.486672], [143.197544, 42.486735], [143.197863, 42.486816], [143.198149, 42.486884], [143.198304, 42.486948], [143.198354, 42.487026], [143.198448, 42.487206], [143.198611, 42.487404], [143.198771, 42.487523], [143.199017, 42.487627], [143.199292, 42.4877], [143.199399, 42.487738], [143.199511, 42.487867], [143.199869, 42.488291], [143.19998, 42.488391], [143.200404, 42.48837], [143.20049, 42.488387], [143.200576, 42.488435], [143.200733, 42.488562], [143.200988, 42.488853], [143.201066, 42.488906], [143.201173, 42.48895], [143.201471, 42.489035], [143.201742, 42.489153], [143.201964, 42.489319], [143.202007, 42.489421], [143.202016, 42.489615], [143.202054, 42.490055], [143.202079, 42.490342], [143.202113, 42.490364], [143.202201, 42.490385], [143.202703, 42.490439], [143.203258, 42.490501], [143.20332, 42.49052], [143.203445, 42.490595], [143.203908, 42.490858], [143.204377, 42.491113], [143.204503, 42.491144], [143.20475, 42.491186], [143.205178, 42.491267], [143.205592, 42.491386], [143.205907, 42.491469], [143.205925, 42.49148], [143.206036, 42.491547], [143.206171, 42.491633], [143.206364, 42.491769], [143.206475, 42.491871], [143.206534, 42.491982], [143.206618, 42.492149], [143.206732, 42.492343], [143.206826, 42.492515], [143.206859, 42.492571], [143.207055, 42.492639], [143.207334, 42.492753], [143.207432, 42.492824], [143.207443, 42.492904], [143.207465, 42.49307], [143.20749, 42.493325], [143.207499, 42.493414], [143.207573, 42.493494], [143.207791, 42.493718], [143.207917, 42.493642], [143.208379, 42.49344], [143.208491, 42.493405], [143.208514, 42.493405], [143.208582, 42.493441], [143.208726, 42.493548], [143.209051, 42.493781], [143.209175, 42.493868], [143.209236, 42.493853], [143.209522, 42.493759], [143.209693, 42.493712], [143.209781, 42.493691], [143.209865, 42.493776], [143.209945, 42.49386], [143.210136, 42.494076], [143.210452, 42.494417], [143.210721, 42.494717], [143.210774, 42.494802], [143.210766, 42.494976], [143.210764, 42.495272], [143.210761, 42.49562], [143.210761, 42.495877], [143.210759, 42.495907], [143.210776, 42.495942], [143.210869, 42.49595], [143.211014, 42.495975], [143.211234, 42.496016], [143.211341, 42.496053], [143.211523, 42.496154], [143.211776, 42.49629], [143.211686, 42.496393], [143.211465, 42.496614], [143.211286, 42.496809], [143.211482, 42.496981], [143.211592, 42.497116], [143.211666, 42.497246], [143.211795, 42.49743], [143.211858, 42.497506], [143.212025, 42.497596], [143.212269, 42.497756], [143.212649, 42.498007], [143.212975, 42.498207], [143.213365, 42.498447], [143.213436, 42.4985], [143.213332, 42.498559], [143.213079, 42.498709], [143.213032, 42.49874], [143.213015, 42.498839], [143.212945, 42.499041], [143.212866, 42.499281], [143.212788, 42.49957], [143.212713, 42.49988], [143.212675, 42.499999], [143.212832, 42.500053], [143.21321, 42.500179], [143.213484, 42.500277], [143.213723, 42.500363], [143.214182, 42.500528], [143.214658, 42.500695], [143.214722, 42.500804], [143.214835, 42.500956], [143.214954, 42.501121], [143.215051, 42.501267], [143.215058, 42.501455], [143.215073, 42.501812], [143.215074, 42.502065], [143.215238, 42.502155], [143.215639, 42.502356], [143.215983, 42.50254], [143.21611, 42.502677], [143.216222, 42.502818], [143.216446, 42.503063], [143.216697, 42.503313], [143.216973, 42.503504], [143.217372, 42.503779], [143.217776, 42.50406], [143.218142, 42.504241], [143.218621, 42.504468], [143.218952, 42.504587], [143.219307, 42.50471], [143.219516, 42.504765], [143.219557, 42.504801], [143.219599, 42.504883], [143.21974, 42.505072], [143.219922, 42.505344], [143.22014, 42.505644], [143.220251, 42.505831], [143.220258, 42.505934], [143.220288, 42.506239], [143.22032, 42.506443], [143.220443, 42.506542], [143.22075, 42.5068], [143.221084, 42.507079], [143.221482, 42.507412], [143.221731, 42.50761], [143.221853, 42.507623], [143.222395, 42.507716], [143.222625, 42.507815], [143.223068, 42.507999], [143.223186, 42.508062], [143.223288, 42.508188], [143.223486, 42.508402], [143.223654, 42.508573], [143.223677, 42.508612], [143.22368, 42.508667], [143.223719, 42.508932], [143.223749, 42.509078], [143.223685, 42.509197], [143.223522, 42.509491], [143.223282, 42.509926], [143.223145, 42.510174], [143.223115, 42.510237], [143.223113, 42.510259], [143.223243, 42.51036], [143.223573, 42.51061], [143.223867, 42.510828], [143.224212, 42.511094], [143.224405, 42.511231]]}, "properties": {"name": "パンケナイ", "kind": "国有林の林道"}}, {"type": "Feature", "geometry": {"type": "LineString", "coordinates": [[143.123397, 42.543507], [143.12368, 42.5435], [143.123915, 42.543484], [143.124179, 42.54346], [143.124349, 42.54342], [143.124498, 42.543364], [143.12459, 42.54331], [143.124776, 42.543186], [143.124958, 42.543067], [143.125089, 42.542961], [143.125218, 42.542857], [143.125329, 42.542789], [143.125426, 42.542747], [143.125519, 42.542727], [143.12562, 42.542724], [143.125746, 42.542718], [143.125869, 42.5427], [143.12597, 42.542675], [143.126038, 42.542637], [143.126086, 42.542558], [143.126106, 42.542443], [143.126121, 42.542188], [143.126135, 42.542077], [143.126165, 42.541989], [143.126219, 42.541892], [143.126268, 42.541846], [143.126352, 42.541782], [143.126432, 42.541751], [143.126531, 42.541712], [143.12664, 42.541682], [143.126785, 42.541651], [143.126923, 42.541628], [143.127127, 42.541608], [143.127259, 42.541603], [143.127411, 42.541604], [143.127535, 42.541619], [143.127695, 42.541659], [143.128004, 42.541767], [143.128194, 42.541839], [143.128278, 42.541869], [143.128372, 42.54189], [143.128528, 42.541921], [143.12876, 42.541968], [143.128973, 42.542028], [143.129152, 42.542087], [143.129373, 42.542147], [143.129535, 42.542178], [143.129714, 42.542205], [143.130035, 42.542248], [143.13022, 42.54226], [143.130371, 42.54226], [143.13056, 42.542277], [143.130764, 42.542299], [143.131108, 42.542354], [143.131228, 42.542378], [143.131361, 42.54239], [143.131572, 42.542417], [143.131782, 42.542446], [143.132005, 42.542489], [143.132186, 42.542522], [143.132472, 42.542566], [143.132639, 42.542593], [143.132885, 42.542616], [143.13301, 42.542632], [143.133141, 42.542639], [143.133298, 42.54265], [143.133356, 42.542645], [143.133418, 42.542611], [143.13365, 42.542496], [143.133859, 42.542408], [143.133956, 42.542381], [143.134091, 42.542371], [143.134218, 42.542372], [143.134431, 42.542403], [143.134613, 42.542438], [143.134739, 42.54245], [143.134875, 42.542463], [143.134986, 42.542491], [143.135131, 42.542494], [143.135405, 42.542474], [143.135694, 42.54246], [143.13584, 42.542471], [143.136079, 42.54249], [143.13621, 42.542492], [143.136293, 42.542474], [143.136367, 42.542435], [143.136446, 42.542402], [143.136509, 42.542393], [143.136561, 42.542398], [143.136611, 42.542415], [143.136653, 42.542447], [143.136756, 42.542552], [143.136991, 42.542766], [143.137305, 42.543071], [143.137362, 42.543107], [143.137409, 42.543117], [143.137496, 42.543132], [143.137683, 42.543144], [143.137894, 42.543146], [143.137995, 42.543152], [143.138069, 42.543166], [143.138202, 42.543232], [143.138304, 42.543291], [143.138395, 42.543351], [143.138495, 42.543409], [143.138608, 42.543468], [143.138699, 42.543533], [143.138751, 42.543566], [143.138796, 42.543585], [143.138837, 42.54359]]}, "properties": {"name": "相川", "kind": "国有林の林道"}}, {"type": "Feature", "geometry": {"type": "LineString", "coordinates": [[143.117628, 42.531148], [143.117791, 42.531383], [143.117901, 42.53154], [143.117992, 42.531578], [143.118054, 42.531599], [143.118246, 42.53156], [143.118816, 42.531371], [143.119361, 42.531145], [143.11978, 42.530977], [143.120288, 42.530768], [143.120706, 42.530602], [143.121358, 42.530357], [143.121907, 42.53014], [143.122162, 42.530039], [143.122295, 42.529996], [143.122433, 42.529994], [143.122645, 42.530037], [143.122828, 42.530142], [143.123124, 42.530322], [143.123531, 42.530572], [143.123667, 42.530674], [143.124041, 42.530774], [143.124184, 42.530855], [143.12434, 42.530988], [143.124709, 42.531243], [143.125105, 42.531531], [143.125243, 42.531631], [143.125424, 42.531826], [143.125617, 42.532103], [143.125821, 42.532439], [143.125988, 42.532627], [143.126169, 42.532754], [143.126377, 42.532853], [143.126776, 42.532972], [143.126925, 42.533016], [143.127033, 42.533101], [143.127156, 42.533235], [143.127402, 42.533502], [143.127579, 42.533675], [143.127817, 42.533865], [143.12805, 42.533983], [143.128503, 42.534111], [143.128716, 42.534133], [143.129056, 42.53412], [143.12934, 42.534087], [143.129485, 42.534026], [143.129724, 42.533901], [143.129884, 42.533797], [143.129974, 42.533687], [143.13003, 42.533567], [143.130106, 42.533445], [143.130247, 42.533353], [143.130394, 42.533309], [143.130641, 42.533292], [143.130947, 42.533285], [143.131591, 42.533233], [143.132012, 42.533192], [143.132237, 42.533195], [143.132465, 42.533209], [143.132617, 42.533226], [143.132974, 42.533336], [143.133282, 42.533475], [143.133828, 42.533721], [143.134092, 42.533893], [143.134258, 42.533979], [143.134639, 42.534099], [143.135042, 42.534196], [143.13567, 42.534352], [143.136346, 42.534589], [143.136764, 42.534691], [143.137205, 42.534721], [143.137669, 42.534742], [143.138025, 42.534726], [143.138464, 42.534725], [143.138852, 42.534725], [143.139195, 42.534704], [143.139523, 42.534552], [143.13973, 42.534465], [143.140095, 42.534325], [143.140702, 42.534076], [143.141166, 42.533899], [143.141609, 42.533732], [143.141933, 42.533595]]}, "properties": {"name": "中の川", "kind": "国有林の林道"}}, {"type": "Feature", "geometry": {"type": "LineString", "coordinates": [[143.179646, 42.510029], [143.179638, 42.510073], [143.179614, 42.510211], [143.179583, 42.510358], [143.179649, 42.510482], [143.179735, 42.510633], [143.179798, 42.510744], [143.179908, 42.510881], [143.179997, 42.510996], [143.180067, 42.51111], [143.180142, 42.511207], [143.180251, 42.511313], [143.180334, 42.511403], [143.180424, 42.511512], [143.180512, 42.511608], [143.180676, 42.511747], [143.180835, 42.511845], [143.180996, 42.511933], [143.181192, 42.512039], [143.18144, 42.512081], [143.182578, 42.512096], [143.182639, 42.512125], [143.182834, 42.512217], [143.182925, 42.512296], [143.182983, 42.512365], [143.183047, 42.512463], [143.183112, 42.512602], [143.183174, 42.512738], [143.183217, 42.512824], [143.183217, 42.512934]]}, "properties": {"name": "カムイコタン", "kind": "国有林の林道"}}, {"type": "Feature", "geometry": {"type": "LineString", "coordinates": [[143.136901, 42.516267], [143.136942, 42.516433], [143.137092, 42.516617], [143.13747, 42.516938], [143.137744, 42.517105], [143.137983, 42.517223], [143.138192, 42.517275], [143.138377, 42.517241], [143.138545, 42.517215], [143.138655, 42.517234], [143.138778, 42.517281], [143.139021, 42.517512], [143.139252, 42.517692], [143.139324, 42.517795], [143.139369, 42.518021], [143.139441, 42.518166], [143.139554, 42.51821], [143.139702, 42.518248], [143.139829, 42.518359], [143.139935, 42.518515], [143.139978, 42.518695], [143.140062, 42.518792], [143.140252, 42.518862], [143.140507, 42.518954], [143.140642, 42.518989], [143.140781, 42.519004], [143.140975, 42.519006], [143.141116, 42.51903], [143.141374, 42.519106], [143.14154, 42.519171], [143.141741, 42.519305], [143.141979, 42.519472], [143.14218, 42.519604], [143.142222, 42.519686], [143.142231, 42.519844], [143.14212, 42.520122], [143.142011, 42.52036], [143.141914, 42.52052], [143.141742, 42.520671], [143.141506, 42.520839], [143.14144, 42.520911], [143.141425, 42.521009], [143.141491, 42.521281], [143.141658, 42.52174], [143.141783, 42.522101], [143.141835, 42.522295], [143.142017, 42.522884], [143.142168, 42.523237], [143.142421, 42.523673], [143.142717, 42.524226]]}, "properties": {"name": "住吉２の沢", "kind": "国有林の林道"}}, {"type": "Feature", "geometry": {"type": "LineString", "coordinates": [[143.136901, 42.516267], [143.137053, 42.516198], [143.137159, 42.516175], [143.137268, 42.516183], [143.137502, 42.516324], [143.137567, 42.51638], [143.137623, 42.516429], [143.137967, 42.516595], [143.138205, 42.51674], [143.138276, 42.516775], [143.138373, 42.516806], [143.138462, 42.516824], [143.138605, 42.516825], [143.138699, 42.516818], [143.139003, 42.516744], [143.139093, 42.516738], [143.139993, 42.516907], [143.141117, 42.517192], [143.141258, 42.517215], [143.141435, 42.517177], [143.141697, 42.517038], [143.141994, 42.516906], [143.142387, 42.516901], [143.14343, 42.517007], [143.143661, 42.516941], [143.143773, 42.516843], [143.143814, 42.516785], [143.143838, 42.516711], [143.143823, 42.516583], [143.143754, 42.516463], [143.14359, 42.516407], [143.14315, 42.516398], [143.142727, 42.516272], [143.142158, 42.516126], [143.141793, 42.516042], [143.141672, 42.515982], [143.141467, 42.515797], [143.140647, 42.515058]]}, "properties": {"name": "２０８５林班線", "kind": "国有林の林道"}}, {"type": "Feature", "geometry": {"type": "LineString", "coordinates": [[143.139066, 42.51231], [143.138962, 42.512164], [143.13917, 42.511484], [143.139173, 42.511466], [143.138777, 42.511038], [143.138377, 42.510383], [143.138256, 42.510023], [143.138, 42.509131], [143.137886, 42.508794], [143.137748, 42.508539], [143.138005, 42.507802], [143.138001, 42.507157], [143.13757, 42.506481], [143.137562, 42.506047], [143.137982, 42.505492], [143.138023, 42.504678], [143.137825, 42.504365], [143.137849, 42.504296], [143.138399, 42.504207], [143.138572, 42.504214], [143.139137, 42.504287], [143.139262, 42.504304], [143.14011, 42.504457]]}, "properties": {"name": "２０８５林班線", "kind": "国有林の林道"}}, {"type": "Feature", "geometry": {"type": "LineString", "coordinates": [[143.138814, 42.522755], [143.138922, 42.522541], [143.139078, 42.52239], [143.139321, 42.522257], [143.139488, 42.52222], [143.139827, 42.522169], [143.139958, 42.522146], [143.140113, 42.522054], [143.140194, 42.521957], [143.140159, 42.521801], [143.14008, 42.521697], [143.139991, 42.521638], [143.1397, 42.521444], [143.139472, 42.521308], [143.139375, 42.521181], [143.139316, 42.520922], [143.139238, 42.520713], [143.139015, 42.520512], [143.138719, 42.520361], [143.138409, 42.52026], [143.13816, 42.520209], [143.137896, 42.520188], [143.137485, 42.520178], [143.137231, 42.520227], [143.136931, 42.520332], [143.136666, 42.520424], [143.136483, 42.520436], [143.136276, 42.520353], [143.13603, 42.520272], [143.135754, 42.520229], [143.135506, 42.520185], [143.135378, 42.520089], [143.135201, 42.519924], [143.135088, 42.519625], [143.13516, 42.519138], [143.135155, 42.518891], [143.135034, 42.518712], [143.134852, 42.51861], [143.134383, 42.518541], [143.134163, 42.518503], [143.133961, 42.51842], [143.133697, 42.518188], [143.133558, 42.518041], [143.133459, 42.517985], [143.133362, 42.518008], [143.133339, 42.518093], [143.133376, 42.518261], [143.133374, 42.518389], [143.13328, 42.518451], [143.133112, 42.518453], [143.132796, 42.518174], [143.132531, 42.518074], [143.132206, 42.518005], [143.131908, 42.517904], [143.13162, 42.517776], [143.131338, 42.517626], [143.131184, 42.517426], [143.131109, 42.517302], [143.131075, 42.517192], [143.131048, 42.517117], [143.131016, 42.516955], [143.130979, 42.51676], [143.130933, 42.516588], [143.130695, 42.516376], [143.130519, 42.516287], [143.130336, 42.516199], [143.130067, 42.516069], [143.129838, 42.515974], [143.129455, 42.515744], [143.129293, 42.515632], [143.129131, 42.515502], [143.129001, 42.51528], [143.128932, 42.515093], [143.128876, 42.51491], [143.128819, 42.514624], [143.12881, 42.514378], [143.128731, 42.514045], [143.128671, 42.513811], [143.128631, 42.513685], [143.128588, 42.513599]]}, "properties": {"name": "幸栄", "kind": "国有林の林道"}}, {"type": "Feature", "geometry": {"type": "LineString", "coordinates": [[143.134717, 42.509591], [143.134729, 42.509703], [143.134798, 42.510027], [143.134841, 42.510282], [143.134895, 42.510573], [143.134936, 42.510793], [143.134984, 42.510959], [143.135137, 42.511278], [143.135221, 42.511506], [143.135275, 42.511674], [143.135318, 42.511804], [143.135324, 42.511941], [143.13526, 42.512115], [143.135119, 42.512388], [143.135026, 42.512601], [143.135076, 42.512723], [143.135261, 42.5129], [143.135596, 42.513157], [143.135858, 42.513319], [143.136205, 42.513452], [143.136388, 42.513545], [143.136583, 42.513679], [143.136829, 42.513905], [143.137029, 42.514101], [143.137048, 42.514245], [143.136959, 42.514577], [143.13682, 42.515118], [143.136749, 42.51546], [143.136765, 42.515775], [143.136869, 42.51615], [143.136901, 42.516267]]}, "properties": {"name": "住吉２の沢", "kind": "国有林の林道"}}, {"type": "Feature", "geometry": {"type": "LineString", "coordinates": [[143.128588, 42.513599], [143.1285, 42.513425], [143.128356, 42.513208]]}, "properties": {"name": "幸栄", "kind": "国有林の林道"}}, {"type": "Feature", "geometry": {"type": "LineString", "coordinates": [[143.133907, 42.509101], [143.134164, 42.509242], [143.134501, 42.509469], [143.134717, 42.509591]]}, "properties": {"name": "住吉２の沢", "kind": "国有林の林道"}}, {"type": "Feature", "geometry": {"type": "LineString", "coordinates": [[143.133907, 42.509101], [143.133939, 42.509054], [143.133957, 42.508953], [143.134059, 42.508619], [143.13419, 42.508184], [143.134599, 42.507699], [143.134707, 42.507555], [143.134608, 42.507033], [143.134514, 42.506383], [143.13345, 42.506317], [143.132837, 42.506022], [143.132387, 42.505652], [143.131906, 42.50571], [143.131675, 42.505781], [143.131544, 42.505829], [143.131161, 42.506394], [143.130182, 42.506149], [143.129279, 42.505914], [143.129183, 42.505873], [143.129064, 42.505786], [143.128672, 42.505807], [143.128603, 42.505637], [143.128539, 42.505405], [143.128538, 42.505285], [143.128535, 42.505066], [143.128216, 42.504801], [143.127526, 42.504786], [143.12748, 42.504755], [143.12736, 42.50459], [143.127373, 42.504446], [143.127402, 42.504282], [143.127242, 42.503921], [143.126894, 42.5037], [143.126548, 42.50302], [143.126302, 42.502588], [143.126139, 42.5023], [143.12569, 42.502089], [143.125656, 42.501836], [143.125678, 42.50165], [143.126142, 42.501275], [143.126437, 42.501035], [143.126436, 42.500964], [143.126437, 42.500853], [143.126433, 42.500785], [143.126427, 42.500712], [143.126407, 42.50065], [143.126289, 42.500485], [143.126245, 42.500337], [143.126209, 42.500214], [143.126143, 42.500131], [143.126051, 42.500064], [143.126029, 42.49997], [143.126097, 42.499801], [143.126169, 42.499726], [143.126259, 42.499584], [143.126302, 42.499468], [143.126342, 42.499264], [143.126349, 42.49917], [143.126369, 42.499042], [143.126391, 42.498954], [143.126448, 42.498781], [143.126526, 42.498569], [143.126608, 42.498254], [143.126687, 42.497964], [143.126697, 42.497918], [143.126634, 42.49774], [143.126495, 42.497403], [143.126384, 42.497146], [143.126182, 42.496639], [143.125962, 42.496116], [143.125255, 42.495855], [143.124386, 42.49547], [143.123674, 42.495143], [143.123217, 42.494845], [143.123017, 42.494704], [143.12281, 42.494554], [143.122289, 42.494175], [143.121797, 42.493826], [143.121001, 42.493477], [143.120666, 42.49333]]}, "properties": {"name": "住吉", "kind": "国有林の林道"}}, {"type": "Feature", "geometry": {"type": "LineString", "coordinates": [[143.216036, 42.455899], [143.216051, 42.455898], [143.216105, 42.455896], [143.216369, 42.455888], [143.216763, 42.455895], [143.21689, 42.455921], [143.216912, 42.455925], [143.217063, 42.455983], [143.217226, 42.456056], [143.217358, 42.45608], [143.217583, 42.456084], [143.217914, 42.456086], [143.218137, 42.456101], [143.218218, 42.456115], [143.218461, 42.456115], [143.218596, 42.456108], [143.218804, 42.456104], [143.219126, 42.456093], [143.219338, 42.456073], [143.219628, 42.456071], [143.219745, 42.45607], [143.219967, 42.456063], [143.220079, 42.45607]]}, "properties": {"name": "裏の沢", "kind": "国有林の林道"}}, {"type": "Feature", "geometry": {"type": "LineString", "coordinates": [[143.190352, 42.461862], [143.190137, 42.462153], [143.190036, 42.462285], [143.189919, 42.462676], [143.189872, 42.46283], [143.189779, 42.462985], [143.189637, 42.463106], [143.189492, 42.463219], [143.189393, 42.463328], [143.189267, 42.463494], [143.189205, 42.46361], [143.189153, 42.463784], [143.189163, 42.463953], [143.189085, 42.464107], [143.18892, 42.464371], [143.188726, 42.464592], [143.188561, 42.464844], [143.1885, 42.464958], [143.188462, 42.465074], [143.18845, 42.465183], [143.188388, 42.465259], [143.188297, 42.46531], [143.188137, 42.465362], [143.18806, 42.465412], [143.187995, 42.465527], [143.187899, 42.465749], [143.187779, 42.466016], [143.187696, 42.466194], [143.187662, 42.466383], [143.187657, 42.466593], [143.187681, 42.466778], [143.187773, 42.466955], [143.187933, 42.467146]]}, "properties": {"name": "館山", "kind": "国有林の林道"}}, {"type": "Feature", "geometry": {"type": "LineString", "coordinates": [[143.213753, 42.455968], [143.213906, 42.455965], [143.214052, 42.455927], [143.214289, 42.455834], [143.214445, 42.455801], [143.214669, 42.455791], [143.214963, 42.455796], [143.215172, 42.455816], [143.215435, 42.455849], [143.215688, 42.455893], [143.215789, 42.455907], [143.215939, 42.455903], [143.216036, 42.455899]]}, "properties": {"name": "裏の沢", "kind": "国有林の林道"}}, {"type": "Feature", "geometry": {"type": "LineString", "coordinates": [[143.213368, 42.455953], [143.213579, 42.455971], [143.213753, 42.455968]]}, "properties": {"name": "裏の沢", "kind": "国有林の林道"}}, {"type": "Feature", "geometry": {"type": "LineString", "coordinates": [[143.213368, 42.455953], [143.213357, 42.455785], [143.213353, 42.455663], [143.213379, 42.455626], [143.213408, 42.45558], [143.213434, 42.45548], [143.21344, 42.455412], [143.213487, 42.455327], [143.213532, 42.455257], [143.213568, 42.455168], [143.213592, 42.4551], [143.213621, 42.455002], [143.213644, 42.45486], [143.213662, 42.454783], [143.213689, 42.454656], [143.213717, 42.454558], [143.213751, 42.454455], [143.213799, 42.454266], [143.213816, 42.454178], [143.213819, 42.454131]]}, "properties": {"name": "名称不明", "kind": "国有林の林道"}}, {"type": "Feature", "geometry": {"type": "LineString", "coordinates": [[143.187274, 42.440824], [143.187379, 42.44091], [143.18773, 42.441203], [143.188438, 42.441202], [143.188764, 42.44119], [143.188859, 42.441207], [143.189606, 42.441402], [143.189968, 42.441725], [143.190778, 42.441881], [143.191078, 42.441948], [143.191231, 42.44203], [143.191402, 42.44214], [143.191672, 42.442187], [143.192398, 42.442252], [143.192896, 42.442311], [143.193201, 42.442354], [143.193753, 42.442461], [143.193927, 42.442683], [143.194119, 42.442901], [143.194211, 42.44305], [143.194239, 42.443208], [143.194263, 42.443268], [143.194417, 42.443366], [143.194711, 42.44348], [143.194971, 42.443519], [143.195992, 42.443583], [143.196777, 42.443621], [143.197253, 42.44365], [143.197887, 42.443578], [143.198385, 42.443653], [143.198997, 42.443766], [143.199177, 42.443783], [143.199368, 42.443747], [143.199618, 42.443685], [143.200125, 42.443707], [143.200327, 42.443784], [143.200508, 42.443873], [143.200948, 42.444094], [143.201385, 42.444323], [143.201871, 42.444604], [143.202313, 42.444901], [143.202601, 42.445083], [143.202781, 42.445178], [143.203088, 42.445261], [143.20338, 42.445289], [143.203644, 42.445303], [143.204157, 42.445287], [143.204619, 42.44525], [143.205152, 42.445317], [143.205657, 42.445395], [143.206137, 42.445487], [143.206686, 42.445658], [143.206918, 42.44573], [143.207532, 42.445797], [143.207764, 42.445838], [143.208212, 42.446062], [143.208298, 42.446108], [143.208672, 42.446298], [143.20894, 42.446435], [143.209016, 42.446515], [143.209048, 42.446659], [143.209007, 42.446825], [143.208869, 42.447194], [143.208792, 42.447468], [143.208778, 42.44781], [143.208832, 42.447874], [143.209566, 42.448009], [143.209735, 42.448086], [143.20998, 42.448118], [143.21008, 42.448121], [143.210291, 42.448123], [143.210575, 42.448145], [143.211161, 42.448329], [143.211727, 42.448396]]}, "properties": {"name": "紋別川連絡", "kind": "国有林の林道"}}, {"type": "Feature", "geometry": {"type": "LineString", "coordinates": [[143.204158, 42.452168], [143.203863, 42.452202], [143.203642, 42.452226], [143.203537, 42.452254], [143.203445, 42.452303], [143.203302, 42.452453], [143.20302, 42.452774], [143.202827, 42.452894], [143.202522, 42.453031], [143.202361, 42.453122], [143.202062, 42.453242], [143.201763, 42.453331], [143.201423, 42.453431], [143.20117, 42.453514], [143.20107, 42.453579], [143.200805, 42.453827], [143.200583, 42.454028], [143.200143, 42.454418], [143.20002, 42.454533], [143.19988, 42.454637], [143.199721, 42.454738], [143.19904, 42.45502], [143.198694, 42.455187], [143.198567, 42.455282], [143.198211, 42.455539], [143.197889, 42.455758], [143.197778, 42.455838], [143.197477, 42.456076], [143.197188, 42.456301], [143.196949, 42.456494], [143.196724, 42.456725], [143.196534, 42.457221], [143.196369, 42.457636], [143.19624, 42.457946], [143.196046, 42.458231], [143.195944, 42.458381], [143.195791, 42.458611], [143.195686, 42.458773], [143.195574, 42.458889], [143.195476, 42.458957], [143.195298, 42.459031], [143.195022, 42.459185], [143.194872, 42.459288], [143.194535, 42.459594], [143.194241, 42.459858], [143.194016, 42.460086], [143.193779, 42.460339], [143.193481, 42.460624], [143.193326, 42.460743]]}, "properties": {"name": "館山", "kind": "国有林の林道"}}, {"type": "Feature", "geometry": {"type": "LineString", "coordinates": [[143.172074, 42.443118], [143.171897, 42.443252], [143.171709, 42.443361], [143.171615, 42.443439], [143.171553, 42.443514], [143.171526, 42.443607], [143.171465, 42.443704], [143.17137, 42.443855], [143.17129, 42.444], [143.171185, 42.444232]]}, "properties": {"name": "紋別川第２支線", "kind": "国有林の林道"}}, {"type": "Feature", "geometry": {"type": "LineString", "coordinates": [[143.163761, 42.436276], [143.163803, 42.436271], [143.1639, 42.436264], [143.164015, 42.43628], [143.164051, 42.43632], [143.164104, 42.436532], [143.164151, 42.436591], [143.164219, 42.436597], [143.164307, 42.436601], [143.164394, 42.43664], [143.164607, 42.436774], [143.165075, 42.437004], [143.165485, 42.437228], [143.165686, 42.437315], [143.165901, 42.437376], [143.166074, 42.437386], [143.166212, 42.437399], [143.166479, 42.437446], [143.166749, 42.437502], [143.16688, 42.437644], [143.167037, 42.437816], [143.16759, 42.438094], [143.167926, 42.438322], [143.168239, 42.438559], [143.168393, 42.438649], [143.168651, 42.43873], [143.169132, 42.438839], [143.169447, 42.438906], [143.169664, 42.438986], [143.169892, 42.439112], [143.170398, 42.439282], [143.170681, 42.439352], [143.170902, 42.439377], [143.171189, 42.439356], [143.171532, 42.439319], [143.171975, 42.439255], [143.172323, 42.439176], [143.172576, 42.439067], [143.172742, 42.43892], [143.172784, 42.438773], [143.172776, 42.438586], [143.172815, 42.438495], [143.172871, 42.438453], [143.173049, 42.438422], [143.17328, 42.438444], [143.173535, 42.438504], [143.173814, 42.438618], [143.173926, 42.438701], [143.173986, 42.438881], [143.17407, 42.439165], [143.174116, 42.439328], [143.174228, 42.439409], [143.174645, 42.439639], [143.174799, 42.439711], [143.175307, 42.439756], [143.175926, 42.439771], [143.176385, 42.439706], [143.176504, 42.439667], [143.176707, 42.43953], [143.176951, 42.439304], [143.177058, 42.439247], [143.177294, 42.43926], [143.177456, 42.439284], [143.177817, 42.439501], [143.178069, 42.439635], [143.17881, 42.439693], [143.179332, 42.439731], [143.180099, 42.439533], [143.180406, 42.43944], [143.180655, 42.439547], [143.181315, 42.439729], [143.18176, 42.439814], [143.182405, 42.439886], [143.182847, 42.439936], [143.183298, 42.43999], [143.183828, 42.440066], [143.184241, 42.4401], [143.184513, 42.440125], [143.184725, 42.440186], [143.184995, 42.440261], [143.185577, 42.440426], [143.186086, 42.440569], [143.186295, 42.440605], [143.186566, 42.440607], [143.186936, 42.440565], [143.187074, 42.440663], [143.187274, 42.440824]]}, "properties": {"name": "紋別川連絡", "kind": "国有林の林道"}}, {"type": "Feature", "geometry": {"type": "LineString", "coordinates": [[143.166182, 42.439824], [143.166027, 42.440141], [143.16597, 42.440234], [143.165845, 42.44032], [143.16558, 42.440464], [143.165425, 42.440526], [143.164895, 42.440665], [143.164589, 42.440763], [143.164442, 42.440832], [143.164169, 42.441246], [143.164077, 42.441412], [143.163931, 42.441768], [143.16387, 42.441912], [143.163838, 42.44198], [143.163717, 42.442118], [143.163608, 42.442283], [143.163462, 42.442532], [143.163428, 42.442669], [143.163404, 42.442909], [143.163371, 42.442982], [143.163241, 42.443229], [143.162972, 42.443756], [143.163081, 42.44437], [143.162887, 42.444693], [143.162831, 42.445105], [143.16248, 42.445542], [143.162432, 42.445736], [143.162445, 42.445846], [143.162424, 42.446055], [143.162332, 42.446421], [143.162227, 42.446804], [143.162106, 42.447127], [143.162149, 42.44764], [143.162068, 42.44777], [143.161734, 42.448226], [143.16146, 42.448603], [143.161232, 42.4489], [143.160844, 42.449094], [143.160391, 42.44935], [143.160125, 42.449418], [143.15987, 42.449471], [143.159611, 42.449645], [143.159605, 42.449901], [143.159628, 42.450179], [143.159501, 42.45033], [143.159195, 42.450646], [143.158819, 42.451052], [143.158527, 42.451406], [143.158271, 42.451861], [143.158251, 42.451876], [143.157813, 42.452224], [143.157576, 42.452537], [143.157416, 42.452814], [143.157456, 42.453329], [143.157491, 42.453826], [143.157508, 42.453976], [143.157244, 42.454317], [143.15684, 42.454771], [143.156576, 42.455043], [143.15617, 42.455353], [143.155603, 42.455706], [143.155106, 42.455962], [143.154583, 42.456153], [143.154228, 42.45628], [143.154034, 42.456803], [143.153104, 42.457061], [143.152729, 42.457359], [143.152582, 42.457524], [143.152636, 42.45764], [143.152703, 42.457693], [143.153113, 42.457727], [143.15345, 42.45763], [143.154625, 42.45721], [143.15509, 42.457033], [143.155073, 42.456845], [143.155358, 42.456623], [143.155663, 42.456543], [143.155997, 42.45643], [143.156458, 42.456499], [143.156859, 42.456747], [143.156922, 42.45695], [143.15691, 42.457154], [143.156876, 42.45736], [143.156633, 42.457517], [143.156472, 42.45764], [143.156227, 42.457858], [143.156036, 42.458028], [143.156002, 42.458095], [143.156021, 42.458167], [143.156129, 42.458329], [143.15613, 42.458453], [143.156073, 42.458664], [143.156005, 42.458897], [143.155877, 42.459084], [143.155756, 42.459212], [143.15575, 42.459257], [143.155806, 42.459297], [143.156146, 42.459443], [143.156204, 42.45951], [143.156251, 42.459807], [143.156291, 42.45987], [143.156393, 42.459863], [143.156699, 42.459731], [143.15698, 42.459611], [143.157155, 42.459582], [143.157222, 42.459535], [143.157209, 42.459449], [143.157125, 42.459226], [143.157071, 42.459052], [143.157059, 42.45897], [143.15709, 42.458893], [143.157199, 42.45874], [143.157308, 42.458565], [143.157425, 42.458381], [143.157501, 42.458304], [143.157803, 42.458154], [143.15786, 42.45816], [143.157974, 42.458261], [143.158248, 42.458616], [143.15845, 42.458828], [143.158634, 42.458995], [143.158795, 42.459069], [143.159204, 42.459204], [143.159786, 42.459343], [143.160098, 42.459421], [143.160386, 42.459556], [143.160573, 42.459734], [143.160674, 42.459988], [143.160633, 42.46018], [143.16043, 42.460332], [143.160169, 42.460408], [143.159882, 42.4605], [143.159574, 42.46053], [143.15941, 42.460595], [143.159353, 42.460687], [143.159359, 42.460767], [143.159387, 42.46081]]}, "properties": {"name": "紋別川第３支線", "kind": "国有林の林道"}}, {"type": "Feature", "geometry": {"type": "LineString", "coordinates": [[143.163366, 42.439096], [143.163058, 42.439181], [143.162842, 42.439264], [143.162603, 42.439404], [143.162363, 42.439599], [143.162, 42.439859], [143.161727, 42.44005], [143.161261, 42.440306], [143.161029, 42.440411], [143.160684, 42.440536], [143.160383, 42.440634], [143.16031, 42.440708], [143.159966, 42.441144], [143.15992, 42.441199], [143.159888, 42.441288], [143.15959, 42.441392], [143.159535, 42.441431], [143.159317, 42.441855], [143.159211, 42.441978], [143.158956, 42.442209], [143.158888, 42.442337], [143.158802, 42.442583], [143.158682, 42.442894], [143.158603, 42.443023], [143.158521, 42.443108], [143.158183, 42.443392], [143.157714, 42.443758], [143.157359, 42.443995], [143.157197, 42.444286], [143.156981, 42.444599], [143.156886, 42.44464], [143.156242, 42.444818], [143.15585, 42.44496], [143.155778, 42.445079], [143.155623, 42.44538], [143.155537, 42.445422], [143.155208, 42.445448], [143.154688, 42.445566], [143.154259, 42.445652], [143.153991, 42.445652], [143.153528, 42.44557], [143.153175, 42.44551], [143.152943, 42.44551], [143.15268, 42.445527], [143.15242, 42.44558], [143.151984, 42.445712], [143.151934, 42.445727], [143.151449, 42.44578], [143.150993, 42.445853], [143.15044, 42.445794], [143.14979, 42.445896], [143.149375, 42.446082], [143.149162, 42.446402], [143.148972, 42.44669], [143.148802, 42.446886], [143.148451, 42.447209], [143.148314, 42.447219], [143.148129, 42.447192]]}, "properties": {"name": "紋別川", "kind": "国有林の林道"}}, {"type": "Feature", "geometry": {"type": "LineString", "coordinates": [[143.148129, 42.447192], [143.147999, 42.447366], [143.147805, 42.447605], [143.147598, 42.447857], [143.147537, 42.447931], [143.147411, 42.448163], [143.147341, 42.448308], [143.147296, 42.448412], [143.147195, 42.44852], [143.146978, 42.448732], [143.146731, 42.448997], [143.14651, 42.449238], [143.146271, 42.449501], [143.145938, 42.449732], [143.145881, 42.450027], [143.145866, 42.450393], [143.145856, 42.450512], [143.145645, 42.450692], [143.145257, 42.450993], [143.144872, 42.451299], [143.144486, 42.4516], [143.144291, 42.451757], [143.144096, 42.452117], [143.143922, 42.45242], [143.143754, 42.452709], [143.143601, 42.452984], [143.143425, 42.453306], [143.143256, 42.453604], [143.142789, 42.45371], [143.1424, 42.453788], [143.141909, 42.453742], [143.141357, 42.453663], [143.141045, 42.453619], [143.140401, 42.453821]]}, "properties": {"name": "紋別昭徳連絡", "kind": "国有林の林道"}}, {"type": "Feature", "geometry": {"type": "LineString", "coordinates": [[143.140401, 42.453821], [143.139574, 42.454073], [143.139036, 42.454244], [143.138482, 42.454413], [143.13813, 42.454254], [143.137767, 42.454088], [143.137458, 42.45396], [143.136952, 42.453741], [143.136175, 42.453594], [143.135441, 42.45346], [143.134675, 42.453313], [143.134349, 42.453112], [143.133885, 42.452815], [143.133514, 42.452582], [143.133251, 42.452418], [143.133031, 42.45228], [143.132966, 42.452207], [143.132862, 42.452011], [143.132813, 42.451925], [143.132509, 42.451493], [143.132305, 42.451434], [143.131168, 42.451605], [143.130583, 42.45148], [143.130252, 42.451124], [143.12986, 42.451088], [143.129812, 42.451069], [143.129549, 42.450882], [143.129419, 42.450778], [143.129235, 42.450632], [143.128717, 42.450668], [143.128467, 42.450687], [143.128225, 42.450702], [143.127799, 42.450721], [143.127345, 42.450736], [143.126964, 42.45096], [143.126941, 42.451028], [143.126845, 42.451311], [143.126737, 42.451642], [143.126697, 42.45181], [143.126378, 42.45207], [143.125974, 42.452367], [143.125751, 42.452517], [143.125309, 42.452609], [143.124893, 42.453044], [143.124566, 42.45327], [143.124423, 42.453369]]}, "properties": {"name": "紋別昭徳連絡", "kind": "国有林の林道"}}, {"type": "Feature", "geometry": {"type": "LineString", "coordinates": [[143.148129, 42.447192], [143.147898, 42.447122], [143.147272, 42.446962], [143.14748, 42.446611], [143.147636, 42.446368], [143.147933, 42.445921], [143.148219, 42.445477], [143.14843, 42.445132], [143.148513, 42.444957], [143.148352, 42.44458], [143.148286, 42.444494], [143.147809, 42.444214], [143.147358, 42.443897], [143.147229, 42.443599], [143.14718, 42.443524], [143.146641, 42.443252], [143.146316, 42.44305], [143.145735, 42.442949], [143.14479, 42.442737], [143.14451, 42.442472], [143.144091, 42.442083], [143.143764, 42.441767], [143.143318, 42.441351], [143.142282, 42.441317], [143.141738, 42.441309], [143.14123, 42.440793], [143.141155, 42.440709], [143.140912, 42.440556], [143.140312, 42.440175], [143.139849, 42.439895], [143.139127, 42.439441], [143.138893, 42.43929], [143.138317, 42.43924], [143.137719, 42.439299], [143.136718, 42.439416], [143.136316, 42.43946], [143.135812, 42.439303], [143.135595, 42.439239], [143.134684, 42.439005], [143.133734, 42.438763], [143.13299, 42.43856], [143.132251, 42.438372], [143.131928, 42.438289], [143.131089, 42.437958], [143.130709, 42.43781], [143.130199, 42.43765], [143.129764, 42.437285], [143.129364, 42.436971], [143.128737, 42.43679], [143.12785, 42.436553], [143.127048, 42.43633], [143.126106, 42.436068], [143.125721, 42.435959], [143.125348, 42.435618], [143.125006, 42.435282], [143.124694, 42.434983], [143.123926, 42.434778], [143.122903, 42.434509], [143.122683, 42.434438], [143.122557, 42.434384], [143.122054, 42.434105], [143.12183, 42.433978], [143.121023, 42.43395], [143.120054, 42.434041], [143.119081, 42.434136], [143.118491, 42.43419], [143.117572, 42.434175], [143.116674, 42.434174], [143.115707, 42.434168], [143.114665, 42.43416], [143.113692, 42.434141], [143.113194, 42.434139], [143.112538, 42.433979], [143.111743, 42.433781], [143.111196, 42.43365], [143.110323, 42.43343], [143.109498, 42.433448], [143.109291, 42.433452], [143.108809, 42.433253], [143.108522, 42.433153], [143.107727, 42.433148]]}, "properties": {"name": "紋別川", "kind": "国有林の林道"}}, {"type": "Feature", "geometry": {"type": "LineString", "coordinates": [[143.13531, 42.422652], [143.135541, 42.42279], [143.136026, 42.423104], [143.136467, 42.423404], [143.136853, 42.423637], [143.137046, 42.423706], [143.137744, 42.423939], [143.138398, 42.424193], [143.13909, 42.424468], [143.139242, 42.424513], [143.139515, 42.42452], [143.140266, 42.424542], [143.140468, 42.424598], [143.14113, 42.424858], [143.141828, 42.425095], [143.142043, 42.42515], [143.14222, 42.42515], [143.142701, 42.425075], [143.143199, 42.424999], [143.143644, 42.425019], [143.144024, 42.425064], [143.144277, 42.425094], [143.144408, 42.425141], [143.144743, 42.425355], [143.145119, 42.425561], [143.145462, 42.425754], [143.145734, 42.425962], [143.145989, 42.426201], [143.146307, 42.426527], [143.146586, 42.426844], [143.146715, 42.427079], [143.146845, 42.42742], [143.146939, 42.427729], [143.147095, 42.428066], [143.147137, 42.428139], [143.147265, 42.428182], [143.148065, 42.428439], [143.14893, 42.428707], [143.149708, 42.428944], [143.150385, 42.429165], [143.150765, 42.429433], [143.151159, 42.429731], [143.151203, 42.42978], [143.15131, 42.429964], [143.151631, 42.430541], [143.151764, 42.43078], [143.151809, 42.430806], [143.152158, 42.431015], [143.152239, 42.43106], [143.152599, 42.431263], [143.152959, 42.431485], [143.153304, 42.431736], [143.153821, 42.432086], [143.154366, 42.432468], [143.154564, 42.432582], [143.154888, 42.43272], [143.154964, 42.432775], [143.155071, 42.432891], [143.15561, 42.433221], [143.156257, 42.433598], [143.156454, 42.433692], [143.156732, 42.433774], [143.157082, 42.433865], [143.157285, 42.433932], [143.157408, 42.434064], [143.157611, 42.434278], [143.157946, 42.4345], [143.158219, 42.434646], [143.158612, 42.434802], [143.159057, 42.434959], [143.159261, 42.435078], [143.15957, 42.435288], [143.159786, 42.435429], [143.160283, 42.435792], [143.160382, 42.435956], [143.160512, 42.436257], [143.160601, 42.436452], [143.160723, 42.436604], [143.160872, 42.436681], [143.161149, 42.436734], [143.161536, 42.436752], [143.161808, 42.436771], [143.161981, 42.436745], [143.1623, 42.436607], [143.162568, 42.436472], [143.162759, 42.436377], [143.16283, 42.436343], [143.162897, 42.436351], [143.163216, 42.436361], [143.163461, 42.436336], [143.163761, 42.436276]]}, "properties": {"name": "紋別川連絡", "kind": "国有林の林道"}}, {"type": "Feature", "geometry": {"type": "LineString", "coordinates": [[143.095276, 42.559443], [143.095429, 42.559631], [143.095566, 42.55978], [143.095628, 42.559842], [143.095642, 42.559958], [143.095651, 42.560092], [143.09564, 42.560134], [143.095583, 42.560189], [143.095492, 42.560261], [143.095415, 42.560298], [143.095321, 42.560307], [143.095174, 42.560306], [143.094889, 42.560304], [143.094806, 42.560327], [143.094787, 42.560588], [143.095169, 42.560608], [143.095274, 42.560614], [143.095391, 42.560621], [143.095472, 42.560627], [143.095532, 42.560632], [143.095528, 42.560689], [143.095518, 42.560743], [143.095504, 42.560843], [143.095484, 42.560903], [143.095459, 42.560957], [143.095389, 42.56103], [143.095325, 42.56108], [143.095292, 42.561126], [143.095223, 42.561188], [143.095157, 42.561265], [143.0951, 42.56133], [143.095042, 42.561434], [143.095039, 42.56157], [143.094986, 42.561709], [143.094891, 42.561831], [143.094844, 42.561904], [143.094734, 42.562004], [143.094568, 42.562097], [143.09434, 42.56223], [143.094178, 42.562324], [143.093985, 42.562419], [143.093803, 42.562534], [143.093682, 42.562648], [143.093164, 42.562838], [143.093047, 42.562874], [143.09294, 42.562907], [143.092551, 42.562812], [143.092406, 42.562677], [143.092209, 42.562531], [143.092109, 42.562467], [143.092015, 42.56243], [143.091935, 42.562407], [143.091834, 42.562391], [143.091466, 42.562395], [143.091263, 42.562402], [143.091177, 42.562396], [143.091084, 42.562359], [143.09084, 42.562232], [143.090695, 42.562136], [143.090647, 42.562073], [143.090533, 42.561841], [143.090421, 42.561655], [143.090326, 42.561596], [143.089533, 42.561197], [143.089445, 42.561182], [143.089097, 42.561257], [143.088948, 42.561292], [143.088588, 42.561327], [143.088217, 42.561327], [143.088222, 42.561474], [143.088515, 42.561473], [143.088926, 42.561653], [143.089111, 42.562045], [143.089255, 42.562338], [143.089388, 42.562619], [143.089425, 42.562717], [143.089441, 42.562794]]}, "properties": {"name": "熊の沢", "kind": "国有林の林道"}}, {"type": "Feature", "geometry": {"type": "LineString", "coordinates": [[143.094415, 42.513214], [143.094452, 42.5131], [143.094483, 42.513024], [143.094573, 42.51293], [143.094763, 42.512862], [143.094885, 42.512843], [143.095084, 42.512829], [143.095353, 42.512779], [143.095535, 42.512766], [143.095722, 42.512785], [143.095897, 42.512811], [143.096048, 42.512857], [143.096313, 42.51294], [143.09654, 42.513005], [143.096933, 42.513157], [143.097175, 42.513265], [143.097398, 42.513382], [143.097647, 42.513568], [143.098098, 42.513866], [143.098488, 42.514099], [143.098698, 42.514212], [143.09898, 42.514362], [143.099173, 42.514503], [143.099361, 42.514649], [143.09955, 42.514776], [143.099746, 42.514971], [143.099831, 42.515212], [143.099974, 42.51543], [143.100169, 42.51564], [143.100394, 42.515817], [143.100599, 42.515951], [143.100728, 42.516034], [143.100808, 42.516059], [143.100972, 42.516065], [143.101161, 42.516024], [143.101347, 42.515953], [143.101482, 42.515872], [143.101604, 42.515775], [143.101681, 42.51572], [143.101726, 42.515711], [143.101769, 42.515713], [143.101811, 42.515749], [143.10181, 42.515794], [143.101758, 42.515897], [143.101671, 42.515997], [143.101496, 42.516182], [143.101324, 42.516342], [143.101235, 42.516462]]}, "properties": {"name": "振別", "kind": "国有林の林道"}}, {"type": "Feature", "geometry": {"type": "LineString", "coordinates": [[143.086138, 42.550985], [143.086682, 42.551414], [143.087251, 42.55181], [143.087823, 42.552239], [143.088384, 42.552673], [143.089153, 42.553194], [143.089788, 42.553626], [143.090199, 42.553878], [143.090842, 42.553864], [143.091544, 42.553866], [143.092292, 42.554002], [143.092909, 42.554259], [143.093395, 42.554429], [143.094617, 42.554899], [143.095067, 42.555155], [143.095267, 42.555295], [143.095494, 42.555454], [143.095775, 42.555643], [143.096419, 42.556081], [143.096979, 42.556457], [143.097423, 42.556744], [143.09777, 42.55697], [143.098249, 42.557122], [143.09856, 42.557138], [143.099122, 42.557145], [143.099841, 42.557164], [143.100175, 42.557174], [143.100414, 42.557112], [143.100656, 42.557043], [143.100847, 42.557], [143.10098, 42.557005], [143.101137, 42.557014], [143.101325, 42.557037], [143.101455, 42.556988], [143.101668, 42.556887], [143.101947, 42.556823], [143.102331, 42.556732], [143.102896, 42.556587], [143.103667, 42.556392], [143.10483, 42.556102], [143.105576, 42.555918], [143.106261, 42.555747], [143.106827, 42.555607], [143.107074, 42.555536], [143.10739, 42.555529], [143.107965, 42.555507], [143.108888, 42.555478], [143.109834, 42.555451], [143.110066, 42.55545], [143.110804, 42.555585], [143.111388, 42.555562], [143.111998, 42.555526], [143.112201, 42.555521], [143.112208, 42.555616], [143.112197, 42.555826], [143.112217, 42.555871], [143.112314, 42.555924], [143.112444, 42.555891], [143.112698, 42.555813], [143.112821, 42.555765], [143.112932, 42.555903], [143.113121, 42.556088], [143.11331, 42.556268], [143.113476, 42.556379], [143.113696, 42.55648], [143.113874, 42.556587], [143.113933, 42.556582], [143.114126, 42.556538], [143.114284, 42.556509], [143.114453, 42.556494], [143.114614, 42.556502], [143.114698, 42.55651], [143.114848, 42.556422], [143.115031, 42.556341], [143.115163, 42.556309], [143.11536, 42.556285], [143.115555, 42.556256], [143.115752, 42.556332], [143.116202, 42.556513], [143.116597, 42.556663], [143.11716, 42.556892], [143.118098, 42.557222], [143.118261, 42.557292], [143.118543, 42.557524], [143.118998, 42.557873], [143.119323, 42.558123], [143.119703, 42.558167], [143.119968, 42.558187], [143.120196, 42.558132], [143.120591, 42.558028], [143.120965, 42.558024], [143.121482, 42.55801], [143.122054, 42.557875], [143.122276, 42.557803], [143.122655, 42.557525], [143.12289, 42.557344], [143.122673, 42.557164], [143.122525, 42.557037], [143.122269, 42.557033], [143.121916, 42.55702], [143.121604, 42.556907], [143.120995, 42.556663], [143.120293, 42.556387], [143.119991, 42.556264], [143.119813, 42.556175], [143.11956, 42.555963], [143.119261, 42.55567], [143.118873, 42.555284], [143.118691, 42.555103], [143.118598, 42.555048], [143.11837, 42.55494], [143.118004, 42.554754], [143.117703, 42.554603], [143.117416, 42.554539], [143.117146, 42.554496], [143.116838, 42.554446], [143.116633, 42.554405], [143.116523, 42.554371], [143.116309, 42.554305], [143.116176, 42.554256], [143.116108, 42.554226], [143.116031, 42.554174], [143.115871, 42.554052], [143.115807, 42.55401], [143.115693, 42.553994], [143.115589, 42.553992], [143.115479, 42.553976], [143.115343, 42.553954], [143.115235, 42.553919], [143.115083, 42.553856], [143.114941, 42.553802], [143.114865, 42.553802], [143.114643, 42.553849], [143.114087, 42.553961], [143.114019, 42.553972], [143.113914, 42.553946], [143.113701, 42.553877], [143.113621, 42.553837], [143.113485, 42.553739], [143.113354, 42.553635], [143.113285, 42.553582], [143.113206, 42.553555], [143.113065, 42.553521], [143.112983, 42.553503], [143.112918, 42.553499], [143.112722, 42.553555], [143.112398, 42.55367], [143.112309, 42.553681], [143.112122, 42.553669], [143.1118, 42.553637], [143.111737, 42.553612], [143.111691, 42.553558], [143.111632, 42.553379], [143.111524, 42.553054], [143.111461, 42.552986], [143.111254, 42.552813], [143.110879, 42.55251], [143.110816, 42.552446], [143.110717, 42.552208], [143.110577, 42.551907], [143.110427, 42.551547], [143.110333, 42.551321], [143.110166, 42.550921], [143.110089, 42.550824], [143.109844, 42.550562], [143.109616, 42.550492], [143.109326, 42.550398], [143.109125, 42.550227], [143.108702, 42.549873], [143.108494, 42.549674], [143.108393, 42.549302], [143.108286, 42.548928], [143.108181, 42.548835], [143.107856, 42.548547], [143.107748, 42.54844], [143.107661, 42.548278], [143.107437, 42.547888], [143.107224, 42.547511], [143.107036, 42.547184], [143.106887, 42.546841], [143.106764, 42.546566], [143.106676, 42.546372], [143.106548, 42.546079], [143.10652, 42.545995], [143.106622, 42.545681], [143.106704, 42.545407], [143.106679, 42.545323], [143.106584, 42.545067], [143.106499, 42.544867], [143.106339, 42.544501], [143.106187, 42.544135], [143.106008, 42.543732], [143.105824, 42.543355], [143.105605, 42.543127], [143.105275, 42.542813], [143.105253, 42.542707], [143.105248, 42.542469], [143.105263, 42.542175], [143.105177, 42.541982], [143.10497, 42.541536], [143.104767, 42.541121], [143.104684, 42.54094], [143.104756, 42.540742], [143.104874, 42.540432], [143.104801, 42.540292], [143.104624, 42.540054], [143.104614, 42.540015], [143.104659, 42.539877], [143.104758, 42.539667], [143.104912, 42.539404], [143.10503, 42.539221]]}, "properties": {"name": "相川支線", "kind": "国有林の林道"}}, {"type": "Feature", "geometry": {"type": "LineString", "coordinates": [[143.11704, 42.542938], [143.117105, 42.54294], [143.117205, 42.542949], [143.117302, 42.542962], [143.117386, 42.542953], [143.117544, 42.542915], [143.11785, 42.542831], [143.117992, 42.542795], [143.118119, 42.542774], [143.118235, 42.542766], [143.118319, 42.542771], [143.118407, 42.542791], [143.118503, 42.542829], [143.118579, 42.542878], [143.118745, 42.543028], [143.118862, 42.54313], [143.118931, 42.543201], [143.119019, 42.54324], [143.11917, 42.543322], [143.119334, 42.543437], [143.119457, 42.543549], [143.119597, 42.543671], [143.119775, 42.543807], [143.120035, 42.543978], [143.120236, 42.544115], [143.120338, 42.544157], [143.120457, 42.544184], [143.120688, 42.544229], [143.121026, 42.544301], [143.121354, 42.544393], [143.121504, 42.544426], [143.121619, 42.544436], [143.121706, 42.544432], [143.121895, 42.54441], [143.122396, 42.544347], [143.122525, 42.544318], [143.12261, 42.544269], [143.122678, 42.544187], [143.122742, 42.544042], [143.122877, 42.543802], [143.122949, 42.543693], [143.123025, 42.543605], [143.123108, 42.543556], [143.123214, 42.543526], [143.123397, 42.543507]]}, "properties": {"name": "相川", "kind": "国有林の林道"}}, {"type": "Feature", "geometry": {"type": "LineString", "coordinates": [[143.112483, 42.543229], [143.112581, 42.543206], [143.112634, 42.543177], [143.112674, 42.543131], [143.112705, 42.543048], [143.112727, 42.542966], [143.112757, 42.54289], [143.112782, 42.542845], [143.112846, 42.542798], [143.112921, 42.542776], [143.113044, 42.542754], [143.113171, 42.542759], [143.113293, 42.542785], [143.113435, 42.542829], [143.11352, 42.542848], [143.113608, 42.542859], [143.113677, 42.542847], [143.113877, 42.542811], [143.113986, 42.542795], [143.114052, 42.542795], [143.114108, 42.542815], [143.11418, 42.542849], [143.114303, 42.542906], [143.114534, 42.54302], [143.114722, 42.543118], [143.114966, 42.543253], [143.11512, 42.543307], [143.115247, 42.543342], [143.115366, 42.54336], [143.115484, 42.543365], [143.115631, 42.543339], [143.115812, 42.543273], [143.115988, 42.543223], [143.116242, 42.543166], [143.116581, 42.543083], [143.116778, 42.543007], [143.116895, 42.542965], [143.116995, 42.542941], [143.11704, 42.542938]]}, "properties": {"name": "相川", "kind": "国有林の林道"}}, {"type": "Feature", "geometry": {"type": "LineString", "coordinates": [[143.10503, 42.539221], [143.105198, 42.539326], [143.105372, 42.539415], [143.105534, 42.53947], [143.105765, 42.539544], [143.105959, 42.539608], [143.106138, 42.539667], [143.106217, 42.539709], [143.106259, 42.539746], [143.106323, 42.53986], [143.106374, 42.540009], [143.10641, 42.540155], [143.106422, 42.540191], [143.106457, 42.540214], [143.106506, 42.540206], [143.106656, 42.540152], [143.106891, 42.540115], [143.107028, 42.540077], [143.107163, 42.540043], [143.10727, 42.540035], [143.107358, 42.54004], [143.107449, 42.540057], [143.107556, 42.540118], [143.107725, 42.540246], [143.107887, 42.540383], [143.108006, 42.540467], [143.108127, 42.540501], [143.108291, 42.540538], [143.108377, 42.540564], [143.108413, 42.540614], [143.108443, 42.540707], [143.10848, 42.54078], [143.108547, 42.540836], [143.108685, 42.540921], [143.108771, 42.540997], [143.108829, 42.541074], [143.108859, 42.541152], [143.108878, 42.541257], [143.108878, 42.54139], [143.108876, 42.541573], [143.108855, 42.541696], [143.108828, 42.541801], [143.108797, 42.541876], [143.108787, 42.541948], [143.108807, 42.542014], [143.108841, 42.542057], [143.108915, 42.542114], [143.10899, 42.542147], [143.109063, 42.542166], [143.109212, 42.542182], [143.109437, 42.542202], [143.109664, 42.542217], [143.109847, 42.542238], [143.109972, 42.542272], [143.110122, 42.542346], [143.110301, 42.542448], [143.110501, 42.542576], [143.110714, 42.542748], [143.110879, 42.542891], [143.111098, 42.543048], [143.111338, 42.543196], [143.111487, 42.543264], [143.111625, 42.54324], [143.111839, 42.543213], [143.111975, 42.543218], [143.112136, 42.543234], [143.112282, 42.543246], [143.112397, 42.543243], [143.112483, 42.543229]]}, "properties": {"name": "相川", "kind": "国有林の林道"}}, {"type": "Feature", "geometry": {"type": "LineString", "coordinates": [[143.117628, 42.531148], [143.117402, 42.531286], [143.117242, 42.531423], [143.117132, 42.531542], [143.117094, 42.531797], [143.117201, 42.532014], [143.117414, 42.532132], [143.117722, 42.532288], [143.117975, 42.532452], [143.118173, 42.532704], [143.118376, 42.533059], [143.118493, 42.533285], [143.118435, 42.533389], [143.118287, 42.533431], [143.118165, 42.533377], [143.117902, 42.533054], [143.117767, 42.532857], [143.117649, 42.532763], [143.117542, 42.532732], [143.117455, 42.532767], [143.117417, 42.532835], [143.117434, 42.532922], [143.117588, 42.533071], [143.117615, 42.533144], [143.117567, 42.533219], [143.117465, 42.533223], [143.117333, 42.533194], [143.117243, 42.533098], [143.117155, 42.533001], [143.117107, 42.532959], [143.117008, 42.532954], [143.11689, 42.533033], [143.1167, 42.533133], [143.116403, 42.533207], [143.116142, 42.533205], [143.115852, 42.533229], [143.115648, 42.533296], [143.115455, 42.533394], [143.115344, 42.533411], [143.115221, 42.533391], [143.115151, 42.533343], [143.11505, 42.533144], [143.114931, 42.533066], [143.114735, 42.533016], [143.11458, 42.533051], [143.114453, 42.533113], [143.114346, 42.533269], [143.114257, 42.533395], [143.114103, 42.533414], [143.113733, 42.533418], [143.113427, 42.533321], [143.113242, 42.533201], [143.113039, 42.53299], [143.112831, 42.532904], [143.112478, 42.532875], [143.112014, 42.532839], [143.111786, 42.532816], [143.111695, 42.53277], [143.111558, 42.5325], [143.111448, 42.532275], [143.111232, 42.532155], [143.110954, 42.532048]]}, "properties": {"name": "５５林班", "kind": "国有林の林道"}}, {"type": "Feature", "geometry": {"type": "LineString", "coordinates": [[143.10503, 42.539221], [143.104949, 42.539147], [143.104923, 42.539047], [143.104873, 42.538929], [143.10481, 42.538855], [143.104692, 42.538792], [143.104464, 42.538684], [143.104318, 42.5386], [143.104192, 42.538478], [143.104045, 42.538375], [143.104005, 42.538346], [143.103816, 42.538292], [143.103418, 42.538285], [143.103119, 42.538198], [143.102974, 42.538128], [143.102755, 42.537882], [143.102631, 42.537794], [143.102325, 42.537647], [143.101905, 42.537505], [143.101082, 42.537208], [143.100509, 42.53702], [143.100343, 42.536988], [143.100153, 42.536935], [143.099896, 42.536761], [143.099644, 42.536531], [143.099423, 42.536408], [143.09927, 42.536356], [143.098776, 42.536258], [143.098457, 42.536192], [143.09819, 42.536093], [143.097819, 42.535966], [143.097593, 42.535871], [143.097119, 42.535602], [143.096954, 42.535495], [143.096579, 42.535158], [143.096386, 42.535048], [143.096192, 42.534974], [143.095719, 42.534866], [143.095643, 42.53486], [143.095617, 42.534858], [143.095376, 42.534922], [143.095305, 42.534958], [143.095133, 42.535162], [143.09501, 42.535314], [143.094902, 42.535552], [143.094825, 42.535744], [143.094661, 42.53591], [143.094279, 42.535998], [143.094005, 42.535954], [143.093589, 42.53576], [143.093254, 42.535616], [143.092173, 42.535515], [143.09123, 42.535426], [143.091072, 42.535419], [143.090882, 42.535428], [143.090732, 42.535461], [143.090633, 42.535523], [143.09035, 42.535791], [143.09024, 42.535971], [143.089956, 42.53651], [143.089869, 42.53668], [143.089499, 42.537031], [143.089226, 42.537274], [143.089059, 42.53773], [143.088955, 42.53813], [143.088928, 42.538222], [143.088912, 42.538277], [143.088555, 42.538746], [143.088122, 42.539319], [143.087913, 42.539645], [143.087883, 42.540117]]}, "properties": {"name": "相川支線", "kind": "国有林の林道"}}, {"type": "Feature", "geometry": {"type": "LineString", "coordinates": [[143.093307, 42.519445], [143.093436, 42.519552], [143.093721, 42.51979], [143.094008, 42.520049], [143.094163, 42.520204], [143.094321, 42.520308], [143.094566, 42.520542], [143.094636, 42.520648], [143.09472, 42.520897], [143.094786, 42.521238], [143.09481, 42.521268], [143.094951, 42.5213], [143.095496, 42.521295], [143.095752, 42.52127], [143.095894, 42.521253], [143.096028, 42.521237], [143.096238, 42.521256], [143.096395, 42.521285], [143.096526, 42.521325], [143.096655, 42.521387], [143.096841, 42.521506], [143.097346, 42.521797], [143.097776, 42.522067], [143.098291, 42.522375], [143.098706, 42.522634], [143.099119, 42.522875], [143.099588, 42.523152], [143.099887, 42.523336], [143.100885, 42.523824], [143.101315, 42.524023], [143.101532, 42.524125], [143.101765, 42.524237], [143.101957, 42.524342], [143.102164, 42.524465], [143.102342, 42.524569], [143.10264, 42.524692], [143.102816, 42.524742], [143.103079, 42.524754], [143.103993, 42.524749], [143.104138, 42.52475], [143.104231, 42.524778], [143.104269, 42.524818], [143.104283, 42.524925], [143.104327, 42.525161], [143.10444, 42.525412], [143.104651, 42.5257], [143.104752, 42.525799], [143.104882, 42.525878], [143.105131, 42.52598], [143.10572, 42.526199], [143.106021, 42.526297], [143.106284, 42.526383], [143.106464, 42.526454], [143.106604, 42.526533], [143.106739, 42.526642], [143.106873, 42.526803], [143.107021, 42.527052], [143.107231, 42.527353], [143.107476, 42.527668], [143.107652, 42.527846], [143.107842, 42.528004], [143.107894, 42.528048], [143.108068, 42.528134], [143.10849, 42.528359], [143.108906, 42.528581], [143.109054, 42.528688], [143.109372, 42.528884], [143.109736, 42.529089], [143.110412, 42.529429], [143.110748, 42.529567], [143.111133, 42.529682], [143.111414, 42.529722], [143.111768, 42.529724], [143.111999, 42.529686], [143.112257, 42.529631], [143.112661, 42.529517], [143.112791, 42.529426], [143.112995, 42.529272], [143.113505, 42.528878], [143.114007, 42.52851], [143.114336, 42.52828], [143.114508, 42.528174], [143.114629, 42.52814], [143.11476, 42.528111], [143.114972, 42.528119], [143.11513, 42.528135], [143.115283, 42.528203], [143.115507, 42.528323], [143.115661, 42.528458], [143.115807, 42.528637], [143.116025, 42.528949], [143.116254, 42.529213], [143.116424, 42.529432], [143.11655, 42.529633], [143.116834, 42.530034], [143.117169, 42.530518], [143.11733, 42.530726], [143.117407, 42.530825], [143.117488, 42.530946], [143.117628, 42.531148]]}, "properties": {"name": "中の川", "kind": "国有林の林道"}}, {"type": "Feature", "geometry": {"type": "LineString", "coordinates": [[143.053735, 42.566219], [143.053877, 42.566232], [143.054802, 42.56629], [143.055304, 42.566333], [143.05542, 42.566314], [143.055568, 42.56625], [143.055841, 42.566101], [143.056134, 42.565958], [143.056286, 42.565879], [143.05625, 42.56581], [143.056143, 42.565499], [143.056112, 42.56535], [143.056152, 42.565224], [143.056276, 42.564962], [143.056316, 42.564896], [143.056361, 42.564821], [143.056471, 42.56466], [143.056746, 42.564441], [143.056875, 42.564365], [143.057155, 42.564264], [143.057515, 42.563708], [143.058143, 42.563449], [143.058411, 42.563345], [143.058597, 42.563281], [143.059151, 42.562912], [143.059666, 42.562564], [143.060016, 42.562346], [143.06016, 42.562292], [143.060577, 42.562233], [143.060745, 42.562246], [143.061763, 42.562314], [143.062348, 42.562339], [143.062624, 42.562337], [143.063658, 42.562282], [143.06374, 42.562236], [143.06379, 42.562004], [143.063823, 42.561849], [143.063859, 42.5618], [143.064212, 42.561704], [143.064621, 42.5616], [143.065246, 42.561431], [143.065649, 42.561235], [143.066165, 42.561031], [143.066204, 42.56103], [143.06631, 42.561117], [143.06665, 42.561424], [143.067261, 42.561713], [143.067408, 42.561789], [143.067463, 42.561852], [143.067555, 42.561969], [143.067793, 42.562257], [143.068166, 42.562434], [143.068912, 42.562762], [143.069208, 42.562607], [143.069411, 42.562494], [143.069464, 42.562435], [143.069469, 42.562368], [143.069416, 42.56223], [143.069315, 42.561996], [143.069297, 42.561863], [143.069412, 42.561784], [143.0696, 42.561626], [143.069777, 42.561257], [143.0701, 42.561126], [143.070261, 42.561123], [143.070347, 42.561134], [143.070578, 42.56124], [143.070772, 42.561344], [143.070896, 42.561429], [143.070949, 42.561588], [143.071038, 42.561795], [143.071368, 42.562067], [143.071465, 42.562131], [143.071683, 42.562151], [143.071769, 42.562141], [143.072243, 42.561894], [143.072423, 42.56182], [143.072806, 42.561863], [143.07304, 42.5619], [143.073261, 42.561927], [143.073558, 42.561908], [143.073739, 42.561871], [143.073941, 42.561808], [143.074448, 42.561664], [143.074594, 42.561649], [143.074985, 42.56165], [143.075391, 42.561625], [143.075597, 42.561595], [143.075874, 42.561546], [143.076138, 42.561524], [143.076283, 42.561524], [143.076424, 42.561569], [143.076632, 42.561645], [143.076771, 42.561691], [143.076844, 42.561695], [143.077148, 42.56163], [143.077674, 42.561511], [143.077841, 42.561483], [143.078017, 42.561476], [143.078249, 42.561491], [143.078564, 42.561567], [143.078883, 42.561667], [143.079382, 42.561831], [143.079936, 42.561996], [143.080103, 42.562025], [143.080828, 42.561845], [143.081179, 42.561813], [143.081469, 42.561811], [143.081575, 42.561832], [143.082363, 42.56194], [143.08245, 42.561961], [143.082957, 42.562307], [143.083029, 42.56235], [143.083111, 42.562365], [143.083196, 42.562325], [143.083261, 42.562237], [143.083529, 42.561805], [143.083665, 42.561611], [143.084277, 42.561665], [143.084795, 42.561157], [143.085067, 42.560889], [143.08531, 42.560635], [143.085534, 42.560425], [143.085698, 42.560235], [143.085743, 42.560178], [143.085761, 42.560125], [143.085762, 42.560077], [143.08574, 42.560038], [143.08569, 42.559987], [143.08566, 42.559899], [143.085673, 42.559774], [143.08571, 42.559679], [143.085763, 42.559639], [143.085929, 42.559561], [143.086007, 42.559491], [143.08613, 42.559358], [143.086273, 42.559278], [143.086363, 42.559267], [143.086461, 42.559255], [143.086822, 42.559233], [143.086966, 42.559083], [143.08713, 42.558883], [143.087412, 42.558591], [143.087748, 42.558493], [143.087977, 42.558417], [143.088147, 42.558249], [143.088309, 42.558104], [143.088358, 42.557915], [143.088552, 42.557809], [143.088736, 42.557731], [143.088864, 42.557612], [143.089056, 42.557407]]}, "properties": {"name": "ひょうたん沢", "kind": "国有林の林道"}}, {"type": "Feature", "geometry": {"type": "LineString", "coordinates": [[143.070347, 42.545853], [143.070702, 42.545901], [143.071071, 42.545997], [143.071414, 42.546132], [143.071656, 42.546249], [143.071791, 42.546348], [143.071851, 42.546467], [143.071824, 42.546614], [143.071723, 42.546796], [143.071713, 42.546961], [143.0718, 42.547138], [143.071896, 42.547226], [143.071973, 42.547243], [143.072102, 42.547236], [143.072301, 42.547246], [143.072462, 42.547258], [143.072639, 42.547293], [143.072799, 42.547349], [143.072868, 42.547394], [143.072929, 42.547469], [143.072949, 42.547552], [143.072895, 42.547608], [143.072811, 42.547628], [143.072696, 42.547629], [143.072522, 42.547594], [143.072334, 42.547551], [143.072187, 42.547536], [143.072086, 42.547543], [143.072012, 42.547586], [143.071953, 42.547735], [143.071828, 42.548054], [143.071809, 42.548188], [143.071859, 42.548299], [143.072014, 42.548396], [143.072229, 42.548484], [143.072579, 42.548611], [143.072881, 42.548733], [143.07313, 42.548854], [143.073364, 42.549022], [143.07363, 42.5492], [143.073869, 42.549324], [143.07408, 42.549419], [143.074254, 42.549485], [143.074445, 42.549539], [143.074625, 42.549571], [143.074863, 42.549597], [143.07532, 42.549599], [143.075785, 42.549599], [143.076085, 42.549584], [143.076439, 42.549531], [143.076656, 42.549491], [143.076898, 42.549455], [143.077045, 42.549452], [143.077219, 42.549471], [143.077393, 42.549522], [143.077527, 42.549611], [143.077585, 42.549728], [143.077586, 42.549819], [143.077518, 42.549944], [143.077412, 42.550007], [143.07724, 42.550032], [143.07703, 42.55004], [143.076786, 42.550066], [143.076474, 42.550099], [143.076309, 42.550138], [143.076171, 42.550248], [143.076095, 42.550381], [143.076049, 42.55061], [143.075982, 42.551005], [143.075965, 42.551144], [143.075997, 42.551299], [143.076125, 42.551385]]}, "properties": {"name": "歴舟川支流", "kind": "国有林の林道"}}, {"type": "Feature", "geometry": {"type": "LineString", "coordinates": [[143.070347, 42.545853], [143.069574, 42.545846], [143.069096, 42.545813], [143.068754, 42.545768], [143.068497, 42.545714], [143.068355, 42.54565], [143.068052, 42.545426], [143.067646, 42.545083], [143.06742, 42.544862], [143.067314, 42.544719], [143.067145, 42.544413], [143.067009, 42.544287], [143.06684, 42.544169], [143.066681, 42.544063], [143.066448, 42.543943], [143.066178, 42.543829], [143.065879, 42.54372], [143.06553, 42.543618], [143.065322, 42.543565], [143.065172, 42.543554], [143.065029, 42.543545], [143.064925, 42.543557], [143.064733, 42.543595], [143.064587, 42.543624], [143.064411, 42.54363], [143.064234, 42.543636], [143.064089, 42.543654], [143.063989, 42.543688], [143.063891, 42.543776], [143.063805, 42.543826], [143.063677, 42.543836], [143.063405, 42.54382], [143.063244, 42.543828], [143.063097, 42.543837], [143.062942, 42.543837], [143.062811, 42.54382], [143.062684, 42.543801], [143.062548, 42.543763], [143.062463, 42.543746], [143.062305, 42.543714], [143.062149, 42.543714], [143.061942, 42.543704], [143.061843, 42.543694], [143.061744, 42.543656], [143.061623, 42.543568], [143.061436, 42.543419], [143.061282, 42.543322], [143.061005, 42.543181], [143.060745, 42.543064], [143.060428, 42.542961], [143.060086, 42.542874], [143.059732, 42.542811], [143.05947, 42.54274], [143.059251, 42.542621], [143.059025, 42.542475], [143.058884, 42.542412], [143.058683, 42.542345], [143.05846, 42.542322], [143.058242, 42.542326], [143.058092, 42.542316], [143.05779, 42.542255], [143.057502, 42.542192], [143.057043, 42.542078], [143.056796, 42.542025], [143.056556, 42.541989], [143.056134, 42.541951], [143.055391, 42.541903], [143.0551, 42.541879], [143.054742, 42.541854], [143.054411, 42.541827], [143.054256, 42.541788], [143.054083, 42.541714], [143.053849, 42.54163], [143.053529, 42.541556], [143.05338, 42.541535]]}, "properties": {"name": "歴舟川支流", "kind": "国有林の林道"}}, {"type": "Feature", "geometry": {"type": "LineString", "coordinates": [[143.133907, 42.509101], [143.133556, 42.50892], [143.133231, 42.508718], [143.132929, 42.508544], [143.132682, 42.508392], [143.13244, 42.508198], [143.13227, 42.508039], [143.131833, 42.507891], [143.131418, 42.508034], [143.130589, 42.507889], [143.12968, 42.507531], [143.129121, 42.507623], [143.128393, 42.507493], [143.128023, 42.507268], [143.127895, 42.506985], [143.127781, 42.506946], [143.12757, 42.506931], [143.127155, 42.506914], [143.126858, 42.506915], [143.126407, 42.506589], [143.125986, 42.506296], [143.125762, 42.506145], [143.125444, 42.505839], [143.125073, 42.505467], [143.124602, 42.505007], [143.12345, 42.504707], [143.122787, 42.504518], [143.122343, 42.504593], [143.120357, 42.50418], [143.119383, 42.504606], [143.118619, 42.504384], [143.117298, 42.5044], [143.116811, 42.504197], [143.115485, 42.503704], [143.115104, 42.503753], [143.114831, 42.503815], [143.114283, 42.503973], [143.113673, 42.503822], [143.113056, 42.504065], [143.112276, 42.503588], [143.111029, 42.503543], [143.110661, 42.503325], [143.110372, 42.503135], [143.110158, 42.503064], [143.109622, 42.502903], [143.109272, 42.503004], [143.108816, 42.502933], [143.108358, 42.502986], [143.108017, 42.502557], [143.10734, 42.502379], [143.106757, 42.501962], [143.106562, 42.501569]]}, "properties": {"name": "住吉２の沢", "kind": "国有林の林道"}}, {"type": "Feature", "geometry": {"type": "LineString", "coordinates": [[143.094415, 42.513214], [143.094482, 42.513294], [143.094529, 42.513399], [143.094523, 42.513476], [143.094477, 42.513567], [143.094377, 42.513617], [143.094292, 42.513648], [143.094076, 42.513688], [143.093831, 42.513729], [143.093505, 42.513754], [143.092854, 42.513798], [143.092486, 42.51384], [143.091936, 42.513906], [143.091632, 42.51393], [143.091352, 42.513861], [143.091095, 42.513764], [143.090919, 42.51367], [143.090797, 42.513636], [143.090658, 42.513655], [143.090563, 42.513727], [143.0905, 42.513837], [143.09052, 42.513895], [143.09063, 42.514009], [143.090907, 42.51418], [143.091084, 42.514314], [143.091178, 42.514364], [143.091451, 42.51446], [143.091566, 42.514538], [143.091651, 42.514609], [143.091755, 42.5147], [143.091808, 42.514766], [143.091867, 42.514898], [143.091874, 42.514977], [143.091824, 42.515061], [143.091676, 42.515284], [143.091476, 42.515496], [143.091306, 42.515688], [143.091182, 42.515881], [143.091038, 42.516142], [143.090883, 42.516406]]}, "properties": {"name": "中の川", "kind": "国有林の林道"}}, {"type": "Feature", "geometry": {"type": "LineString", "coordinates": [[143.120666, 42.49333], [143.120378, 42.493203], [143.120285, 42.493155], [143.119711, 42.492757], [143.119325, 42.492476], [143.119191, 42.492442], [143.118625, 42.492321], [143.118179, 42.492212], [143.117677, 42.491739], [143.117608, 42.491678], [143.116957, 42.491702], [143.116674, 42.491745], [143.116141, 42.491836], [143.116009, 42.491867], [143.115729, 42.492024], [143.115324, 42.492232], [143.114978, 42.492421], [143.114108, 42.49252], [143.113614, 42.492572], [143.113199, 42.492435], [143.112927, 42.492474], [143.111958, 42.492173], [143.111737, 42.492094], [143.111477, 42.491978], [143.111259, 42.491885], [143.110743, 42.491931], [143.109849, 42.492024], [143.109387, 42.492075], [143.108871, 42.492198], [143.108383, 42.492307], [143.10782, 42.492114]]}, "properties": {"name": "住吉", "kind": "国有林の林道"}}, {"type": "Feature", "geometry": {"type": "LineString", "coordinates": [[143.10782, 42.492114], [143.107746, 42.49209], [143.107684, 42.492067]]}, "properties": {"name": "住吉", "kind": "国有林の林道"}}, {"type": "Feature", "geometry": {"type": "LineString", "coordinates": [[143.060747, 42.481926], [143.061217, 42.482145], [143.061252, 42.482148], [143.06152, 42.482066], [143.061758, 42.482047], [143.062406, 42.482011], [143.062645, 42.482008], [143.062849, 42.482048], [143.063092, 42.482117], [143.063501, 42.48229], [143.064026, 42.482544], [143.064293, 42.482639], [143.064975, 42.482697], [143.066179, 42.482427], [143.0674, 42.482487], [143.067786, 42.482519], [143.067845, 42.482474], [143.06859, 42.481573], [143.069227, 42.481903], [143.070324, 42.482506], [143.070367, 42.482529], [143.070465, 42.482529], [143.071797, 42.482577], [143.072526, 42.48261], [143.073309, 42.482631], [143.073621, 42.482675], [143.07423, 42.482741], [143.074308, 42.482744], [143.074709, 42.482622], [143.075614, 42.482323], [143.076371, 42.482072], [143.076767, 42.48191], [143.077579, 42.481528], [143.078493, 42.481501], [143.079575, 42.481452], [143.079624, 42.481459], [143.079969, 42.481556], [143.08043, 42.481695], [143.081003, 42.48187], [143.081082, 42.481889], [143.08208, 42.481891], [143.082287, 42.481917], [143.083348, 42.482124], [143.083593, 42.482157], [143.084309, 42.482213], [143.085331, 42.482313], [143.086038, 42.482406], [143.087282, 42.482243], [143.087323, 42.482244], [143.088143, 42.482622], [143.088617, 42.482854], [143.089037, 42.483059], [143.089642, 42.483354], [143.090297, 42.483659], [143.090798, 42.483902], [143.091043, 42.484024], [143.091127, 42.484053], [143.091476, 42.484162], [143.091661, 42.484233], [143.091828, 42.484296], [143.091978, 42.484361], [143.092248, 42.484349], [143.092761, 42.484305], [143.093367, 42.48425], [143.093488, 42.484238], [143.094269, 42.484068], [143.095087, 42.483929], [143.096049, 42.484028], [143.096578, 42.484074], [143.09675, 42.48409], [143.096929, 42.484107], [143.097216, 42.484123], [143.09756, 42.484136], [143.09782, 42.484143], [143.098185, 42.484168], [143.098371, 42.484169], [143.098483, 42.48416], [143.098548, 42.484113], [143.098613, 42.484007], [143.098693, 42.483825], [143.098773, 42.483658], [143.09886, 42.48347], [143.098911, 42.483392], [143.098987, 42.48334], [143.099221, 42.483425], [143.099544, 42.483539], [143.099853, 42.48366], [143.100034, 42.483675], [143.100399, 42.483624], [143.100909, 42.483442], [143.10159, 42.483146], [143.101957, 42.482948], [143.102187, 42.482898], [143.102648, 42.482861], [143.103028, 42.482803], [143.10346, 42.482704], [143.103962, 42.482587], [143.1044, 42.482458], [143.104785, 42.482342], [143.104867, 42.482381], [143.105024, 42.482487], [143.105413, 42.482788], [143.105618, 42.482956], [143.105814, 42.483015], [143.106001, 42.483011], [143.106375, 42.482961], [143.107009, 42.482849], [143.107253, 42.482715], [143.107706, 42.482482], [143.108003, 42.482321], [143.108352, 42.48207], [143.108593, 42.481919], [143.108836, 42.481866], [143.109065, 42.481856], [143.109397, 42.481844], [143.109729, 42.481859], [143.11009, 42.48199], [143.110546, 42.482181], [143.110969, 42.482347], [143.111493, 42.482556], [143.111892, 42.482708], [143.112302, 42.482871], [143.11244, 42.482882], [143.112825, 42.482853], [143.113521, 42.482815], [143.113743, 42.482768], [143.113956, 42.482697], [143.114172, 42.482664], [143.11448, 42.482654], [143.114727, 42.482673], [143.114802, 42.482646], [143.115017, 42.482477], [143.115233, 42.48236], [143.115414, 42.482298], [143.115594, 42.482276], [143.115746, 42.482297], [143.116111, 42.482409], [143.11627, 42.482528], [143.116385, 42.482678], [143.116612, 42.482906], [143.116715, 42.482989], [143.116797, 42.483], [143.117071, 42.48299], [143.117845, 42.482949], [143.11823, 42.482919], [143.118362, 42.482862], [143.118485, 42.482727], [143.118839, 42.482372], [143.118948, 42.482285], [143.119119, 42.482149], [143.119346, 42.482015], [143.119682, 42.481878], [143.119943, 42.481799], [143.120287, 42.481734], [143.120563, 42.481775], [143.120952, 42.48197], [143.12126, 42.482144], [143.121485, 42.482147], [143.12186, 42.482071], [143.122231, 42.481967], [143.122372, 42.481807], [143.122531, 42.481604], [143.122761, 42.481592], [143.123103, 42.481624], [143.123449, 42.481673], [143.124072, 42.48175], [143.124458, 42.48181], [143.125051, 42.481945], [143.125668, 42.482071], [143.125895, 42.482112], [143.12601, 42.482087], [143.126164, 42.481979], [143.126526, 42.481693], [143.126652, 42.481599], [143.127083, 42.481245], [143.127187, 42.481112], [143.127322, 42.48093], [143.127411, 42.480895], [143.127509, 42.480885], [143.127602, 42.480917], [143.127616, 42.480984], [143.127599, 42.481081], [143.127477, 42.481359], [143.127446, 42.481519], [143.127502, 42.481702], [143.127627, 42.481879], [143.127777, 42.481986], [143.128018, 42.482048], [143.128047, 42.482051]]}, "properties": {"name": "パンケポロナイ", "kind": "国有林の林道"}}, {"type": "Feature", "geometry": {"type": "LineString", "coordinates": [[143.093307, 42.519445], [143.093106, 42.519583], [143.092388, 42.520067], [143.092411, 42.52051], [143.092258, 42.520791], [143.09107, 42.520798], [143.090275, 42.5204], [143.089184, 42.520626], [143.088212, 42.520236], [143.087271, 42.520416], [143.086227, 42.521162], [143.085827, 42.521137], [143.085428, 42.521003], [143.085036, 42.520987], [143.084653, 42.520825], [143.083233, 42.520536], [143.08285, 42.520679], [143.082187, 42.520508], [143.081059, 42.52062], [143.080599, 42.520737], [143.07988, 42.520848], [143.079323, 42.521161], [143.078671, 42.521138], [143.078322, 42.520948], [143.077258, 42.520823], [143.076498, 42.520606], [143.075791, 42.520711], [143.075066, 42.520658], [143.074509, 42.520419], [143.073923, 42.520278], [143.073495, 42.51968], [143.073177, 42.519658], [143.071782, 42.519378]]}, "properties": {"name": "幸徳", "kind": "国有林の林道"}}, {"type": "Feature", "geometry": {"type": "LineString", "coordinates": [[143.090649, 42.517885], [143.090402, 42.517874], [143.089898, 42.517814], [143.089261, 42.517725], [143.088725, 42.517593], [143.087787, 42.517427], [143.086967, 42.517254], [143.086722, 42.517192], [143.086231, 42.516988], [143.085871, 42.516845], [143.085569, 42.516754], [143.085148, 42.516569], [143.084813, 42.516423], [143.083697, 42.516052], [143.083173, 42.515902], [143.082901, 42.515874], [143.082704, 42.515811], [143.082424, 42.5156], [143.082222, 42.515367], [143.082017, 42.515018], [143.081771, 42.514712], [143.081393, 42.514355], [143.081128, 42.514159], [143.080959, 42.514047], [143.080812, 42.513881], [143.080603, 42.513718], [143.080179, 42.513483], [143.079589, 42.51325], [143.078984, 42.513026], [143.078906, 42.512974], [143.078855, 42.512768], [143.078808, 42.512655], [143.07857, 42.512411], [143.078194, 42.512126], [143.077823, 42.511874], [143.077382, 42.511626], [143.076775, 42.511348], [143.076331, 42.511171], [143.076029, 42.511047]]}, "properties": {"name": "中の川", "kind": "国有林の林道"}}, {"type": "Feature", "geometry": {"type": "LineString", "coordinates": [[143.053341, 42.502445], [143.053284, 42.50227], [143.053222, 42.502104], [143.053182, 42.502046], [143.053093, 42.501947], [143.053043, 42.501876], [143.053051, 42.501804], [143.053079, 42.501731], [143.053148, 42.501669], [143.053258, 42.501614], [143.05338, 42.501591], [143.053554, 42.501595], [143.053741, 42.501615], [143.053841, 42.501622], [143.053983, 42.501581], [143.054198, 42.501506], [143.054395, 42.501451], [143.05449, 42.501413], [143.054554, 42.501354], [143.054599, 42.50127], [143.054673, 42.50115], [143.054803, 42.501009], [143.054926, 42.500849], [143.055048, 42.500765], [143.055237, 42.500652], [143.055307, 42.500599], [143.055505, 42.500332], [143.055597, 42.500265], [143.05579, 42.500169], [143.055994, 42.50012], [143.056108, 42.500098], [143.056269, 42.500031], [143.056501, 42.499976], [143.0567, 42.499957], [143.056945, 42.499958], [143.05714, 42.499946], [143.057492, 42.499916], [143.057835, 42.499888], [143.058237, 42.499863], [143.058584, 42.499836], [143.058817, 42.499814], [143.05904, 42.499807], [143.059399, 42.499787], [143.059592, 42.499773], [143.059861, 42.499744], [143.060173, 42.499718], [143.06039, 42.499717], [143.060773, 42.499709], [143.061007, 42.499674], [143.061274, 42.499646], [143.061491, 42.499659], [143.061727, 42.499665], [143.061876, 42.499652], [143.062095, 42.499636], [143.062525, 42.499565], [143.062775, 42.499493], [143.062996, 42.49946], [143.06317, 42.499464], [143.063434, 42.499488], [143.063593, 42.499508], [143.063843, 42.499525], [143.064227, 42.499521], [143.064566, 42.499508], [143.064837, 42.499478], [143.065241, 42.499433], [143.065387, 42.499421], [143.065615, 42.499411], [143.065795, 42.499427], [143.066134, 42.499445], [143.06656, 42.499491], [143.066974, 42.499566], [143.067418, 42.49968], [143.067849, 42.4998], [143.068185, 42.499902], [143.068605, 42.500028], [143.069065, 42.500156], [143.06947, 42.500268], [143.069734, 42.500369], [143.069838, 42.500426], [143.069896, 42.500488], [143.069944, 42.500618], [143.069968, 42.500722], [143.070018, 42.500776], [143.070114, 42.500848], [143.070284, 42.500895], [143.07057, 42.500981], [143.070964, 42.50108], [143.071348, 42.501206], [143.071764, 42.501327], [143.072116, 42.50145], [143.072345, 42.501552], [143.072567, 42.501665], [143.072875, 42.501786], [143.073247, 42.501951], [143.073437, 42.502056], [143.073722, 42.502153], [143.073882, 42.502209], [143.07407, 42.50231], [143.074266, 42.502455], [143.074575, 42.502655], [143.074988, 42.502913], [143.075312, 42.503107], [143.075694, 42.503318], [143.075861, 42.503413], [143.076032, 42.503498], [143.076188, 42.503576], [143.076417, 42.503642], [143.076771, 42.50373], [143.077063, 42.50382], [143.077247, 42.503884], [143.077572, 42.503971], [143.077932, 42.504098], [143.078207, 42.504185], [143.078666, 42.504311], [143.079044, 42.504419], [143.079254, 42.504464], [143.079429, 42.504467], [143.079631, 42.504454], [143.079754, 42.504411], [143.079889, 42.504322], [143.080004, 42.504266], [143.080129, 42.504228], [143.08024, 42.504225], [143.080384, 42.504258], [143.080453, 42.504313], [143.080471, 42.504378], [143.080397, 42.504549], [143.080281, 42.504707], [143.080186, 42.504876], [143.080152, 42.50496], [143.080156, 42.505034], [143.080203, 42.505097], [143.080429, 42.505302], [143.080633, 42.505497], [143.080859, 42.505727], [143.080991, 42.505827], [143.081103, 42.505868], [143.081185, 42.505884], [143.081331, 42.505894], [143.081528, 42.505896], [143.081839, 42.505886], [143.082231, 42.505882], [143.082508, 42.505859], [143.08273, 42.505857], [143.083075, 42.505865], [143.083572, 42.505865], [143.083738, 42.505848], [143.083819, 42.50582], [143.083925, 42.505741], [143.084003, 42.505612], [143.084079, 42.505458], [143.084114, 42.505324], [143.084171, 42.505121], [143.084237, 42.504906], [143.084315, 42.504702], [143.084398, 42.50456], [143.084453, 42.504475], [143.084528, 42.504421], [143.084607, 42.504408], [143.084725, 42.504407], [143.084904, 42.504423], [143.085148, 42.504494], [143.085252, 42.504544], [143.085294, 42.504611], [143.085292, 42.504833], [143.085257, 42.505063], [143.085245, 42.505271], [143.085268, 42.505503], [143.085321, 42.50567], [143.085391, 42.505843], [143.085426, 42.505974], [143.08548, 42.50615], [143.085592, 42.506303], [143.08567, 42.506344], [143.085927, 42.506379], [143.086067, 42.506409], [143.086353, 42.506421], [143.086605, 42.506435], [143.086791, 42.506463], [143.086891, 42.50651], [143.087034, 42.506703], [143.087113, 42.506897], [143.087225, 42.507143], [143.087352, 42.507412], [143.087496, 42.507723], [143.087616, 42.50798], [143.087735, 42.50825], [143.087797, 42.508312], [143.087846, 42.508345], [143.088247, 42.50848], [143.08876, 42.508663], [143.089208, 42.508834], [143.089712, 42.509014], [143.090214, 42.509195], [143.090304, 42.509256], [143.090454, 42.509389], [143.090775, 42.509647], [143.091081, 42.509896], [143.091372, 42.510147], [143.091592, 42.510327], [143.091797, 42.510438], [143.092064, 42.510594], [143.09225, 42.51072], [143.092398, 42.510863], [143.092509, 42.510979], [143.092596, 42.511087], [143.092659, 42.511251], [143.092693, 42.51134], [143.092813, 42.511726], [143.092836, 42.511789], [143.0929, 42.511891], [143.09302, 42.512011], [143.093304, 42.512263], [143.093434, 42.512374], [143.093592, 42.512488], [143.093679, 42.51256], [143.093835, 42.512704], [143.094019, 42.512881], [143.094279, 42.513103], [143.094415, 42.513214]]}, "properties": {"name": "中の川", "kind": "国有林の林道"}}, {"type": "Feature", "geometry": {"type": "LineString", "coordinates": [[143.053341, 42.502445], [143.053411, 42.502372], [143.053591, 42.502194], [143.053764, 42.502089], [143.053881, 42.502051], [143.054074, 42.502062], [143.054494, 42.502107], [143.05494, 42.502159], [143.055055, 42.502169], [143.055145, 42.502137], [143.055312, 42.502024], [143.055479, 42.501913], [143.055685, 42.501784], [143.055907, 42.501649], [143.056105, 42.501537], [143.056266, 42.50148], [143.056553, 42.501376], [143.056878, 42.501273], [143.057029, 42.501285], [143.057403, 42.501344], [143.057897, 42.501409], [143.058384, 42.501488], [143.058785, 42.501531], [143.059102, 42.501578], [143.05926, 42.501654], [143.059498, 42.501787], [143.059759, 42.501912], [143.060105, 42.502097], [143.060516, 42.502298], [143.060687, 42.50239], [143.060762, 42.502387], [143.061203, 42.502305], [143.061674, 42.50223], [143.061791, 42.50224], [143.062123, 42.502409], [143.062195, 42.502434], [143.062333, 42.502391], [143.062345, 42.502319], [143.062344, 42.502131], [143.062315, 42.501903], [143.062311, 42.501812], [143.062374, 42.501793], [143.062549, 42.501745], [143.062891, 42.501735], [143.063241, 42.50171], [143.06336, 42.501666], [143.063731, 42.501531], [143.063925, 42.501472], [143.064016, 42.501473], [143.06434, 42.501492], [143.064527, 42.501503], [143.06472, 42.501469], [143.065091, 42.501413], [143.065495, 42.501352], [143.065871, 42.501319], [143.066161, 42.501288], [143.06631, 42.501269], [143.066561, 42.501303], [143.066828, 42.501345], [143.067294, 42.501418], [143.067592, 42.501433], [143.067927, 42.501452], [143.068476, 42.501487], [143.068784, 42.501623], [143.068911, 42.501697], [143.069219, 42.501979], [143.069386, 42.502112], [143.069532, 42.502209], [143.069704, 42.502307], [143.069965, 42.502449], [143.070321, 42.502607], [143.070679, 42.502777], [143.071103, 42.502945], [143.07148, 42.503065], [143.071932, 42.503218], [143.072256, 42.503322], [143.072681, 42.503537]]}, "properties": {"name": "函の沢支線", "kind": "国有林の林道"}}, {"type": "Feature", "geometry": {"type": "LineString", "coordinates": [[143.053735, 42.566219], [143.05392, 42.565978], [143.054042, 42.565845], [143.054157, 42.565715], [143.054219, 42.565691], [143.054374, 42.565657], [143.054531, 42.565651], [143.054668, 42.56562], [143.054734, 42.565575], [143.054904, 42.565234], [143.05501, 42.564969], [143.05501, 42.564882], [143.055009, 42.564827], [143.054929, 42.564773], [143.054804, 42.564743], [143.054166, 42.564717], [143.054164, 42.564562], [143.054341, 42.564551], [143.05473, 42.56439], [143.05456, 42.564022], [143.054531, 42.563922], [143.054469, 42.563594], [143.054213, 42.563288], [143.053985, 42.562955], [143.05386, 42.562798], [143.053544, 42.562466], [143.053665, 42.562339], [143.05421, 42.562679], [143.054414, 42.562618], [143.054709, 42.562555], [143.054719, 42.56268], [143.054575, 42.562972], [143.054879, 42.563176], [143.055044, 42.563273], [143.055136, 42.56354], [143.055185, 42.563694], [143.055318, 42.563676], [143.055306, 42.563397], [143.055002, 42.563029], [143.054973, 42.562975], [143.054997, 42.56283], [143.05511, 42.562416], [143.055115, 42.562343], [143.055094, 42.561945], [143.055095, 42.561659], [143.055245, 42.561463], [143.055123, 42.561147], [143.054869, 42.561218], [143.054725, 42.561082], [143.05456, 42.560925], [143.054155, 42.560713], [143.054136, 42.560183], [143.054101, 42.560099], [143.053979, 42.560079], [143.0539, 42.560099], [143.053547, 42.560373], [143.053295, 42.560572], [143.052991, 42.560784], [143.052726, 42.560758], [143.052483, 42.560583], [143.051822, 42.560497], [143.051568, 42.56074], [143.050969, 42.560709], [143.050703, 42.560765], [143.050604, 42.560978], [143.050164, 42.56097], [143.049809, 42.561076], [143.049751, 42.561294], [143.049215, 42.561479], [143.048935, 42.561576], [143.049228, 42.561627], [143.049518, 42.56172], [143.049644, 42.561782], [143.049823, 42.562014], [143.049469, 42.562242], [143.048722, 42.562304], [143.048437, 42.562332], [143.04865, 42.562503], [143.048898, 42.562696], [143.049255, 42.562966], [143.049311, 42.563032], [143.049305, 42.563064], [143.049016, 42.563205], [143.048875, 42.563254], [143.048434, 42.563292], [143.048069, 42.563291], [143.047841, 42.563268], [143.04763, 42.563166], [143.047365, 42.56301], [143.04717, 42.562626], [143.046973, 42.562258], [143.046579, 42.562206], [143.046354, 42.562396], [143.046106, 42.562837], [143.045986, 42.56289], [143.045851, 42.562927], [143.045705, 42.562951], [143.045318, 42.563027], [143.044915, 42.563105], [143.044435, 42.563341], [143.043952, 42.563557], [143.043755, 42.563654], [143.043698, 42.563757], [143.043693, 42.563868], [143.043822, 42.564069], [143.044031, 42.564369], [143.043725, 42.564406], [143.043113, 42.564241], [143.042835, 42.564155], [143.042445, 42.564235], [143.042163, 42.564485], [143.041797, 42.564443], [143.041198, 42.564633], [143.040958, 42.564704], [143.040915, 42.564734], [143.040855, 42.564776], [143.040819, 42.564856], [143.040804, 42.564889], [143.040793, 42.564957], [143.040814, 42.565019], [143.040867, 42.565106], [143.04106, 42.565374], [143.041305, 42.565683], [143.04132, 42.565724], [143.041326, 42.565772], [143.041321, 42.565816], [143.041274, 42.56586]]}, "properties": {"name": "ひょうたん連絡右岸", "kind": "国有林の林道"}}, {"type": "Feature", "geometry": {"type": "LineString", "coordinates": [[143.030092, 42.558394], [143.030372, 42.558531], [143.030751, 42.558707], [143.030786, 42.55875], [143.030809, 42.558808], [143.030817, 42.558954], [143.030837, 42.559061], [143.030869, 42.559141], [143.030922, 42.559235], [143.030992, 42.559307], [143.031121, 42.559376], [143.031283, 42.559408], [143.031359, 42.559412], [143.031483, 42.55938], [143.031608, 42.559304], [143.031842, 42.559102], [143.031964, 42.559033], [143.032246, 42.558935], [143.032403, 42.558872], [143.032546, 42.558795], [143.032689, 42.558687], [143.032831, 42.558577], [143.032954, 42.558504], [143.033085, 42.558445], [143.033229, 42.558414], [143.033344, 42.558402], [143.03344, 42.558421], [143.033612, 42.558511], [143.033801, 42.558587], [143.034211, 42.558737], [143.034367, 42.558778], [143.034547, 42.558789], [143.034659, 42.558777], [143.034822, 42.558736], [143.035038, 42.558654], [143.035313, 42.55852], [143.035653, 42.558326], [143.035889, 42.558179], [143.036049, 42.55806], [143.036188, 42.557952], [143.036334, 42.557878], [143.036512, 42.557815], [143.036577, 42.557799], [143.036763, 42.557765], [143.036926, 42.557747], [143.037272, 42.557736], [143.037586, 42.557724], [143.037838, 42.557692], [143.038099, 42.557639], [143.038514, 42.557546], [143.038859, 42.557468], [143.039185, 42.557393], [143.039406, 42.557358], [143.039543, 42.557345], [143.039882, 42.557326], [143.040216, 42.557316], [143.040431, 42.557307], [143.040691, 42.557295], [143.041167, 42.557259], [143.041545, 42.557201], [143.041823, 42.557124], [143.042003, 42.55709], [143.042255, 42.557067], [143.042448, 42.557047], [143.042681, 42.556999], [143.042827, 42.556942], [143.043341, 42.556672], [143.043643, 42.556497], [143.043838, 42.556357], [143.043936, 42.556245], [143.044091, 42.555983], [143.044206, 42.555735], [143.044326, 42.555553], [143.044401, 42.555403], [143.044504, 42.555198], [143.044593, 42.554964], [143.044669, 42.554803], [143.044768, 42.554683], [143.044848, 42.554606], [143.044967, 42.55456], [143.045177, 42.55454], [143.04539, 42.554558], [143.045573, 42.554564], [143.045692, 42.554564], [143.045815, 42.554533], [143.045903, 42.554486], [143.045982, 42.554393], [143.046251, 42.554088], [143.046479, 42.553879], [143.04672, 42.553699], [143.046914, 42.55361], [143.047063, 42.553569], [143.047161, 42.553554], [143.047476, 42.553531], [143.047748, 42.553516], [143.048108, 42.553518], [143.048733, 42.553531], [143.049259, 42.553533], [143.049591, 42.553522], [143.049924, 42.553473], [143.050257, 42.553399], [143.0505, 42.553319], [143.050843, 42.553197], [143.05128, 42.553077], [143.051462, 42.553039], [143.051828, 42.552982], [143.052495, 42.55289], [143.052708, 42.55285], [143.053041, 42.552753], [143.053307, 42.55263], [143.05341, 42.552538], [143.053588, 42.552287], [143.053702, 42.552172], [143.053805, 42.552062], [143.053914, 42.551934], [143.054037, 42.551814], [143.054173, 42.551732], [143.054418, 42.551621], [143.054614, 42.55154], [143.054748, 42.551469], [143.054805, 42.551385], [143.054873, 42.551289], [143.054948, 42.551211], [143.055075, 42.55114], [143.055378, 42.550997], [143.055981, 42.550708], [143.056238, 42.550589], [143.056861, 42.550365], [143.057369, 42.550169], [143.057975, 42.549932], [143.058406, 42.549763], [143.058653, 42.549608], [143.058852, 42.549498], [143.05902, 42.549415], [143.059243, 42.549353], [143.059531, 42.549274], [143.059702, 42.54921], [143.060057, 42.549055], [143.060272, 42.548978], [143.060479, 42.548931], [143.060835, 42.548861], [143.061513, 42.548729], [143.061899, 42.548581], [143.06217, 42.548455], [143.062495, 42.548298], [143.062913, 42.548166], [143.063197, 42.548094], [143.063621, 42.548018], [143.064733, 42.547795], [143.065258, 42.547713], [143.06563, 42.547642], [143.066076, 42.54752], [143.06669, 42.547338], [143.067207, 42.547175], [143.067875, 42.546932], [143.068363, 42.546772], [143.068769, 42.54658], [143.069668, 42.546138], [143.070347, 42.545853]]}, "properties": {"name": "歴舟川本流", "kind": "国有林の林道"}}, {"type": "Feature", "geometry": {"type": "LineString", "coordinates": [[143.051406, 42.539987], [143.051653, 42.53996], [143.051985, 42.540219], [143.052666, 42.540405], [143.053026, 42.540555], [143.053562, 42.540598], [143.054135, 42.540645], [143.054405, 42.540676], [143.054731, 42.54062], [143.055234, 42.540138], [143.055362, 42.540124], [143.055485, 42.540196], [143.055542, 42.540588], [143.055651, 42.540791], [143.055906, 42.540829], [143.056642, 42.540612]]}, "properties": {"name": "歴舟５０林班", "kind": "国有林の林道"}}, {"type": "Feature", "geometry": {"type": "LineString", "coordinates": [[143.05338, 42.541535], [143.05331, 42.541454], [143.053073, 42.541238], [143.052858, 42.540958], [143.052757, 42.540838], [143.052627, 42.540722], [143.052375, 42.540551], [143.052126, 42.540407], [143.051557, 42.54024], [143.051406, 42.539987]]}, "properties": {"name": "マスの沢", "kind": "国有林の林道"}}, {"type": "Feature", "geometry": {"type": "LineString", "coordinates": [[143.051406, 42.539987], [143.051305, 42.539879], [143.051111, 42.539703], [143.051095, 42.539653], [143.050987, 42.539332], [143.05078, 42.53921], [143.050363, 42.539021], [143.050154, 42.538898], [143.050076, 42.538666], [143.049766, 42.538375], [143.049566, 42.538045], [143.04949, 42.5379], [143.049403, 42.537815], [143.049347, 42.537761], [143.049236, 42.537699], [143.049054, 42.537605], [143.048935, 42.537549], [143.048762, 42.537447], [143.048601, 42.537347], [143.048497, 42.537268], [143.048423, 42.537153], [143.048188, 42.536755], [143.048023, 42.536433], [143.047883, 42.536137], [143.047661, 42.535721], [143.04747, 42.535352], [143.047366, 42.535153], [143.047227, 42.534927], [143.047127, 42.534731], [143.047059, 42.534634], [143.046654, 42.534258], [143.046254, 42.533887], [143.046057, 42.533688], [143.04583, 42.533429], [143.045586, 42.533162], [143.045331, 42.532834], [143.045123, 42.532532], [143.04489, 42.532163], [143.044783, 42.532001], [143.044761, 42.531932], [143.044736, 42.531695], [143.044703, 42.531354], [143.04402, 42.531293], [143.043892, 42.531248], [143.043478, 42.531011], [143.043273, 42.530913], [143.042553, 42.530692], [143.042434, 42.530622], [143.041849, 42.530303], [143.041729, 42.530287], [143.04106, 42.530234], [143.040953, 42.530227], [143.040492, 42.530199], [143.040091, 42.530198], [143.040004, 42.530186], [143.039873, 42.530154], [143.039769, 42.530127]]}, "properties": {"name": "マスの沢", "kind": "国有林の林道"}}, {"type": "Feature", "geometry": {"type": "LineString", "coordinates": [[143.01781, 42.556752], [143.018368, 42.556922], [143.018787, 42.557026], [143.01905, 42.557095], [143.019149, 42.557096], [143.019262, 42.557058], [143.019665, 42.556868], [143.019843, 42.556741], [143.019948, 42.55663], [143.020002, 42.556538], [143.02002, 42.556487], [143.020031, 42.556364], [143.020018, 42.556167], [143.01999, 42.556046], [143.019945, 42.555868], [143.019879, 42.555675], [143.019875, 42.555622], [143.019881, 42.555556], [143.019943, 42.555481], [143.020023, 42.555412], [143.020136, 42.555357], [143.020257, 42.555329], [143.020526, 42.555308], [143.020844, 42.555319], [143.021185, 42.55535], [143.021504, 42.555407], [143.0218, 42.555488], [143.02207, 42.555583], [143.022604, 42.555781], [143.023078, 42.555944], [143.023616, 42.556127], [143.024186, 42.556324], [143.02445, 42.55642], [143.024774, 42.556521], [143.025209, 42.556645], [143.025486, 42.556737], [143.025824, 42.556832], [143.026298, 42.556973], [143.026723, 42.557108], [143.027318, 42.557279], [143.027828, 42.557433], [143.028045, 42.557494], [143.028219, 42.55756], [143.028428, 42.557658], [143.028842, 42.557841], [143.029068, 42.557935], [143.029351, 42.558067], [143.02974, 42.558231], [143.030092, 42.558394]]}, "properties": {"name": "歴舟川本流", "kind": "国有林の林道"}}, {"type": "Feature", "geometry": {"type": "LineString", "coordinates": [[143.094227, 42.4551], [143.094243, 42.455523], [143.094342, 42.455805], [143.094487, 42.456006], [143.094922, 42.456208], [143.095212, 42.456262], [143.095534, 42.456247], [143.095847, 42.456158], [143.096305, 42.456081], [143.096532, 42.456116], [143.097014, 42.456264], [143.097088, 42.456296], [143.097189, 42.456341], [143.097365, 42.456461], [143.097639, 42.456654], [143.098139, 42.456836], [143.098461, 42.456968], [143.098701, 42.457255], [143.098748, 42.457295], [143.098853, 42.457385], [143.099028, 42.457507], [143.099097, 42.457568], [143.099302, 42.457732], [143.099443, 42.457868], [143.099649, 42.458073], [143.099816, 42.458225], [143.10011, 42.458483], [143.100375, 42.458752], [143.100481, 42.458823], [143.100594, 42.458864], [143.100821, 42.458874], [143.101084, 42.458879], [143.101406, 42.458894], [143.101593, 42.458915], [143.101965, 42.458945], [143.102216, 42.458956]]}, "properties": {"name": "昭徳", "kind": "国有林の林道"}}, {"type": "Feature", "geometry": {"type": "LineString", "coordinates": [[143.094227, 42.4551], [143.094354, 42.454951], [143.095023, 42.454668], [143.095473, 42.454494], [143.095814, 42.454385], [143.095944, 42.454074]]}, "properties": {"name": "昭徳", "kind": "国有林の林道"}}, {"type": "Feature", "geometry": {"type": "LineString", "coordinates": [[143.095944, 42.454074], [143.096008, 42.453217], [143.096039, 42.452667], [143.095811, 42.45259], [143.095007, 42.452339], [143.094621, 42.452227]]}, "properties": {"name": "昭徳", "kind": "国有林の林道"}}, {"type": "Feature", "geometry": {"type": "LineString", "coordinates": [[143.094227, 42.4551], [143.093885, 42.455087], [143.093094, 42.454656], [143.092837, 42.454493], [143.09171, 42.454144], [143.089852, 42.453613], [143.089207, 42.453706], [143.088138, 42.453363], [143.087643, 42.453204], [143.087152, 42.45301], [143.086292, 42.452551], [143.085909, 42.452367], [143.085278, 42.45215], [143.084833, 42.452035], [143.084528, 42.451924], [143.084286, 42.451871], [143.083933, 42.451841], [143.083535, 42.451843], [143.083328, 42.451866], [143.082943, 42.451957], [143.082562, 42.452105], [143.082225, 42.452231], [143.081983, 42.452262], [143.081611, 42.452261], [143.081298, 42.452199], [143.080762, 42.45207], [143.080235, 42.451954], [143.080007, 42.451867], [143.079483, 42.451681], [143.078953, 42.451643], [143.078445, 42.451631], [143.077602, 42.451582], [143.077314, 42.451623], [143.077087, 42.451649], [143.076704, 42.451597], [143.076454, 42.451497], [143.076179, 42.451399], [143.07573, 42.451272], [143.075269, 42.451066], [143.074758, 42.450802], [143.074563, 42.450735], [143.074028, 42.45067], [143.073154, 42.450614], [143.072254, 42.45056], [143.071761, 42.450508], [143.071138, 42.450243], [143.070737, 42.450037], [143.070386, 42.449795], [143.069723, 42.449358], [143.069057, 42.448893], [143.06896, 42.448848], [143.068749, 42.448849], [143.068421, 42.448918], [143.067998, 42.449052], [143.067724, 42.449189], [143.067472, 42.449277], [143.067146, 42.449333], [143.066928, 42.449347], [143.066574, 42.449296], [143.066144, 42.449178], [143.065816, 42.449074], [143.065564, 42.448957], [143.065022, 42.448813], [143.064555, 42.448644], [143.063917, 42.448511], [143.063165, 42.448332], [143.062476, 42.448149], [143.061825, 42.447925], [143.061258, 42.447616], [143.06098, 42.447414], [143.060721, 42.447288], [143.060628, 42.447273], [143.060349, 42.44731], [143.060199, 42.447364], [143.059697, 42.447692], [143.059497, 42.447766], [143.059362, 42.447751], [143.059294, 42.447676], [143.059296, 42.447583], [143.059442, 42.447414], [143.059819, 42.447041], [143.059828, 42.447], [143.059658, 42.446681], [143.059372, 42.446119], [143.059149, 42.445679], [143.058962, 42.445226], [143.059018, 42.444913], [143.059193, 42.444066], [143.059276, 42.44366], [143.059059, 42.443471], [143.058889, 42.443422], [143.058696, 42.443397], [143.058148, 42.443025], [143.057701, 42.442519], [143.05755, 42.442386], [143.05691, 42.442024], [143.05628, 42.441693], [143.056058, 42.441563], [143.055312, 42.441367], [143.05492, 42.441324], [143.054093, 42.441174], [143.053447, 42.440996], [143.053008, 42.440855], [143.052817, 42.440583], [143.052513, 42.440165], [143.052434, 42.44007], [143.052225, 42.439945], [143.051552, 42.439639], [143.051177, 42.439474], [143.050881, 42.43929], [143.050274, 42.438993], [143.049898, 42.438812], [143.049555, 42.438636], [143.048959, 42.438426], [143.048439, 42.438265], [143.048007, 42.438162]]}, "properties": {"name": "昭徳左岸", "kind": "国有林の林道"}}, {"type": "Feature", "geometry": {"type": "LineString", "coordinates": [[143.094621, 42.452227], [143.09363, 42.451938], [143.092625, 42.45167], [143.091706, 42.451778], [143.090785, 42.451884], [143.089524, 42.451996], [143.08883, 42.451582], [143.088201, 42.451167], [143.086922, 42.450949], [143.085702, 42.450724], [143.085106, 42.450619], [143.083943, 42.4503], [143.082284, 42.449876], [143.081796, 42.449767], [143.081212, 42.450178], [143.079571, 42.450368], [143.078126, 42.450304], [143.07784, 42.450197], [143.077473, 42.449994], [143.077076, 42.449601], [143.076314, 42.449507], [143.075977, 42.449414], [143.075084, 42.449051], [143.074445, 42.448648], [143.073895, 42.448274], [143.073359, 42.447939], [143.072529, 42.447589], [143.071753, 42.44728], [143.070864, 42.447097], [143.069886, 42.446923], [143.069282, 42.446832], [143.068371, 42.446746], [143.067852, 42.44693], [143.067223, 42.447143], [143.066901, 42.447245], [143.066583, 42.447166], [143.066264, 42.447097], [143.066143, 42.447145], [143.06573, 42.44738], [143.06558, 42.447468], [143.065454, 42.447476], [143.065257, 42.447459], [143.065109, 42.447408], [143.064681, 42.447168], [143.064029, 42.446821], [143.063258, 42.446409], [143.062699, 42.446135], [143.06185, 42.445784], [143.061478, 42.445633], [143.061184, 42.445425], [143.060962, 42.445249], [143.060917, 42.445158], [143.060953, 42.444694], [143.060982, 42.44427], [143.061008, 42.443873], [143.060905, 42.443616], [143.060573, 42.442939], [143.060449, 42.44272], [143.060135, 42.442376], [143.05961, 42.441671], [143.059244, 42.441238], [143.05882, 42.440975], [143.058081, 42.440518], [143.057432, 42.440284], [143.056789, 42.440072], [143.056262, 42.440008], [143.055975, 42.439997], [143.055536, 42.439801], [143.055204, 42.439639], [143.05511, 42.439315], [143.055007, 42.438879], [143.054949, 42.438802], [143.054753, 42.43874], [143.054309, 42.438631], [143.054009, 42.438416], [143.053652, 42.438035], [143.053457, 42.437764], [143.052671, 42.437635], [143.051409, 42.437466], [143.050174, 42.437313], [143.049729, 42.437075], [143.049402, 42.436903], [143.049054, 42.436399], [143.04863, 42.435788], [143.048182, 42.435031], [143.047996, 42.434756], [143.047849, 42.434634], [143.047492, 42.434521], [143.046881, 42.434374], [143.046148, 42.434238], [143.045287, 42.434058], [143.044833, 42.433964], [143.044016, 42.43383], [143.043206, 42.433675], [143.042812, 42.433611], [143.042774, 42.433604], [143.042606, 42.433583], [143.042444, 42.433562], [143.042252, 42.433544], [143.04198, 42.433549], [143.041609, 42.433575], [143.041527, 42.433584], [143.041249, 42.433612], [143.041093, 42.43361], [143.040953, 42.433599], [143.040888, 42.433579], [143.040752, 42.433519], [143.040525, 42.43339], [143.040267, 42.433227], [143.04002, 42.433078], [143.039772, 42.432932], [143.038995, 42.432534], [143.038558, 42.432319], [143.038362, 42.432228], [143.038025, 42.43208], [143.037868, 42.43203], [143.037535, 42.431916], [143.037196, 42.431804], [143.036873, 42.431698], [143.036509, 42.431584], [143.035845, 42.431358], [143.035467, 42.431241], [143.035104, 42.431122], [143.034498, 42.430897], [143.034122, 42.430763], [143.033964, 42.430708], [143.033648, 42.430597], [143.033348, 42.430471], [143.033245, 42.430437], [143.03297, 42.430302], [143.03266, 42.430145], [143.032266, 42.429931], [143.031971, 42.429759], [143.031665, 42.429592], [143.031632, 42.429574], [143.031501, 42.429504], [143.031252, 42.42941], [143.030661, 42.429221], [143.030135, 42.429058], [143.029559, 42.428858], [143.028155, 42.428378]]}, "properties": {"name": "昭徳", "kind": "国有林の林道"}}, {"type": "Feature", "geometry": {"type": "LineString", "coordinates": [[142.982738, 42.525619], [142.982883, 42.525829], [142.982964, 42.526012], [142.983015, 42.526108], [142.983077, 42.526194], [142.983141, 42.526273], [142.98317, 42.52635], [142.983179, 42.526395], [142.98318, 42.526486], [142.98319, 42.526583], [142.98321, 42.526655], [142.983239, 42.526728], [142.983287, 42.526802], [142.983364, 42.5269], [142.983458, 42.526998], [142.983586, 42.527112], [142.98368, 42.52718], [142.983749, 42.527231], [142.983827, 42.527276], [142.98391, 42.527311], [142.983982, 42.527327], [142.984114, 42.527347], [142.984269, 42.527359], [142.984409, 42.527362], [142.984531, 42.527361], [142.984678, 42.527347], [142.984775, 42.527348], [142.985013, 42.527545], [142.985101, 42.527587], [142.985184, 42.527595], [142.985346, 42.527583], [142.985602, 42.527592], [142.985745, 42.527628], [142.98587, 42.527693], [142.985926, 42.527738], [142.985998, 42.527797], [142.986093, 42.527938], [142.986222, 42.528044], [142.986389, 42.528182], [142.98647, 42.528259], [142.986572, 42.528336], [142.986742, 42.528526], [142.98694, 42.528635], [142.987188, 42.528733], [142.987497, 42.528856], [142.987741, 42.528986], [142.988005, 42.529154], [142.988232, 42.529243], [142.98832, 42.5293], [142.988452, 42.529392], [142.988585, 42.529548], [142.988772, 42.529701], [142.988942, 42.529774], [142.98913, 42.529874], [142.989266, 42.529989], [142.989525, 42.5302], [142.989787, 42.530387], [142.989933, 42.53048], [142.990256, 42.530581], [142.990759, 42.530735], [142.990957, 42.530804], [142.991085, 42.530872], [142.991167, 42.531041], [142.991209, 42.531272], [142.991307, 42.531449], [142.991406, 42.531636], [142.991567, 42.531734], [142.992004, 42.531782], [142.992248, 42.531866], [142.992419, 42.531968], [142.992629, 42.532183], [142.992832, 42.532352], [142.992986, 42.532505], [142.993133, 42.532743], [142.993268, 42.532983], [142.993295, 42.533123], [142.993272, 42.53322], [142.993219, 42.533357], [142.993095, 42.533499], [142.993039, 42.533595], [142.993036, 42.533671], [142.993212, 42.533787], [142.993695, 42.534108], [142.994246, 42.534401], [142.994664, 42.534618], [142.994852, 42.534725], [142.994962, 42.534736], [142.995146, 42.534765], [142.995508, 42.534799], [142.995758, 42.534869], [142.996297, 42.535024], [142.996657, 42.535161], [142.996861, 42.535302], [142.996979, 42.535482], [142.997058, 42.535626], [142.997168, 42.535735], [142.997308, 42.535784], [142.997557, 42.53582], [142.99773, 42.535884], [142.997866, 42.5359], [142.997929, 42.535888], [142.997987, 42.535838], [142.998002, 42.535776], [142.997905, 42.535641], [142.997741, 42.535452], [142.997685, 42.535345], [142.997659, 42.535243], [142.997659, 42.535164], [142.997707, 42.535051], [142.997809, 42.535], [142.998022, 42.534994], [142.998297, 42.535061], [142.998446, 42.535115], [142.998548, 42.535234], [142.998678, 42.535489], [142.998765, 42.535611], [142.998827, 42.535789], [142.998906, 42.535932], [142.998991, 42.536055], [142.999246, 42.53617], [142.999514, 42.536307], [142.999926, 42.536441], [143.00041, 42.536642], [143.000726, 42.536791], [143.000954, 42.53691], [143.001121, 42.537033], [143.001374, 42.537238], [143.001476, 42.537266], [143.001598, 42.537275], [143.001651, 42.53729], [143.001687, 42.537305], [143.001777, 42.537342], [143.001945, 42.537445], [143.002065, 42.537547], [143.002194, 42.537671], [143.002288, 42.537776], [143.002354, 42.537876], [143.002423, 42.538014], [143.002544, 42.538339], [143.00266, 42.538697], [143.002767, 42.539067], [143.002805, 42.539169], [143.002912, 42.539376], [143.002919, 42.539442], [143.002899, 42.539525], [143.002842, 42.539717], [143.002829, 42.539828], [143.002835, 42.53997], [143.002842, 42.540043], [143.002873, 42.540096], [143.002951, 42.54018], [143.003013, 42.540251], [143.003022, 42.540292], [143.002993, 42.54034], [143.002891, 42.540393], [143.002701, 42.54045], [143.002598, 42.540508], [143.002558, 42.540572], [143.002548, 42.540639], [143.002578, 42.540666], [143.002641, 42.540675], [143.002721, 42.540657], [143.002844, 42.540605], [143.003056, 42.540453], [143.003111, 42.540431], [143.003268, 42.540415], [143.003369, 42.540391], [143.003494, 42.54034], [143.003608, 42.540272], [143.003715, 42.540179], [143.003808, 42.540057], [143.003843, 42.539983], [143.003895, 42.53987], [143.003958, 42.539811], [143.004064, 42.539767], [143.00416, 42.539769], [143.004267, 42.539782], [143.004362, 42.539826], [143.004451, 42.539902], [143.004545, 42.540063], [143.004587, 42.540202], [143.004608, 42.540338], [143.004601, 42.54061], [143.004605, 42.540708], [143.004626, 42.540826], [143.004677, 42.540918], [143.004789, 42.541036], [143.004878, 42.541119], [143.004937, 42.54119], [143.005033, 42.541335], [143.005064, 42.541416], [143.005073, 42.541494], [143.005056, 42.541604], [143.004937, 42.541922], [143.004799, 42.542277], [143.004741, 42.54248], [143.004705, 42.542591], [143.004638, 42.542726], [143.004634, 42.542818], [143.004661, 42.542938], [143.004723, 42.543039], [143.004818, 42.543098], [143.004917, 42.543114], [143.005027, 42.543094], [143.005226, 42.542993], [143.005463, 42.542836], [143.005594, 42.542802], [143.005686, 42.542801], [143.005798, 42.542821], [143.00591, 42.542848], [143.00598, 42.542841], [143.00604, 42.542802], [143.006078, 42.542732], [143.006098, 42.542633], [143.006122, 42.54246], [143.006149, 42.542408], [143.006215, 42.542356], [143.006277, 42.542338], [143.006354, 42.542347], [143.006416, 42.542382], [143.006444, 42.542424], [143.006445, 42.542482], [143.006318, 42.542747], [143.006291, 42.542833], [143.006285, 42.542926], [143.006308, 42.543061], [143.006375, 42.543292], [143.006416, 42.543478], [143.006426, 42.543626], [143.00642, 42.543795], [143.006449, 42.543896], [143.006516, 42.543991], [143.006635, 42.544086], [143.006782, 42.544137], [143.007094, 42.544204], [143.007396, 42.54432], [143.007527, 42.544383], [143.007678, 42.544467], [143.007768, 42.544541], [143.007834, 42.54463], [143.007932, 42.544815], [143.008003, 42.544953], [143.008082, 42.54506], [143.008202, 42.545152], [143.008393, 42.54524], [143.008744, 42.545374], [143.008898, 42.545432], [143.009105, 42.545483], [143.00928, 42.545537], [143.009443, 42.545605], [143.009567, 42.545675], [143.009691, 42.545765], [143.0098, 42.545865], [143.009861, 42.545944], [143.010041, 42.546101], [143.010125, 42.546148], [143.010272, 42.546184], [143.010415, 42.546187], [143.01064, 42.546158], [143.01097, 42.546117], [143.01125, 42.546109], [143.011538, 42.546114], [143.011738, 42.546135], [143.011858, 42.546166], [143.011976, 42.546216], [143.012176, 42.546322], [143.012402, 42.546497], [143.012551, 42.546661], [143.01262, 42.546722], [143.012701, 42.546759], [143.012869, 42.546818], [143.013027, 42.546877], [143.013162, 42.546951], [143.013361, 42.547091], [143.013593, 42.547262], [143.013718, 42.547335], [143.013828, 42.547392], [143.013967, 42.547423], [143.014175, 42.547432], [143.014438, 42.547452], [143.014671, 42.547493], [143.014855, 42.547523], [143.015003, 42.54753], [143.015192, 42.547531], [143.015452, 42.547502], [143.015842, 42.547491], [143.015999, 42.547482], [143.016181, 42.547452], [143.016478, 42.547382], [143.016639, 42.54737], [143.016775, 42.547375], [143.016952, 42.547402], [143.017087, 42.547446], [143.017272, 42.547536], [143.017442, 42.547639], [143.017731, 42.547825], [143.017951, 42.547994], [143.018121, 42.548139], [143.018242, 42.548228], [143.018373, 42.548287], [143.01859, 42.548328], [143.018819, 42.548342], [143.019066, 42.548319], [143.019447, 42.548247], [143.019758, 42.548197], [143.019931, 42.548177], [143.020117, 42.548188], [143.020308, 42.548222], [143.020551, 42.548269], [143.020726, 42.548287], [143.020909, 42.548288], [143.02116, 42.548272], [143.02138, 42.548275], [143.021651, 42.548306], [143.022013, 42.54838], [143.022457, 42.548459], [143.022783, 42.548499], [143.023135, 42.54854], [143.023395, 42.548573], [143.0237, 42.548624], [143.024008, 42.548659], [143.024207, 42.548669], [143.024413, 42.54866], [143.024603, 42.548626], [143.024882, 42.548557], [143.025024, 42.548498], [143.025135, 42.548418], [143.025293, 42.548305], [143.02551, 42.548207], [143.025731, 42.548126], [143.025894, 42.548044], [143.02607, 42.547939], [143.026314, 42.547816], [143.026593, 42.5477], [143.026862, 42.547588], [143.027151, 42.547454], [143.02734, 42.54738], [143.027715, 42.54726], [143.028021, 42.547168], [143.028109, 42.547126], [143.028256, 42.547037], [143.028442, 42.546913], [143.02865, 42.54681], [143.028898, 42.546705], [143.029153, 42.546606], [143.029466, 42.546499], [143.029704, 42.546425], [143.030022, 42.546295], [143.03023, 42.54624], [143.030598, 42.546122], [143.030907, 42.546006], [143.031076, 42.545927], [143.031288, 42.545796], [143.03149, 42.545675], [143.031658, 42.5456], [143.031815, 42.545511], [143.032068, 42.545325], [143.032251, 42.545208], [143.032549, 42.54504], [143.032662, 42.544994], [143.032745, 42.544991], [143.032882, 42.54502], [143.033195, 42.545144], [143.033383, 42.545208], [143.033577, 42.545246], [143.033804, 42.545248], [143.034069, 42.545206], [143.034587, 42.545097], [143.034973, 42.544983], [143.035167, 42.544924], [143.035317, 42.544858], [143.035627, 42.544666], [143.035717, 42.544614], [143.035879, 42.544558], [143.036112, 42.544518], [143.036391, 42.544458], [143.036738, 42.544352], [143.03702, 42.544265], [143.037355, 42.544144], [143.037514, 42.544086], [143.037647, 42.544022], [143.0378, 42.543979], [143.038027, 42.54392], [143.038181, 42.543846], [143.038329, 42.543775], [143.038418, 42.543759], [143.038621, 42.543755], [143.038811, 42.543746], [143.038964, 42.543699], [143.039535, 42.543521], [143.039732, 42.543421], [143.039862, 42.54334], [143.039941, 42.543296], [143.040012, 42.543291], [143.040135, 42.543311], [143.040329, 42.54339], [143.040485, 42.543455], [143.040585, 42.543485], [143.040697, 42.543485], [143.040802, 42.543485], [143.041043, 42.543427], [143.041218, 42.54338], [143.041363, 42.543312], [143.04144, 42.543234], [143.041536, 42.543135], [143.041638, 42.543063], [143.041749, 42.543026], [143.041899, 42.542965], [143.042044, 42.542862], [143.042145, 42.542762], [143.042225, 42.542636], [143.042259, 42.542563], [143.042272, 42.542447], [143.042275, 42.542297], [143.042319, 42.542113], [143.042375, 42.542014], [143.042444, 42.54192], [143.042533, 42.541841], [143.042658, 42.541789], [143.042853, 42.541726], [143.043135, 42.541673], [143.043345, 42.54168], [143.043596, 42.541701], [143.043709, 42.541716], [143.043923, 42.541748], [143.044211, 42.54178], [143.044455, 42.541799], [143.044773, 42.541791], [143.045124, 42.54176], [143.045404, 42.54172], [143.045583, 42.541684], [143.045712, 42.541626], [143.045769, 42.541562], [143.04583, 42.541464], [143.045906, 42.54135], [143.045955, 42.541272], [143.046047, 42.541203], [143.046137, 42.541147], [143.046345, 42.541056], [143.046478, 42.541004], [143.046602, 42.540931], [143.046677, 42.540861], [143.046718, 42.540793], [143.046791, 42.540735], [143.047163, 42.540559], [143.047446, 42.54044], [143.047542, 42.54042], [143.04767, 42.540413], [143.047794, 42.540424], [143.04802, 42.540446], [143.048251, 42.540453], [143.048391, 42.540435], [143.048528, 42.540377], [143.048637, 42.540322], [143.048718, 42.540307], [143.048795, 42.540313], [143.048862, 42.540345], [143.048924, 42.540416], [143.049066, 42.540578], [143.049192, 42.540699], [143.049349, 42.540803], [143.04951, 42.540875], [143.049661, 42.540923], [143.04981, 42.540939], [143.049975, 42.540945], [143.050218, 42.540936], [143.050701, 42.540967], [143.05151, 42.541024], [143.051824, 42.541045], [143.051982, 42.541082], [143.052134, 42.541129], [143.052538, 42.541304], [143.052892, 42.541455], [143.053055, 42.54149], [143.053324, 42.541527], [143.05338, 42.541535]]}, "properties": {"name": "歴舟川支流", "kind": "国有林の林道"}}, {"type": "Feature", "geometry": {"type": "LineString", "coordinates": [[142.975308, 42.474327], [142.976315, 42.474277], [142.976829, 42.474306], [142.977471, 42.474412], [142.977765, 42.474477], [142.978021, 42.474622], [142.978295, 42.474889], [142.978472, 42.475301], [142.978565, 42.475787], [142.978643, 42.476793], [142.978711, 42.477077], [142.978828, 42.477282], [142.979037, 42.477559], [142.979292, 42.477755], [142.979634, 42.477917], [142.980063, 42.477998], [142.980364, 42.478071], [142.980603, 42.478173], [142.981122, 42.478372], [142.981356, 42.478429], [142.98156, 42.478417], [142.981751, 42.478363], [142.981924, 42.478234], [142.982082, 42.47813], [142.982343, 42.478086], [142.982748, 42.478045], [142.983193, 42.478035], [142.983305, 42.478054], [142.983368, 42.478111], [142.983476, 42.478314], [142.983557, 42.478383], [142.983666, 42.478445], [142.983802, 42.47844], [142.983933, 42.478385], [142.984047, 42.47829], [142.984051, 42.478195], [142.983995, 42.47807], [142.983954, 42.47799], [142.983962, 42.477929], [142.984013, 42.477875], [142.984191, 42.477794], [142.984545, 42.477724], [142.984895, 42.477639], [142.98521, 42.4775], [142.98554, 42.477242], [142.985945, 42.476843], [142.986528, 42.476526], [142.987035, 42.476224], [142.987269, 42.476039], [142.987298, 42.476016], [142.987333, 42.475925], [142.987488, 42.475693], [142.987664, 42.475498], [142.987859, 42.475311], [142.988018, 42.475159], [142.988175, 42.47493], [142.988293, 42.474718], [142.988398, 42.474475], [142.988471, 42.474297], [142.98855, 42.474072], [142.988621, 42.473888], [142.988749, 42.473696], [142.988894, 42.473548], [142.989047, 42.473404], [142.989275, 42.47325], [142.989483, 42.473132], [142.989762, 42.473057], [142.990046, 42.473023], [142.990509, 42.473022], [142.990697, 42.473057], [142.990946, 42.473133], [142.991287, 42.473264], [142.991485, 42.473367], [142.991831, 42.473445], [142.992169, 42.473473], [142.992557, 42.473494], [142.992873, 42.473522], [142.993095, 42.473522], [142.993426, 42.473497], [142.993659, 42.473484], [142.993812, 42.473506], [142.993943, 42.473593], [142.994058, 42.473677], [142.994177, 42.473692], [142.994339, 42.473659], [142.994534, 42.473631], [142.994644, 42.473652], [142.994706, 42.473737], [142.994731, 42.473885], [142.994754, 42.474007], [142.994839, 42.474061], [142.995036, 42.474043], [142.995127, 42.47397], [142.995243, 42.473731], [142.995344, 42.473627], [142.995588, 42.47355], [142.996237, 42.473415], [142.997102, 42.473322], [142.997442, 42.473305], [142.99795, 42.473407], [142.998471, 42.473444], [142.999219, 42.473431], [142.999911, 42.473488], [143.000238, 42.473512], [143.000429, 42.473551], [143.000808, 42.473642], [143.001024, 42.473677], [143.001351, 42.473693], [143.001675, 42.473742], [143.001916, 42.473783], [143.002073, 42.473842], [143.002183, 42.473885], [143.002373, 42.473837], [143.00264, 42.473768], [143.002939, 42.473722], [143.003399, 42.473616], [143.00384, 42.473504], [143.004124, 42.473436], [143.004496, 42.473417], [143.004888, 42.473401], [143.005133, 42.473366], [143.005446, 42.47329], [143.005614, 42.473209], [143.005694, 42.473114], [143.005727, 42.472952], [143.005821, 42.47283], [143.005936, 42.47279], [143.006347, 42.472755], [143.006569, 42.472758], [143.006779, 42.47283], [143.00717, 42.472994], [143.00752, 42.473135], [143.007661, 42.473164], [143.007883, 42.473148], [143.008284, 42.473097], [143.008729, 42.47305], [143.009154, 42.473044], [143.009846, 42.473011], [143.009983, 42.472969], [143.010326, 42.472628], [143.010694, 42.472363], [143.010815, 42.472282], [143.010841, 42.472106], [143.010864, 42.471927], [143.010941, 42.47184], [143.011122, 42.471811], [143.011228, 42.471777], [143.011272, 42.471663], [143.011375, 42.47151], [143.011472, 42.471488], [143.011597, 42.471508], [143.011862, 42.471599], [143.012071, 42.471655], [143.012357, 42.471689], [143.012608, 42.471743], [143.013104, 42.471818], [143.013353, 42.471856], [143.013479, 42.471917], [143.013668, 42.472062], [143.013878, 42.472237], [143.014161, 42.472415], [143.014312, 42.472499], [143.014483, 42.472548], [143.014719, 42.472579], [143.014951, 42.472618], [143.015279, 42.47272], [143.015522, 42.472813], [143.015863, 42.472959], [143.016105, 42.473079], [143.016327, 42.473233], [143.016565, 42.473418], [143.016768, 42.473667], [143.017087, 42.473988], [143.017315, 42.474227], [143.017595, 42.474534], [143.017876, 42.474779], [143.018125, 42.474963], [143.018498, 42.475201], [143.018718, 42.475345], [143.018891, 42.475435], [143.019009, 42.475473], [143.01933, 42.475536], [143.019709, 42.475616], [143.019966, 42.475676], [143.02014, 42.47574], [143.020267, 42.475883], [143.02046, 42.476097], [143.020638, 42.476236], [143.020981, 42.476435], [143.02134, 42.476673], [143.021526, 42.476812], [143.021706, 42.476979], [143.02182, 42.477101], [143.021865, 42.477239], [143.021932, 42.477379], [143.022036, 42.477442], [143.022137, 42.477529], [143.022202, 42.477635], [143.022351, 42.477942], [143.02246, 42.4782], [143.022541, 42.478421], [143.022575, 42.478548], [143.022566, 42.478861], [143.022562, 42.479101], [143.02256, 42.479308], [143.022588, 42.47947], [143.022668, 42.479605], [143.022807, 42.479773], [143.023112, 42.480051], [143.023322, 42.480234], [143.02349, 42.4803], [143.023666, 42.480415], [143.023854, 42.480581], [143.023976, 42.480738], [143.024055, 42.480815], [143.024259, 42.480916], [143.024479, 42.481029], [143.024666, 42.481111], [143.024873, 42.481154], [143.0251, 42.481194], [143.025349, 42.481252], [143.025525, 42.481344], [143.025679, 42.481555], [143.025758, 42.481619], [143.026018, 42.481657], [143.026123, 42.481704], [143.026466, 42.482038], [143.026506, 42.482121], [143.026532, 42.48239], [143.026567, 42.482719], [143.026582, 42.482967], [143.026613, 42.483064], [143.026726, 42.483125], [143.027106, 42.483287], [143.027523, 42.483494], [143.027596, 42.483567], [143.027855, 42.483827], [143.027982, 42.483938], [143.028769, 42.48426], [143.029154, 42.484576], [143.029273, 42.484745], [143.029449, 42.485139], [143.029626, 42.485481], [143.029654, 42.485933], [143.030038, 42.48629], [143.030402, 42.486644], [143.030629, 42.486849], [143.030958, 42.487188], [143.03077, 42.487708], [143.03091, 42.488114], [143.030937, 42.488143], [143.031165, 42.488223], [143.031245, 42.488245], [143.031748, 42.488202], [143.031941, 42.488468], [143.032058, 42.488691], [143.03186, 42.488934], [143.031834, 42.48896], [143.03159, 42.489214], [143.031446, 42.489374], [143.031469, 42.489628], [143.031611, 42.49008], [143.031677, 42.490378], [143.031899, 42.490674], [143.032146, 42.490975], [143.032531, 42.49112], [143.032797, 42.491246], [143.03326, 42.491459], [143.03395, 42.491601], [143.03402, 42.491633], [143.034339, 42.491893], [143.034554, 42.492078], [143.034636, 42.492275], [143.034748, 42.49246], [143.035092, 42.493011], [143.035344, 42.493411], [143.035409, 42.493486], [143.035384, 42.493781], [143.035395, 42.494172], [143.035387, 42.49441], [143.035187, 42.494888], [143.035056, 42.495217], [143.034975, 42.495426], [143.034967, 42.49593], [143.034992, 42.496252], [143.035135, 42.496772], [143.035266, 42.497126], [143.035267, 42.497165], [143.035196, 42.497478], [143.035146, 42.498003], [143.035151, 42.49829], [143.035365, 42.498657], [143.035703, 42.498872], [143.036173, 42.499172], [143.036894, 42.499582], [143.037711, 42.499703], [143.038233, 42.499847], [143.038678, 42.5], [143.039072, 42.500172], [143.039401, 42.500349], [143.03975, 42.500517], [143.040335, 42.500859], [143.040646, 42.501043], [143.040994, 42.50125], [143.041279, 42.501423], [143.041506, 42.501522], [143.041628, 42.501575], [143.041753, 42.501622], [143.041964, 42.501647], [143.0423, 42.501642], [143.04258, 42.501604], [143.042829, 42.501556], [143.043074, 42.501446], [143.043166, 42.501372], [143.043385, 42.501246], [143.043503, 42.501166], [143.043612, 42.501017], [143.043713, 42.500841], [143.043846, 42.500697], [143.043972, 42.500576], [143.044156, 42.500452], [143.044375, 42.500366], [143.044565, 42.500302], [143.044809, 42.500248], [143.045138, 42.500192], [143.045308, 42.500158], [143.045498, 42.500157], [143.045706, 42.500207], [143.045972, 42.500344], [143.046237, 42.500492], [143.046399, 42.500608], [143.047014, 42.500897], [143.047156, 42.500968], [143.047371, 42.501131], [143.047501, 42.501251], [143.047711, 42.50135], [143.048012, 42.50153], [143.048162, 42.501627], [143.048339, 42.501767], [143.048493, 42.501861], [143.048681, 42.501941], [143.048772, 42.501973], [143.048886, 42.501987], [143.049058, 42.501995], [143.049271, 42.501988], [143.049562, 42.501969], [143.049893, 42.501959], [143.050037, 42.501954], [143.050233, 42.501952], [143.050465, 42.501947], [143.050821, 42.501944], [143.051229, 42.501937], [143.051524, 42.501915], [143.051719, 42.501901], [143.051923, 42.501899], [143.052058, 42.501905], [143.05216, 42.501931], [143.052262, 42.501967], [143.052367, 42.502041], [143.052468, 42.502142], [143.052534, 42.502229], [143.052581, 42.502313], [143.052586, 42.502413], [143.052552, 42.502552], [143.052521, 42.502696], [143.052499, 42.502851], [143.052516, 42.50292], [143.052566, 42.502959], [143.052627, 42.502973], [143.053111, 42.502983], [143.053283, 42.502961], [143.053351, 42.502927], [143.053397, 42.50289], [143.053412, 42.502828], [143.05339, 42.502727], [143.053361, 42.502594], [143.053341, 42.502445]]}, "properties": {"name": "中の川", "kind": "国有林の林道"}}, {"type": "Feature", "geometry": {"type": "LineString", "coordinates": [[143.102399, 42.469577], [143.102433, 42.469557], [143.102471, 42.469555], [143.102779, 42.469714], [143.102816, 42.469774], [143.102859, 42.470272], [143.102881, 42.470287], [143.103425, 42.47032], [143.103481, 42.470315], [143.104145, 42.469904], [143.104202, 42.469885], [143.105619, 42.46975], [143.105647, 42.469763], [143.106034, 42.470368], [143.106071, 42.470397], [143.10676, 42.470437], [143.106868, 42.470433], [143.107245, 42.470293], [143.107295, 42.4703], [143.107722, 42.470532], [143.107808, 42.470539], [143.11001, 42.470341], [143.110898, 42.470368], [143.111234, 42.47056], [143.111298, 42.470577], [143.111363, 42.47058], [143.112037, 42.470483], [143.112088, 42.470495], [143.112597, 42.470626], [143.112933, 42.470801], [143.113128, 42.471048], [143.113317, 42.471188], [143.113831, 42.4715], [143.11386, 42.471499], [143.114381, 42.470981], [143.114415, 42.470961], [143.11465, 42.470915], [143.114668, 42.470902], [143.114944, 42.469835], [143.115319, 42.469792]]}, "properties": {"name": "ポン３の沢", "kind": "国有林の林道"}}, {"type": "Feature", "geometry": {"type": "LineString", "coordinates": [[143.102261, 42.469746], [143.102399, 42.469577]]}, "properties": {"name": "ポン３の沢", "kind": "国有林の林道"}}, {"type": "Feature", "geometry": {"type": "LineString", "coordinates": [[143.102216, 42.458956], [143.102235, 42.458957], [143.102486, 42.458934], [143.102579, 42.458926], [143.10271, 42.458948], [143.102904, 42.459042], [143.103178, 42.459139], [143.103266, 42.459134], [143.103462, 42.4591], [143.103723, 42.459076], [143.104183, 42.459035], [143.104313, 42.45903], [143.104594, 42.459176], [143.104939, 42.459338], [143.105325, 42.459551], [143.105644, 42.459733], [143.105727, 42.459783]]}, "properties": {"name": "昭徳", "kind": "国有林の林道"}}, {"type": "Feature", "geometry": {"type": "LineString", "coordinates": [[143.102216, 42.458956], [143.10229, 42.459081], [143.102404, 42.459269], [143.102629, 42.459496], [143.10288, 42.459719], [143.103026, 42.459789], [143.103153, 42.459819], [143.103327, 42.459847], [143.103476, 42.45987], [143.103586, 42.45993], [143.103657, 42.460014], [143.103806, 42.460184], [143.104031, 42.460417], [143.104076, 42.460516], [143.104111, 42.460702], [143.104191, 42.460816], [143.104299, 42.460946], [143.104437, 42.461061], [143.104592, 42.461154], [143.104706, 42.461295], [143.104819, 42.461405], [143.104946, 42.461454], [143.105115, 42.461473], [143.105429, 42.461472], [143.105543, 42.461476], [143.105691, 42.461505], [143.105833, 42.461581], [143.10592, 42.461656], [143.106046, 42.4618], [143.106139, 42.461938], [143.106273, 42.462217], [143.106326, 42.462507], [143.106322, 42.462768], [143.106172, 42.463011], [143.105999, 42.46318], [143.105807, 42.463266], [143.105624, 42.463266], [143.105432, 42.463164], [143.1054, 42.463054], [143.105344, 42.462897], [143.105231, 42.462812], [143.104986, 42.462763], [143.104531, 42.462697], [143.104055, 42.462657], [143.103397, 42.46259], [143.102986, 42.462568], [143.102605, 42.46258], [143.102274, 42.46263], [143.101923, 42.462713], [143.101729, 42.462699], [143.101468, 42.46263], [143.101174, 42.462515], [143.100722, 42.462263], [143.100319, 42.461985], [143.100126, 42.461894], [143.099833, 42.461809], [143.099602, 42.46177], [143.099321, 42.461809], [143.099195, 42.461903], [143.099086, 42.46203], [143.099048, 42.462201], [143.099003, 42.462311], [143.098912, 42.462351], [143.098802, 42.462324], [143.098648, 42.462223], [143.098624, 42.462111], [143.09862, 42.461947], [143.098612, 42.461731], [143.098587, 42.461608], [143.098515, 42.461525], [143.098416, 42.461473], [143.098288, 42.461487], [143.098127, 42.461573], [143.098032, 42.461582], [143.097967, 42.46152], [143.09797, 42.461359], [143.097969, 42.461165], [143.097864, 42.461057], [143.09761, 42.460937], [143.097304, 42.460916], [143.097106, 42.460935], [143.097003, 42.460897], [143.096935, 42.460872], [143.096912, 42.460756], [143.096934, 42.460513], [143.096923, 42.460346], [143.096878, 42.460263], [143.09659, 42.460051], [143.095719, 42.459461], [143.095485, 42.459299], [143.095421, 42.459284]]}, "properties": {"name": "岩間内", "kind": "国有林の林道"}}, {"type": "Feature", "geometry": {"type": "LineString", "coordinates": [[143.095944, 42.454074], [143.096182, 42.454058], [143.096602, 42.453978], [143.096939, 42.453881], [143.097134, 42.453787], [143.097211, 42.453749], [143.097418, 42.453667], [143.097788, 42.453548], [143.098438, 42.453359], [143.098696, 42.453271], [143.098822, 42.453248], [143.099081, 42.453215], [143.099516, 42.453292], [143.100149, 42.453412], [143.100726, 42.453611], [143.10138, 42.453849], [143.101566, 42.454101], [143.101904, 42.454491], [143.102217, 42.454838], [143.102589, 42.455251], [143.102688, 42.455475], [143.102756, 42.455782], [143.102806, 42.456217], [143.10284, 42.456528], [143.1029, 42.456729], [143.102968, 42.456886], [143.103277, 42.45695], [143.103992, 42.457094], [143.104472, 42.457187], [143.104593, 42.457226], [143.104857, 42.457356], [143.105082, 42.457467], [143.105402, 42.457636], [143.105575, 42.457713], [143.105751, 42.457747], [143.105875, 42.457716], [143.105999, 42.457673], [143.106108, 42.457643], [143.106198, 42.45763], [143.106318, 42.457633], [143.106452, 42.457662], [143.106555, 42.4577], [143.106734, 42.457775], [143.106938, 42.45791], [143.107086, 42.457971], [143.107244, 42.45798], [143.107293, 42.45794], [143.107274, 42.457856], [143.107217, 42.457693], [143.107219, 42.457597], [143.107233, 42.457499], [143.107302, 42.45738], [143.107422, 42.457175], [143.10754, 42.457005], [143.107725, 42.456722], [143.107939, 42.456423], [143.108084, 42.456208], [143.108105, 42.456111], [143.108127, 42.455972], [143.107983, 42.455654], [143.108, 42.45556], [143.108197, 42.455185], [143.108374, 42.45494], [143.108639, 42.45454], [143.108866, 42.454199], [143.108701, 42.453863]]}, "properties": {"name": "紋別昭徳連絡", "kind": "国有林の林道"}}, {"type": "Feature", "geometry": {"type": "LineString", "coordinates": [[142.944432, 42.552535], [142.94457, 42.552696], [142.9448, 42.552994], [142.945103, 42.55335], [142.945294, 42.553676], [142.945395, 42.553997], [142.945514, 42.554433], [142.945538, 42.554603], [142.945492, 42.555158], [142.945488, 42.55525], [142.945467, 42.5554], [142.945444, 42.555525], [142.945423, 42.555607], [142.945367, 42.555764], [142.945322, 42.555939], [142.945339, 42.556111], [142.945365, 42.556221], [142.94542, 42.55632], [142.945497, 42.556407], [142.945687, 42.556532], [142.946106, 42.55676], [142.946584, 42.557039], [142.946922, 42.557325], [142.947116, 42.557516], [142.947184, 42.557654], [142.947249, 42.557898], [142.947281, 42.558048], [142.947283, 42.558224], [142.947274, 42.558395], [142.947207, 42.558569], [142.947132, 42.558687], [142.947022, 42.558848], [142.946832, 42.559004], [142.946236, 42.559457], [142.945259, 42.56022], [142.945137, 42.560415], [142.945069, 42.560578], [142.945055, 42.560672], [142.945111, 42.560928], [142.945184, 42.561116], [142.94547, 42.561384], [142.946273, 42.561988], [142.946505, 42.562272], [142.94661, 42.562588], [142.946771, 42.56301], [142.947117, 42.563143], [142.948082, 42.563065], [142.948412, 42.563056], [142.948637, 42.563083], [142.949564, 42.563184], [142.950184, 42.563344], [142.950738, 42.563478], [142.951657, 42.563682], [142.951828, 42.563759], [142.951992, 42.563834], [142.95214, 42.563882], [142.952226, 42.5639], [142.952446, 42.563915], [142.952719, 42.563911], [142.952952, 42.563881], [142.9532, 42.563799], [142.953274, 42.563776], [142.953592, 42.563674], [142.953881, 42.563564], [142.954166, 42.563455], [142.954318, 42.563372], [142.954404, 42.563285], [142.954448, 42.563152], [142.954468, 42.562853], [142.954473, 42.562625], [142.954479, 42.562343], [142.954476, 42.562175], [142.954484, 42.562113], [142.954527, 42.562045], [142.954582, 42.562014], [142.954643, 42.562013], [142.954736, 42.562014], [142.954859, 42.562035], [142.955251, 42.562117], [142.955558, 42.562132], [142.955659, 42.562122], [142.955858, 42.56198], [142.955941, 42.561924], [142.956048, 42.561922], [142.956088, 42.561944], [142.956215, 42.562029], [142.95631, 42.562082], [142.956478, 42.562143], [142.956674, 42.562195], [142.957016, 42.562252], [142.957377, 42.562177], [142.957706, 42.562225], [142.958223, 42.562294], [142.958563, 42.562321], [142.95893, 42.562353], [142.959211, 42.562361], [142.959464, 42.562207], [142.959589, 42.562215], [142.959907, 42.562494], [142.960557, 42.562463], [142.960671, 42.562462], [142.960754, 42.562482], [142.960873, 42.562538], [142.960965, 42.562582], [142.961028, 42.562593], [142.961133, 42.562591], [142.961225, 42.562588], [142.961316, 42.562598], [142.961429, 42.562629], [142.96166, 42.562715], [142.961897, 42.562823], [142.962003, 42.562851], [142.962119, 42.56286], [142.96227, 42.562857], [142.962428, 42.562874], [142.962539, 42.562919], [142.962702, 42.562997], [142.962838, 42.563078], [142.96316, 42.563203], [142.963531, 42.563369], [142.963842, 42.563524], [142.963992, 42.563619], [142.964119, 42.56374], [142.964195, 42.563806], [142.964271, 42.5639], [142.964353, 42.564003], [142.964419, 42.564147], [142.964456, 42.564324], [142.964484, 42.564494], [142.964511, 42.564579], [142.964556, 42.564654], [142.964587, 42.564678], [142.964641, 42.564688], [142.964709, 42.564687], [142.964791, 42.564669], [142.965112, 42.564476], [142.965343, 42.564348], [142.965469, 42.56429], [142.9656, 42.564249], [142.965695, 42.564233], [142.965833, 42.564229], [142.966104, 42.564237], [142.96642, 42.564243], [142.966581, 42.564263], [142.966794, 42.564306], [142.967012, 42.564347], [142.967103, 42.564359], [142.967354, 42.564339], [142.967615, 42.564272], [142.967933, 42.564167], [142.968459, 42.563992], [142.968609, 42.563948], [142.968772, 42.563901], [142.968901, 42.563895], [142.969054, 42.563907], [142.969129, 42.563926], [142.96921, 42.563955], [142.969451, 42.564041], [142.969704, 42.564126], [142.970013, 42.564185], [142.970381, 42.564254], [142.970576, 42.564297], [142.970692, 42.564351], [142.970959, 42.564534], [142.971107, 42.564648], [142.971371, 42.564884], [142.97157, 42.565025], [142.971806, 42.56516], [142.972145, 42.565314], [142.972393, 42.565403], [142.972673, 42.565469], [142.973043, 42.565516], [142.973308, 42.565541], [142.973565, 42.565538], [142.97385, 42.5655], [142.974152, 42.565423], [142.974266, 42.565389], [142.97437, 42.565372], [142.974594, 42.565353], [142.974877, 42.565364], [142.975688, 42.565448], [142.976151, 42.565494], [142.977012, 42.565602], [142.977665, 42.565681], [142.977856, 42.565682], [142.978001, 42.565634], [142.978237, 42.565513], [142.978438, 42.565394], [142.978644, 42.565206], [142.97891, 42.564915], [142.979261, 42.564619], [142.979323, 42.564569], [142.979371, 42.564546], [142.979451, 42.564523], [142.979558, 42.564513], [142.979749, 42.564515], [142.979862, 42.564537], [142.98005, 42.564579], [142.980226, 42.564642], [142.98044, 42.564718], [142.980561, 42.564741], [142.980657, 42.564752], [142.980729, 42.564747], [142.980787, 42.564732], [142.980852, 42.564709], [142.980997, 42.564601], [142.981292, 42.56432], [142.981447, 42.564199], [142.981565, 42.564093], [142.981629, 42.564035], [142.98165, 42.56399], [142.981672, 42.563937], [142.981654, 42.563876], [142.981519, 42.563733], [142.98132, 42.563546], [142.981223, 42.56341], [142.981165, 42.563267], [142.981176, 42.563165], [142.981221, 42.563072], [142.98128, 42.563039], [142.98133, 42.563037], [142.981386, 42.563053], [142.981417, 42.563088], [142.981529, 42.563217], [142.981759, 42.563537], [142.981917, 42.563728], [142.98208, 42.563863], [142.982345, 42.564017], [142.982524, 42.564103], [142.982642, 42.56416], [142.982788, 42.564199], [142.983011, 42.564226], [142.983212, 42.564228], [142.983281, 42.564231], [142.983385, 42.564248], [142.98357, 42.564267], [142.983831, 42.564275], [142.984061, 42.56426], [142.984204, 42.564234], [142.98434, 42.564172], [142.984389, 42.564124], [142.984538, 42.563976], [142.98462, 42.563876], [142.984866, 42.563565], [142.985052, 42.563394], [142.985243, 42.563183], [142.98537, 42.563081], [142.985516, 42.563015], [142.985725, 42.56292], [142.985939, 42.562858], [142.986545, 42.56271], [142.986734, 42.562678], [142.986891, 42.562674], [142.98698, 42.562689], [142.987052, 42.562725], [142.987086, 42.562778], [142.987113, 42.562855], [142.987128, 42.563018], [142.987147, 42.563086], [142.987199, 42.56316], [142.987265, 42.5632], [142.987371, 42.563217], [142.987499, 42.563189], [142.987672, 42.563083], [142.987791, 42.562983], [142.987886, 42.56285], [142.987929, 42.562717], [142.987973, 42.562299], [142.987999, 42.562152], [142.988056, 42.562046], [142.988146, 42.561922], [142.988239, 42.561851], [142.988329, 42.561819], [142.98842, 42.561814], [142.988629, 42.561825], [142.988767, 42.561821], [142.989022, 42.561797], [142.989135, 42.56177], [142.989242, 42.561716], [142.989403, 42.56159], [142.989632, 42.561394], [142.989725, 42.561335], [142.989848, 42.561289], [142.990007, 42.561253], [142.990303, 42.56122], [142.990401, 42.561199], [142.990489, 42.561162], [142.990539, 42.561125], [142.99059, 42.561072], [142.990653, 42.560963], [142.990683, 42.560859], [142.990738, 42.560766], [142.990832, 42.560689], [142.990932, 42.560637], [142.991066, 42.560601], [142.991154, 42.560605], [142.991274, 42.560644], [142.99137, 42.560707], [142.991399, 42.560757], [142.991436, 42.560845], [142.991463, 42.560881], [142.991525, 42.560926], [142.991721, 42.560976], [142.99232, 42.561062], [142.992476, 42.561082], [142.992607, 42.561079], [142.992752, 42.56108], [142.992817, 42.561091], [142.992852, 42.561109], [142.992873, 42.561135], [142.992881, 42.561182], [142.992833, 42.561562], [142.992811, 42.561679], [142.992808, 42.561796], [142.99283, 42.561859], [142.992891, 42.561944], [142.992981, 42.562012], [142.993109, 42.56208], [142.993301, 42.56213], [142.993499, 42.562183], [142.99363, 42.562232], [142.993791, 42.562315], [142.993941, 42.562422], [142.994036, 42.562484], [142.994214, 42.562547], [142.994413, 42.562592], [142.994599, 42.562583], [142.994814, 42.56257], [142.994933, 42.562573], [142.995112, 42.562601], [142.995281, 42.562643], [142.995441, 42.562697], [142.995596, 42.562763], [142.995713, 42.562836], [142.995861, 42.562935], [142.995968, 42.562987], [142.996153, 42.563041], [142.996555, 42.563119], [142.996845, 42.563172], [142.997146, 42.563206], [142.997586, 42.56322], [142.997718, 42.56321], [142.997864, 42.563177], [142.998136, 42.563079], [142.998548, 42.562974], [142.998909, 42.562851], [142.999414, 42.562698], [142.99992, 42.562539], [143.000514, 42.562346], [143.00089, 42.562209], [143.001278, 42.562059], [143.0015, 42.56196], [143.001785, 42.561822], [143.001968, 42.561773], [143.002177, 42.561734], [143.002389, 42.561724], [143.002591, 42.561727], [143.002681, 42.561717], [143.002756, 42.561691], [143.002844, 42.561633], [143.002963, 42.561553], [143.003174, 42.561392], [143.003354, 42.561272], [143.003471, 42.561189], [143.003678, 42.561005], [143.003851, 42.560878], [143.00406, 42.560748], [143.004267, 42.560626], [143.004498, 42.560489], [143.004739, 42.560352], [143.004984, 42.560209], [143.005214, 42.560089], [143.005377, 42.559998], [143.005585, 42.559883], [143.005728, 42.559776], [143.006202, 42.559484], [143.006473, 42.559356], [143.006758, 42.559205], [143.006906, 42.559137], [143.007065, 42.559089], [143.007301, 42.559053], [143.007636, 42.559019], [143.007946, 42.559005], [143.008493, 42.559009], [143.008757, 42.559016], [143.008911, 42.559008], [143.009246, 42.558938], [143.009426, 42.558917], [143.009628, 42.558873], [143.009937, 42.558786], [143.01014, 42.558738], [143.010299, 42.558713], [143.010583, 42.558684], [143.010779, 42.558687], [143.011063, 42.558737], [143.011206, 42.558741], [143.01144, 42.558694], [143.01164, 42.558602], [143.011901, 42.55844], [143.012136, 42.558295], [143.012383, 42.558142], [143.012525, 42.558051], [143.012583, 42.557999], [143.012626, 42.557932], [143.012642, 42.557852], [143.012659, 42.5577], [143.012657, 42.557594], [143.012614, 42.557532], [143.012539, 42.55748], [143.012249, 42.557333], [143.012159, 42.55727], [143.012088, 42.557192], [143.012075, 42.557098], [143.012073, 42.556976], [143.0121, 42.556866], [143.012179, 42.556788], [143.012258, 42.556763], [143.012356, 42.55676], [143.012485, 42.55679], [143.012811, 42.556941], [143.013046, 42.557021], [143.013255, 42.55707], [143.013374, 42.557071], [143.013481, 42.557054], [143.013711, 42.556983], [143.013919, 42.556909], [143.014, 42.556843], [143.014024, 42.556779], [143.01402, 42.556481], [143.014039, 42.556432], [143.014089, 42.556383], [143.014192, 42.556317], [143.014297, 42.55628], [143.014429, 42.55626], [143.014903, 42.556269], [143.015064, 42.556263], [143.015257, 42.556241], [143.015476, 42.556214], [143.015591, 42.55621], [143.015721, 42.556218], [143.015883, 42.556247], [143.016224, 42.556319], [143.016847, 42.556491], [143.017531, 42.55668], [143.01781, 42.556752]]}, "properties": {"name": "歴舟川本流", "kind": "国有林の林道"}}, {"type": "Feature", "geometry": {"type": "LineString", "coordinates": [[142.982476, 42.513599], [142.982548, 42.513694], [142.982849, 42.5141], [142.982966, 42.514194], [142.983284, 42.514431], [142.983379, 42.51472], [142.983311, 42.514929], [142.983291, 42.515052], [142.983299, 42.515125], [142.983324, 42.515335], [142.983345, 42.515389], [142.983405, 42.515528], [142.983485, 42.515646], [142.983699, 42.515896], [142.983722, 42.515954], [142.983714, 42.516027], [142.983673, 42.516088], [142.98351, 42.516176], [142.983447, 42.516191], [142.982899, 42.516095], [142.982748, 42.516074], [142.982283, 42.516198], [142.981844, 42.516208], [142.981714, 42.51634], [142.981558, 42.516382], [142.981348, 42.516461], [142.981214, 42.516518], [142.981173, 42.51664], [142.981244, 42.516808], [142.981253, 42.516875], [142.981224, 42.516997], [142.981153, 42.517262], [142.981047, 42.517488], [142.980958, 42.517706], [142.98083, 42.517949], [142.980707, 42.518202], [142.980674, 42.518271], [142.980634, 42.518508], [142.980591, 42.51875], [142.980543, 42.518995], [142.980477, 42.519214], [142.980415, 42.519417], [142.980404, 42.519534], [142.980419, 42.519768], [142.980427, 42.519951], [142.980386, 42.520051], [142.980288, 42.520209], [142.980241, 42.520292], [142.980236, 42.520574], [142.980217, 42.520753], [142.980198, 42.521063], [142.98019, 42.521258], [142.980197, 42.521398], [142.980213, 42.521474], [142.980431, 42.521712], [142.980552, 42.521782], [142.980817, 42.52193], [142.981032, 42.522065], [142.981333, 42.522369], [142.981437, 42.522658], [142.981534, 42.522972], [142.981593, 42.523154], [142.981739, 42.523442], [142.9818, 42.523529], [142.981907, 42.523704], [142.982048, 42.523907], [142.982173, 42.524274], [142.982236, 42.524544], [142.982401, 42.524898], [142.982426, 42.524968], [142.982468, 42.525223], [142.982504, 42.525305], [142.98259, 42.525404], [142.982738, 42.525619]]}, "properties": {"name": "歴舟川支流", "kind": "国有林の林道"}}]}