{"type": "FeatureCollection", "features": [{"type": "Feature", "geometry": {"type": "MultiLineString", "coordinates": [[[143.125725, 42.558351], [143.125991, 42.558299], [143.126161, 42.558303], [143.126334, 42.558337], [143.126841, 42.558603], [143.127329, 42.558747], [143.127404, 42.55876], [143.127506, 42.558751], [143.127556, 42.558724], [143.128183, 42.558468], [143.128377, 42.558431], [143.128656, 42.558424], [143.128783, 42.558438], [143.129424, 42.558533], [143.129586, 42.558542], [143.131158, 42.55849], [143.133202, 42.558112], [143.133948, 42.557775], [143.134578, 42.55717], [143.13533, 42.556133], [143.13561, 42.555748], [143.136361, 42.554844], [143.136575, 42.554699], [143.136746, 42.554644], [143.137527, 42.55442], [143.13767, 42.554359], [143.137883, 42.554199], [143.138061, 42.554052], [143.138242, 42.553966], [143.138441, 42.553918], [143.138571, 42.55391], [143.139488, 42.553974], [143.139756, 42.553949], [143.140967, 42.553727], [143.141352, 42.553658], [143.141724, 42.553519], [143.142802, 42.553031], [143.143888, 42.552538], [143.144731, 42.552205], [143.145217, 42.552013], [143.145809, 42.551864], [143.146036, 42.551832], [143.148189, 42.551696], [143.148556, 42.551616], [143.148725, 42.551513], [143.149548, 42.550787], [143.150023, 42.550091], [143.15016, 42.549785], [143.150192, 42.54961], [143.150186, 42.54902], [143.150147, 42.548126], [143.150166, 42.547983], [143.150251, 42.547841], [143.1504, 42.547685], [143.150556, 42.547592], [143.15125, 42.547372], [143.151956, 42.547157], [143.151996, 42.547145], [143.15221, 42.547126], [143.15243, 42.547126], [143.152638, 42.547172], [143.152871, 42.547269], [143.153529, 42.547658], [143.153866, 42.547716], [143.154216, 42.54771], [143.154495, 42.547651], [143.156029, 42.547034], [143.156898, 42.546626], [143.1573, 42.546315], [143.158489, 42.54543], [143.158976, 42.545158], [143.159547, 42.544983], [143.160053, 42.544879], [143.161766, 42.544693], [143.161905, 42.544678], [143.163767, 42.544561], [143.164386, 42.544339], [143.166513, 42.543601], [143.167218, 42.54332], [143.167451, 42.543152], [143.167626, 42.542918], [143.167769, 42.542504], [143.167814, 42.542218], [143.167815, 42.541826], [143.167724, 42.540517], [143.167731, 42.539755], [143.167808, 42.539314], [143.167884, 42.53917], [143.168107, 42.538744], [143.168581, 42.537787], [143.169119, 42.537233], [143.169572, 42.536838], [143.170626, 42.536271], [143.172404, 42.535407], [143.174337, 42.534408], [143.176101, 42.533498], [143.177788, 42.532628], [143.178976, 42.532084], [143.179255, 42.532009], [143.179552, 42.531985], [143.180301, 42.532018], [143.181613, 42.532085], [143.182127, 42.532005], [143.182652, 42.531801], [143.183358, 42.531359], [143.18355, 42.531131], [143.183655, 42.53089], [143.18409, 42.529282]], [[143.099347, 42.558602], [143.099495, 42.558515], [143.099785, 42.558455], [143.100596, 42.55857], [143.101019, 42.558804], [143.101341, 42.55898], [143.10176, 42.559002], [143.101925, 42.558924], [143.102256, 42.558672], [143.102722, 42.558635], [143.10335, 42.558592], [143.103523, 42.55858], [143.104762, 42.558741], [143.105543, 42.558658], [143.106856, 42.558398], [143.106915, 42.558386], [143.10777, 42.558005], [143.108489, 42.557761], [143.109156, 42.557365], [143.109603, 42.557166], [143.109919, 42.557025], [143.110464, 42.556867], [143.110818, 42.556872], [143.110928, 42.556982], [143.110937, 42.557147], [143.110864, 42.557296], [143.110643, 42.557677], [143.11033, 42.558851], [143.110417, 42.559099], [143.11073, 42.559219], [143.112041, 42.559427], [143.113013, 42.559505], [143.114021, 42.559413], [143.114605, 42.559298], [143.115848, 42.558682], [143.116378, 42.558465], [143.116598, 42.558474], [143.116927, 42.558596], [143.117044, 42.55864], [143.117947, 42.55875], [143.118726, 42.558856], [143.119549, 42.559127], [143.120166, 42.559482], [143.120543, 42.559804], [143.120805, 42.559864], [143.121198, 42.559882], [143.122113, 42.559864], [143.122386, 42.559819], [143.122734, 42.559707], [143.124356, 42.559115], [143.124899, 42.558837], [143.125629, 42.558396], [143.125725, 42.558351]], [[143.09074, 42.555388], [143.090879, 42.55544], [143.091151, 42.555698], [143.091404, 42.556364], [143.091796, 42.556705], [143.091874, 42.556954], [143.091938, 42.557377], [143.092044, 42.557616], [143.092504, 42.558077], [143.092881, 42.558174], [143.09319, 42.558155], [143.093429, 42.557986], [143.093875, 42.558009], [143.094226, 42.558105], [143.094428, 42.558036], [143.094709, 42.557802], [143.094971, 42.55771], [143.095375, 42.557742], [143.096287, 42.557912], [143.096559, 42.558009], [143.096785, 42.558133], [143.097139, 42.55811], [143.097442, 42.558105], [143.097612, 42.558211], [143.097981, 42.558455], [143.098303, 42.558588], [143.098524, 42.558777], [143.098841, 42.558795], [143.099024, 42.558742], [143.099187, 42.558694], [143.099347, 42.558602]], [[143.076414, 42.54796], [143.076966, 42.548199], [143.077339, 42.548204], [143.077748, 42.548204], [143.078163, 42.548291], [143.078793, 42.548517], [143.0793, 42.548835], [143.079507, 42.549138], [143.079733, 42.54942], [143.080661, 42.549934], [143.080791, 42.550064], [143.081048, 42.550436], [143.08138, 42.550695], [143.081628, 42.550984], [143.082006, 42.551316], [143.082084, 42.551472], [143.082066, 42.551624], [143.081426, 42.552379], [143.081385, 42.552539], [143.081454, 42.552724], [143.081836, 42.552982], [143.082834, 42.553396], [143.083027, 42.553433], [143.083653, 42.553553], [143.084371, 42.553943], [143.085016, 42.554248], [143.085679, 42.554289], [143.086677, 42.554244], [143.087262, 42.554299], [143.087584, 42.554441], [143.088223, 42.554891], [143.08861, 42.555017], [143.089756, 42.555132], [143.090309, 42.555228], [143.09074, 42.555388]], [[143.009316, 42.558509], [143.009504, 42.558466], [143.009771, 42.558227], [143.010093, 42.557936], [143.010121, 42.55784], [143.010089, 42.557744], [143.010338, 42.557379], [143.010774, 42.557168], [143.011378, 42.556882], [143.011469, 42.556767], [143.01152, 42.55656], [143.011723, 42.5564], [143.012349, 42.556256], [143.013153, 42.556141], [143.013684, 42.556007], [143.014327, 42.555732], [143.014894, 42.555557], [143.01529, 42.555474], [143.015694, 42.555492], [143.016095, 42.555653], [143.016956, 42.55603], [143.017624, 42.556169], [143.018074, 42.556123], [143.018649, 42.55599], [143.019151, 42.555875], [143.019353, 42.555742], [143.019432, 42.555602], [143.019386, 42.555428], [143.019202, 42.555045], [143.019211, 42.554912], [143.019331, 42.554756], [143.019432, 42.554512], [143.019543, 42.55443], [143.019791, 42.554361], [143.020187, 42.554402], [143.020895, 42.554503], [143.021255, 42.554494], [143.021816, 42.554682], [143.02247, 42.554991], [143.022967, 42.55529], [143.02322, 42.555561], [143.023395, 42.555667], [143.023952, 42.555787], [143.024324, 42.55603], [143.02467, 42.556174], [143.024895, 42.556229], [143.025493, 42.556225], [143.025729, 42.556321], [143.026161, 42.556556], [143.027238, 42.556794], [143.027661, 42.556887], [143.029198, 42.557283], [143.029613, 42.557454], [143.030023, 42.557683], [143.03041, 42.558148], [143.030437, 42.558392], [143.030345, 42.558521], [143.030096, 42.558779], [143.030055, 42.559009], [143.030119, 42.559354], [143.030345, 42.559612], [143.030809, 42.559824], [143.031528, 42.560077], [143.031753, 42.560054], [143.031969, 42.559898], [143.032116, 42.55965], [143.032195, 42.559414], [143.032494, 42.55917], [143.033, 42.558859], [143.033286, 42.558812], [143.033631, 42.558899], [143.033999, 42.559207], [143.034345, 42.559309], [143.034649, 42.55936], [143.034965, 42.559414], [143.035187, 42.559405], [143.036051, 42.559083], [143.036407, 42.558959], [143.036697, 42.558766], [143.037153, 42.558306], [143.037323, 42.558255], [143.037451, 42.558287], [143.037626, 42.558425], [143.037851, 42.558462], [143.039103, 42.55848], [143.039671, 42.558338], [143.040218, 42.558315], [143.041182, 42.558135], [143.041995, 42.558112], [143.042257, 42.558039], [143.042413, 42.557819], [143.042529, 42.557615], [143.043071, 42.557316], [143.043996, 42.556902], [143.04443, 42.556642], [143.044525, 42.556585], [143.044724, 42.55646], [143.045004, 42.55606], [143.045175, 42.555747], [143.046049, 42.55525], [143.046487, 42.554946], [143.047186, 42.554155], [143.047352, 42.5541], [143.047669, 42.554182], [143.048305, 42.554384], [143.04939, 42.554366], [143.049728, 42.554306], [143.050082, 42.554132], [143.050662, 42.553809], [143.051595, 42.553565], [143.052327, 42.553344], [143.052764, 42.553349], [143.053359, 42.553367], [143.053663, 42.553234], [143.053667, 42.55323], [143.053901, 42.553059], [143.05404, 42.552865], [143.054169, 42.55258], [143.05433, 42.552461], [143.054629, 42.552364], [143.054932, 42.552328], [143.055085, 42.552258], [143.055218, 42.552079], [143.05548, 42.551978], [143.055664, 42.5519], [143.055776, 42.551802], [143.05584, 42.551619], [143.055964, 42.551449], [143.056134, 42.551334], [143.056617, 42.551233], [143.057239, 42.55119], [143.057763, 42.551268], [143.058059, 42.55124], [143.058279, 42.551158], [143.058413, 42.551057], [143.058528, 42.550915], [143.058721, 42.550611], [143.058988, 42.550275], [143.059177, 42.55022], [143.05937, 42.550234], [143.059807, 42.550339], [143.06053, 42.55022], [143.061265, 42.550008], [143.061865, 42.549815], [143.062578, 42.549438], [143.062693, 42.54942], [143.063016, 42.549368], [143.063241, 42.549419], [143.063696, 42.549777], [143.064037, 42.550137], [143.064235, 42.550265], [143.064428, 42.550238], [143.064654, 42.550146], [143.065156, 42.550036], [143.065588, 42.549889], [143.065763, 42.549737], [143.065948, 42.549479], [143.066173, 42.549336], [143.066324, 42.549143], [143.066394, 42.549004], [143.066445, 42.548843], [143.066569, 42.548724], [143.066739, 42.548651], [143.06701, 42.548536], [143.067396, 42.54843], [143.067918, 42.548351], [143.068373, 42.548117], [143.068608, 42.548039], [143.069353, 42.547901], [143.069961, 42.54778], [143.070803, 42.547753], [143.071898, 42.547955], [143.072176, 42.548002], [143.072695, 42.548089], [143.073325, 42.548346], [143.073814, 42.548527], [143.074186, 42.548572], [143.074476, 42.548559], [143.075635, 42.548122], [143.076248, 42.547974], [143.076414, 42.54796]], [[142.98345, 42.56494], [142.983914, 42.564838], [142.984671, 42.564594], [142.984894, 42.564489], [142.98507, 42.564349], [142.985131, 42.564226], [142.985167, 42.564125], [142.985226, 42.563971], [142.98528, 42.563875], [142.985459, 42.56367], [142.985638, 42.563519], [142.98571, 42.563501], [142.985788, 42.563509], [142.985892, 42.563547], [142.986006, 42.563635], [142.986082, 42.56376], [142.98616, 42.563892], [142.986274, 42.564051], [142.986352, 42.564089], [142.986416, 42.5641], [142.98655, 42.564087], [142.986741, 42.564019], [142.986999, 42.563889], [142.987384, 42.563751], [142.987741, 42.563675], [142.987979, 42.563645], [142.988405, 42.563529], [142.988605, 42.563427], [142.988705, 42.563348], [142.988783, 42.56326], [142.989102, 42.562879], [142.989269, 42.562736], [142.989336, 42.562682], [142.989407, 42.562647], [142.989566, 42.562609], [142.989747, 42.562549], [142.989883, 42.562453], [142.989981, 42.562359], [142.99008, 42.562207], [142.990123, 42.562173], [142.99019, 42.562127], [142.990277, 42.562107], [142.990409, 42.562091], [142.990584, 42.562064], [142.990661, 42.562043], [142.990769, 42.561968], [142.990882, 42.561864], [142.991289, 42.561497], [142.991484, 42.561339], [142.991653, 42.561296], [142.991778, 42.561299], [142.991932, 42.561317], [142.992058, 42.561335], [142.992631, 42.561417], [142.993088, 42.561497], [142.99325, 42.56155], [142.993965, 42.561884], [142.994382, 42.562063], [142.994556, 42.562118], [142.994803, 42.562162], [142.995045, 42.562154], [142.995255, 42.562111], [142.995403, 42.562086], [142.995506, 42.562084], [142.995623, 42.562084], [142.995697, 42.562104], [142.995989, 42.562189], [142.996209, 42.562262], [142.996589, 42.562547], [142.996828, 42.562639], [142.997021, 42.562644], [142.997256, 42.562575], [142.998039, 42.562087], [142.998578, 42.561797], [142.999198, 42.561609], [142.999756, 42.561337], [143.000275, 42.560992], [143.000663, 42.560885], [143.000957, 42.560923], [143.001403, 42.561157], [143.002071, 42.561272], [143.002277, 42.561235], [143.002438, 42.561157], [143.002664, 42.560817], [143.002885, 42.560725], [143.003138, 42.560601], [143.003654, 42.560071], [143.004118, 42.559708], [143.004662, 42.559556], [143.005035, 42.559482], [143.005458, 42.559311], [143.005808, 42.55917], [143.006625, 42.558799], [143.006987, 42.558635], [143.007088, 42.558589], [143.007428, 42.558497], [143.007925, 42.558474], [143.008293, 42.558553], [143.008583, 42.558667], [143.008809, 42.558668], [143.00903, 42.558599], [143.009209, 42.558534], [143.009316, 42.558509]], [[142.934702, 42.543191], [142.934856, 42.543235], [142.934926, 42.543278], [142.935078, 42.543385], [142.935229, 42.543504], [142.935396, 42.54361], [142.935571, 42.543645], [142.935749, 42.543661], [142.93588, 42.543678], [142.936148, 42.54372], [142.936307, 42.54377], [142.936379, 42.543816], [142.936489, 42.543903], [142.936592, 42.54403], [142.936627, 42.54412], [142.936658, 42.54424], [142.936677, 42.54446], [142.936646, 42.544712], [142.936627, 42.544968], [142.936708, 42.54538], [142.936749, 42.545448], [142.936828, 42.545537], [142.936938, 42.545601], [142.937172, 42.545686], [142.937487, 42.545774], [142.938023, 42.545859], [142.938368, 42.545922], [142.938557, 42.545979], [142.938702, 42.546044], [142.938827, 42.54616], [142.938951, 42.546279], [142.939015, 42.546395], [142.939187, 42.546728], [142.939259, 42.54696], [142.939294, 42.547124], [142.939305, 42.547206], [142.939331, 42.547541], [142.939381, 42.547738], [142.939524, 42.548114], [142.939615, 42.548224], [142.939736, 42.548291], [142.940138, 42.548527], [142.940394, 42.548693], [142.940514, 42.54874], [142.940598, 42.548757], [142.941046, 42.548757], [142.941305, 42.548757], [142.941434, 42.548768], [142.941462, 42.548777], [142.941723, 42.548864], [142.942241, 42.54898], [142.942613, 42.549101], [142.942772, 42.549182], [142.943008, 42.549355], [142.943123, 42.549535], [142.943164, 42.549652], [142.943354, 42.55013], [142.943637, 42.550858], [142.943815, 42.551842], [142.943867, 42.552292], [142.943934, 42.552433], [142.944145, 42.552648], [142.944636, 42.553182], [142.944833, 42.553439], [142.945024, 42.553783], [142.945083, 42.55391], [142.945128, 42.554044], [142.945176, 42.554317], [142.945171, 42.554871], [142.945139, 42.555212], [142.945062, 42.555426], [142.944933, 42.555773], [142.944931, 42.555903], [142.944968, 42.5561], [142.945116, 42.556393], [142.945225, 42.556479], [142.945328, 42.556562], [142.945531, 42.556663], [142.946093, 42.55687], [142.946423, 42.557005], [142.946473, 42.557074], [142.946535, 42.557196], [142.946602, 42.557365], [142.946839, 42.557933], [142.946856, 42.55811], [142.946844, 42.558194], [142.946766, 42.558311], [142.945969, 42.559134], [142.944974, 42.559913], [142.944869, 42.560083], [142.944846, 42.560263], [142.944823, 42.560804], [142.944877, 42.56099], [142.94502, 42.561164], [142.945531, 42.561679], [142.945957, 42.562058], [142.946149, 42.562271], [142.94623, 42.56241], [142.946298, 42.562684], [142.946359, 42.56299], [142.946419, 42.563184], [142.9465, 42.56333], [142.946623, 42.56343], [142.946716, 42.56346], [142.946829, 42.563455], [142.947043, 42.563436], [142.947192, 42.563424], [142.947943, 42.56335], [142.94825, 42.563323], [142.948506, 42.563334], [142.948646, 42.563389], [142.949064, 42.563609], [142.949403, 42.563688], [142.949661, 42.563772], [142.949885, 42.563871], [142.950416, 42.564168], [142.950732, 42.564296], [142.951234, 42.564518], [142.951618, 42.56472], [142.952161, 42.565051], [142.952459, 42.565156], [142.952573, 42.565162], [142.952721, 42.56514], [142.952837, 42.565096], [142.952994, 42.565037], [142.953417, 42.564771], [142.954082, 42.564338], [142.954554, 42.564032], [142.954716, 42.563874], [142.954951, 42.563543], [142.955321, 42.563051], [142.955396, 42.562976], [142.955498, 42.562935], [142.955596, 42.562915], [142.955717, 42.562923], [142.955954, 42.562968], [142.956177, 42.563055], [142.95628, 42.563088], [142.956558, 42.563177], [142.956952, 42.563228], [142.957157, 42.563226], [142.957375, 42.563185], [142.957789, 42.563092], [142.958061, 42.563027], [142.958223, 42.563024], [142.958417, 42.563041], [142.958682, 42.563043], [142.958924, 42.56303], [142.959288, 42.563012], [142.959552, 42.563028], [142.959986, 42.563114], [142.960573, 42.563277], [142.961148, 42.563447], [142.961433, 42.563578], [142.961581, 42.563655], [142.96179, 42.563738], [142.961924, 42.56376], [142.962114, 42.563765], [142.962252, 42.563765], [142.962435, 42.563758], [142.962944, 42.563709], [142.963124, 42.563729], [142.963195, 42.563786], [142.963246, 42.563904], [142.963269, 42.564074], [142.963288, 42.56436], [142.963268, 42.564457], [142.963193, 42.564558], [142.963145, 42.564652], [142.963122, 42.564727], [142.963161, 42.564886], [142.963214, 42.564939], [142.963431, 42.565064], [142.964057, 42.565326], [142.964626, 42.565604], [142.964717, 42.56563], [142.964827, 42.565638], [142.964973, 42.565628], [142.965135, 42.565581], [142.965364, 42.565501], [142.965599, 42.565419], [142.965816, 42.565384], [142.965946, 42.56536], [142.966102, 42.565305], [142.966246, 42.565224], [142.966632, 42.564971], [142.96675, 42.564914], [142.966863, 42.56489], [142.967016, 42.564867], [142.967253, 42.564863], [142.967787, 42.564823], [142.968248, 42.564768], [142.968418, 42.564729], [142.968991, 42.564619], [142.969425, 42.564589], [142.969629, 42.564593], [142.969877, 42.564631], [142.970097, 42.56472], [142.970339, 42.564845], [142.970438, 42.564936], [142.970516, 42.565057], [142.970611, 42.565248], [142.970665, 42.56531], [142.970739, 42.565345], [142.970862, 42.565377], [142.971132, 42.565431], [142.971318, 42.565475], [142.971414, 42.565538], [142.971499, 42.565621], [142.971576, 42.565701], [142.971883, 42.566017], [142.97207, 42.566124], [142.972292, 42.566215], [142.972755, 42.56637], [142.973242, 42.56652], [142.973413, 42.566603], [142.973669, 42.566688], [142.973806, 42.56671], [142.973951, 42.56669], [142.974131, 42.566613], [142.974199, 42.566547], [142.974294, 42.566436], [142.974543, 42.566182], [142.974672, 42.566099], [142.974779, 42.566044], [142.974896, 42.566004], [142.974908, 42.566001], [142.975054, 42.565966], [142.975229, 42.565974], [142.975431, 42.565998], [142.975727, 42.566057], [142.976305, 42.566244], [142.976782, 42.566333], [142.977103, 42.566375], [142.977602, 42.566373], [142.977832, 42.566337], [142.978117, 42.566319], [142.978395, 42.566317], [142.978627, 42.566295], [142.978772, 42.566218], [142.978891, 42.566105], [142.978938, 42.56598], [142.979011, 42.565777], [142.979061, 42.565718], [142.979142, 42.565652], [142.979405, 42.565442], [142.979597, 42.56533], [142.979762, 42.565275], [142.979818, 42.565273], [142.97998, 42.565297], [142.980147, 42.565346], [142.98026, 42.565412], [142.980351, 42.565434], [142.980448, 42.565452], [142.980603, 42.565441], [142.980888, 42.565402], [142.981127, 42.565348], [142.981664, 42.565225], [142.982257, 42.565164], [142.982891, 42.565064], [142.98345, 42.56494]], [[142.922257, 42.543516], [142.922305, 42.543491], [142.922378, 42.543473], [142.922569, 42.543469], [142.92282, 42.543471], [142.923021, 42.54346], [142.923549, 42.543412], [142.924528, 42.54338], [142.924892, 42.543352], [142.925116, 42.543295], [142.925321, 42.543224], [142.92559, 42.543096], [142.925898, 42.542911], [142.926197, 42.542729], [142.926353, 42.542652], [142.926461, 42.542614], [142.926536, 42.542615], [142.926602, 42.542634], [142.926679, 42.542667], [142.927148, 42.542889], [142.92736, 42.54303], [142.927476, 42.543174], [142.927609, 42.543272], [142.927673, 42.543298], [142.927775, 42.543314], [142.928068, 42.543302], [142.928249, 42.543292], [142.928343, 42.543292], [142.928464, 42.543313], [142.92858, 42.543368], [142.928819, 42.543453], [142.929073, 42.543521], [142.929392, 42.54367], [142.929688, 42.54374], [142.93007, 42.543755], [142.930216, 42.543755], [142.930751, 42.543761], [142.931176, 42.54372], [142.93143, 42.543659], [142.93178, 42.543532], [142.932278, 42.543258], [142.932457, 42.543158], [142.932499, 42.543134], [142.932574, 42.54309], [142.932646, 42.543066], [142.932726, 42.543052], [142.932827, 42.543059], [142.933099, 42.543145], [142.933257, 42.543195], [142.933456, 42.543215], [142.933657, 42.543193], [142.93376, 42.543166], [142.934026, 42.543144], [142.934328, 42.543155], [142.934666, 42.54318], [142.934702, 42.543191]], [[142.893602, 42.548844], [142.893616, 42.548845], [142.893868, 42.548908], [142.893966, 42.548945], [142.894004, 42.548971], [142.894107, 42.549058], [142.894158, 42.549132], [142.894449, 42.549532], [142.894853, 42.549982], [142.895096, 42.550313], [142.895274, 42.55044], [142.895515, 42.550565], [142.895653, 42.550608], [142.895819, 42.550617], [142.895922, 42.55061], [142.896116, 42.550587], [142.896275, 42.550575], [142.89638, 42.550579], [142.896544, 42.550615], [142.896787, 42.550709], [142.897272, 42.550972], [142.897588, 42.551188], [142.898256, 42.551635], [142.898917, 42.552083], [142.899678, 42.552562], [142.899862, 42.552697], [142.899934, 42.552776], [142.90002, 42.552927], [142.900139, 42.55324], [142.900204, 42.553343], [142.90032, 42.553445], [142.900434, 42.553539], [142.900713, 42.553801], [142.900959, 42.554099], [142.901185, 42.554385], [142.901394, 42.554667], [142.901466, 42.554765], [142.901572, 42.554971], [142.901711, 42.555311], [142.901844, 42.55553], [142.901971, 42.555664], [142.902138, 42.555797], [142.902281, 42.555889], [142.902439, 42.555943], [142.902606, 42.555964], [142.90291, 42.555957], [142.9031, 42.55592], [142.903202, 42.555861], [142.90327, 42.555783], [142.903302, 42.555666], [142.903297, 42.555514], [142.90327, 42.555391], [142.903212, 42.555196], [142.903077, 42.554888], [142.902868, 42.554447], [142.902846, 42.554357], [142.902852, 42.554286], [142.90288, 42.554239], [142.902928, 42.55418], [142.903141, 42.554016], [142.903356, 42.553871], [142.903613, 42.553723], [142.90388, 42.553606], [142.904288, 42.553395], [142.904403, 42.553325], [142.904472, 42.553259], [142.904514, 42.553206], [142.9046, 42.553067], [142.904632, 42.552969], [142.904626, 42.552905], [142.904598, 42.552794], [142.904511, 42.552599], [142.904473, 42.552471], [142.904474, 42.55237], [142.904503, 42.552289], [142.904575, 42.552195], [142.904651, 42.552151], [142.904899, 42.551979], [142.90497, 42.551915], [142.905024, 42.551823], [142.905065, 42.551705], [142.905304, 42.551079], [142.905379, 42.550793], [142.905389, 42.550591], [142.905375, 42.550503], [142.905347, 42.55041], [142.905333, 42.550325], [142.905326, 42.550208], [142.905316, 42.550092], [142.905316, 42.550088], [142.905273, 42.550007], [142.905185, 42.549919], [142.905071, 42.549855], [142.904629, 42.549683], [142.904513, 42.549616], [142.9045, 42.549582], [142.904496, 42.549517], [142.90451, 42.549357], [142.904554, 42.549215], [142.904627, 42.549123], [142.904723, 42.549021], [142.904951, 42.548898], [142.905251, 42.548804], [142.905368, 42.54873], [142.905464, 42.548645], [142.905686, 42.548437], [142.905894, 42.548315], [142.906224, 42.548101], [142.906469, 42.547957], [142.906589, 42.547836], [142.906714, 42.547645], [142.906764, 42.547477], [142.906786, 42.547315], [142.906771, 42.547195], [142.906754, 42.547099], [142.906779, 42.546853], [142.906821, 42.546782], [142.906905, 42.546702], [142.90698, 42.546617], [142.907019, 42.546517], [142.90704, 42.546384], [142.90706, 42.546204], [142.907104, 42.546102], [142.907163, 42.546054], [142.907293, 42.546002], [142.907592, 42.545933], [142.9077, 42.545888], [142.907767, 42.545825], [142.907799, 42.545759], [142.907821, 42.545704], [142.907892, 42.545598], [142.908021, 42.545524], [142.908417, 42.545384], [142.908543, 42.545367], [142.908619, 42.545368], [142.908676, 42.545371], [142.908804, 42.545399], [142.908969, 42.545503], [142.909124, 42.545632], [142.909226, 42.545705], [142.909285, 42.545733], [142.909378, 42.545744], [142.909574, 42.545727], [142.909785, 42.54568], [142.910037, 42.545581], [142.910158, 42.545542], [142.910267, 42.545514], [142.910448, 42.545484], [142.910578, 42.54546], [142.910789, 42.545391], [142.910963, 42.54531], [142.911067, 42.545221], [142.911075, 42.545214], [142.911167, 42.545095], [142.911246, 42.544981], [142.911536, 42.544622], [142.911855, 42.54426], [142.912086, 42.544014], [142.912324, 42.543824], [142.912646, 42.543652], [142.912861, 42.543611], [142.913034, 42.543607], [142.913137, 42.543623], [142.913296, 42.54367], [142.913471, 42.543784], [142.913575, 42.543887], [142.913686, 42.543965], [142.913834, 42.544014], [142.913971, 42.544052], [142.914331, 42.544103], [142.91454, 42.544141], [142.914701, 42.544202], [142.91485, 42.544311], [142.915005, 42.544451], [142.915083, 42.544574], [142.915107, 42.544683], [142.915103, 42.544897], [142.915105, 42.545204], [142.915133, 42.545317], [142.915203, 42.545491], [142.915265, 42.545658], [142.915296, 42.545771], [142.915314, 42.545934], [142.915311, 42.546515], [142.915314, 42.546684], [142.91534, 42.5468], [142.915389, 42.546913], [142.915549, 42.547077], [142.915673, 42.547139], [142.916021, 42.547291], [142.916199, 42.547351], [142.916259, 42.547364], [142.916325, 42.547367], [142.916385, 42.547345], [142.916512, 42.547278], [142.916793, 42.547034], [142.916994, 42.54689], [142.917115, 42.546827], [142.917217, 42.546809], [142.917728, 42.546736], [142.917766, 42.54673], [142.917928, 42.546688], [142.918104, 42.54661], [142.918467, 42.546517], [142.918675, 42.546495], [142.919289, 42.546424], [142.919634, 42.546359], [142.919756, 42.546319], [142.919838, 42.546244], [142.919944, 42.546111], [142.92017, 42.545847], [142.920566, 42.545452], [142.920815, 42.545299], [142.92101, 42.545106], [142.921121, 42.544928], [142.921242, 42.544682], [142.921315, 42.544532], [142.92145, 42.54431], [142.921709, 42.544004], [142.92199, 42.543741], [142.922222, 42.543533], [142.922257, 42.543516]], [[142.871789, 42.559975], [142.871943, 42.55997], [142.872133, 42.559936], [142.872384, 42.559863], [142.872711, 42.55979], [142.872985, 42.559694], [142.873122, 42.559627], [142.873243, 42.559537], [142.873456, 42.559278], [142.873494, 42.559205], [142.873502, 42.559137], [142.873555, 42.558833], [142.873677, 42.558501], [142.87373, 42.558439], [142.873806, 42.558394], [142.873943, 42.558361], [142.874065, 42.558361], [142.874179, 42.558383], [142.874453, 42.558507], [142.874551, 42.558535], [142.874901, 42.558647], [142.875, 42.558653], [142.875168, 42.55862], [142.875281, 42.558563], [142.875563, 42.558383], [142.875677, 42.558243], [142.875806, 42.557843], [142.875852, 42.557753], [142.875966, 42.557624], [142.876194, 42.557455], [142.876339, 42.557393], [142.876985, 42.557219], [142.877471, 42.557078], [142.877646, 42.557078], [142.877791, 42.557117], [142.878126, 42.557281], [142.878301, 42.557354], [142.878483, 42.557399], [142.878856, 42.557427], [142.879639, 42.557522], [142.879867, 42.557562], [142.880034, 42.557579], [142.880331, 42.55763], [142.880665, 42.55767], [142.880749, 42.55768], [142.881084, 42.557703], [142.881129, 42.557703], [142.88148, 42.557693], [142.881655, 42.557654], [142.881848, 42.557589], [142.882038, 42.557526], [142.882164, 42.557504], [142.882408, 42.557478], [142.882493, 42.557457], [142.882574, 42.557415], [142.882659, 42.557343], [142.882743, 42.557208], [142.882816, 42.557066], [142.882913, 42.556987], [142.883189, 42.556821], [142.883681, 42.556484], [142.88375, 42.556442], [142.883834, 42.556402], [142.883909, 42.556376], [142.884016, 42.556347], [142.884543, 42.556269], [142.884979, 42.556228], [142.885456, 42.556209], [142.885684, 42.556199], [142.885816, 42.556197], [142.885919, 42.556192], [142.886105, 42.556161], [142.886196, 42.55613], [142.886306, 42.556068], [142.886393, 42.55601], [142.886672, 42.555838], [142.886984, 42.555641], [142.887285, 42.555412], [142.887511, 42.555186], [142.887631, 42.555001], [142.887744, 42.554751], [142.887789, 42.554618], [142.887868, 42.554237], [142.887957, 42.553739], [142.887994, 42.553512], [142.888049, 42.553366], [142.888087, 42.553283], [142.888211, 42.553031], [142.888346, 42.552763], [142.888514, 42.552472], [142.888567, 42.552402], [142.888582, 42.552382], [142.888703, 42.55228], [142.888963, 42.552172], [142.889256, 42.552092], [142.889425, 42.552011], [142.889521, 42.551919], [142.889571, 42.551825], [142.889624, 42.551689], [142.889678, 42.551554], [142.889772, 42.551394], [142.88991, 42.551157], [142.889969, 42.551018], [142.890054, 42.55072], [142.890079, 42.550596], [142.890123, 42.550437], [142.890236, 42.55025], [142.890304, 42.550181], [142.890383, 42.550142], [142.890473, 42.550118], [142.890585, 42.550116], [142.890774, 42.55013], [142.891047, 42.55018], [142.891131, 42.550184], [142.891226, 42.550176], [142.891295, 42.550157], [142.891441, 42.55009], [142.891642, 42.549935], [142.891852, 42.549737], [142.892277, 42.549396], [142.892459, 42.54929], [142.892877, 42.549078], [142.893123, 42.548949], [142.893424, 42.548849], [142.893536, 42.54884], [142.893602, 42.548844]], [[142.853944, 42.570017], [142.854026, 42.569966], [142.854092, 42.569913], [142.854195, 42.569788], [142.854223, 42.569662], [142.854239, 42.569561], [142.854299, 42.569421], [142.854406, 42.569314], [142.854543, 42.569252], [142.854863, 42.569174], [142.854946, 42.569134], [142.85506, 42.569044], [142.855189, 42.568903], [142.855319, 42.568813], [142.855455, 42.568757], [142.855608, 42.568734], [142.856049, 42.568723], [142.856231, 42.568723], [142.856376, 42.568757], [142.856566, 42.56883], [142.856649, 42.568847], [142.856817, 42.568841], [142.856984, 42.568796], [142.857266, 42.568684], [142.857494, 42.568633], [142.857635, 42.568578], [142.857881, 42.568431], [142.857996, 42.568397], [142.858254, 42.568397], [142.85836, 42.568414], [142.858718, 42.568425], [142.858931, 42.568464], [142.85906, 42.568509], [142.859197, 42.568532], [142.859547, 42.568532], [142.859653, 42.568521], [142.859919, 42.568487], [142.860011, 42.568442], [142.860125, 42.568341], [142.860178, 42.568251], [142.860246, 42.568059], [142.860292, 42.568009], [142.860444, 42.567902], [142.860809, 42.567727], [142.861136, 42.567525], [142.861258, 42.567485], [142.861342, 42.567491], [142.861364, 42.567502], [142.861463, 42.567603], [142.861504, 42.56764], [142.861646, 42.567716], [142.861699, 42.567733], [142.861859, 42.567722], [142.861973, 42.567677], [142.862201, 42.567547], [142.862429, 42.567356], [142.862566, 42.567283], [142.862665, 42.567266], [142.862863, 42.567271], [142.863179, 42.567346], [142.86322, 42.567356], [142.863372, 42.567333], [142.863577, 42.567271], [142.864087, 42.567165], [142.864254, 42.567148], [142.864368, 42.567114], [142.864452, 42.567064], [142.86452, 42.566996], [142.864614, 42.56681], [142.864749, 42.566703], [142.864919, 42.566596], [142.865029, 42.566445], [142.865033, 42.56634], [142.865015, 42.566225], [142.864939, 42.566028], [142.864939, 42.565882], [142.864984, 42.565814], [142.865098, 42.565775], [142.865288, 42.565764], [142.865433, 42.56578], [142.865646, 42.565854], [142.865714, 42.565876], [142.865813, 42.565899], [142.865965, 42.565893], [142.866049, 42.565859], [142.866196, 42.565733], [142.866254, 42.56564], [142.866315, 42.565482], [142.866384, 42.565246], [142.866406, 42.565083], [142.866428, 42.565038], [142.866477, 42.564977], [142.866604, 42.564903], [142.866741, 42.564863], [142.866969, 42.564807], [142.867063, 42.56477], [142.867167, 42.564652], [142.867213, 42.564503], [142.86722, 42.564272], [142.867251, 42.564194], [142.867304, 42.564149], [142.867503, 42.564089], [142.867585, 42.564036], [142.867669, 42.563969], [142.867966, 42.563862], [142.868031, 42.563827], [142.868156, 42.563704], [142.868338, 42.563406], [142.86846, 42.563305], [142.86868, 42.563153], [142.86874, 42.563106], [142.868758, 42.563031], [142.868756, 42.5629], [142.86879, 42.562858], [142.868849, 42.562811], [142.869049, 42.562707], [142.869121, 42.562641], [142.869168, 42.562585], [142.869203, 42.56249], [142.86941, 42.562326], [142.869468, 42.562249], [142.869471, 42.562044], [142.869554, 42.561971], [142.869646, 42.561937], [142.869996, 42.561826], [142.870034, 42.561814], [142.870184, 42.561747], [142.870635, 42.561476], [142.870798, 42.561343], [142.870848, 42.561262], [142.870872, 42.561183], [142.870817, 42.560778], [142.87084, 42.560671], [142.870946, 42.560525], [142.871061, 42.560429], [142.871194, 42.560374], [142.87122, 42.560357], [142.871789, 42.559975]]]}, "properties": {"id": "RC-001", "name": "ヤオロオマプ川（今の歴舟川本流、尾田より上流）", "historic_names": "ヤオロオマプ川、ヤオロマップ川、ヤロマップ川、日方川", "mapping": "明治44年の鉱物調査概報は、歴舟川が上流で「ヤオロオマツプ」「ルーツルオマツプ」「ヌピナイ」の三支流に分かれると書く。今の尾田の合流点で分かれる三つの川（本流、歴舟中の川、ヌビナイ川）と並びが合う。源流近くに「ヤオロマップ左沢」の名が残り、1950年の報告も本流を「日方川（ヤオロマップ川）」と呼ぶ。対応は推測だが確度は高い。", "period": "明治39年〜大正（許可）。明治43年に採取の記録", "summary": "明治39〜40年に神谷傳兵衛、明治41年に渡邊徹三（砂5965、砂5972）が「歴舟川上流ヤオロオマプ川」の筋で砂金採取の許可を受けた。大正元年に尾田又五郎が「ヤオロマプ川筋」延長1里26町（約6.8 km）で登録（十勝砂登録第8号）。明治44年の概報は、産金地は「水源ヨリ尾田村ニ至ル間ノ山間ノ河床」で、当時はヤオロオマップとルーツルオマップの二支流で専ら採取され、年々十数人から数十人が稼ぎ、良い場所では1人1日1〜2匁（約4〜8 g）と書く。 伊木（1912）：砂金は古生層か中生層の岩の割れ目にあり、水眼鏡で拾う。径3 mm ほどの粗い粒が普通で、1910年には約10匁（約37 g）の大粒が出た。1人1日の収得は平均1匁1〜2分（約4.1〜4.5 g）。", "production": "明治43年：砂5965 180匁（延長2里）、砂5972 168匁（渡邊徹三、ヤオロマップ川筋）。登8（尾田又五郎、ヤオロマプ川筋、延長1里26町）：大正2年 120、大正3年 115、大正5年 10、大正6年 75、大正7年 75、大正11年 40、大正13年 36匁。登7（諏訪民之助、上歴舟原野三線、98,267坪、川筋は不明）：大正2年 112、大正3年 163、大正4年 174、大正5年 185、大正6年 24、大正7年 73、大正8年 10、大正9年 18匁。", "record_confidence": "高（官報、鉱区一覧、鉱物調査概報）", "section_known": "川筋まで。起点と終点は書かれていない", "sources": ["SRC-025", "SRC-027", "SRC-028", "SRC-029", "SRC-030", "SRC-032", "SRC-034", "SRC-041", "SRC-043"]}}, {"type": "Feature", "geometry": {"type": "MultiLineString", "coordinates": [[[143.051106, 42.540764], [143.051297, 42.540764], [143.051671, 42.540847], [143.052035, 42.540859], [143.052275, 42.540937], [143.052599, 42.540998], [143.052761, 42.541093], [143.053024, 42.541334], [143.053628, 42.541473], [143.054556, 42.541485], [143.055031, 42.541635], [143.055306, 42.541619], [143.056356, 42.541446], [143.056749, 42.54129], [143.056883, 42.541301], [143.057252, 42.541418], [143.057475, 42.541424], [143.057643, 42.541362], [143.058089, 42.541061], [143.058225, 42.540983], [143.058387, 42.540999], [143.058566, 42.541094], [143.05875, 42.541323], [143.058974, 42.541687], [143.059555, 42.542312], [143.059768, 42.542464], [143.060494, 42.542537], [143.060712, 42.54259], [143.061608, 42.54281], [143.062106, 42.543058], [143.062508, 42.543219], [143.062826, 42.543409], [143.063318, 42.543499], [143.064027, 42.543487], [143.064313, 42.543381], [143.065341, 42.542801], [143.065818, 42.542509], [143.066063, 42.542459], [143.066292, 42.542492], [143.06674, 42.542627], [143.067042, 42.54276], [143.067338, 42.543151], [143.067579, 42.543426], [143.067863, 42.543521], [143.068887, 42.543639], [143.06996, 42.543924], [143.070502, 42.544113], [143.070665, 42.54417], [143.070877, 42.544354], [143.071168, 42.544835], [143.071526, 42.545114], [143.071799, 42.545282], [143.072231, 42.545372], [143.072666, 42.545367], [143.073109, 42.545322], [143.073523, 42.545411], [143.073981, 42.545501], [143.074422, 42.545646], [143.074763, 42.545719], [143.07493, 42.545886], [143.075361, 42.546764], [143.075451, 42.54705], [143.075602, 42.547217], [143.076266, 42.547546], [143.076385, 42.547721], [143.076414, 42.54796]], [[142.99893, 42.536311], [142.999039, 42.536323], [143.000269, 42.537138], [143.000885, 42.537475], [143.001064, 42.537459], [143.001232, 42.537397], [143.001624, 42.537139], [143.002126, 42.537022], [143.002501, 42.537], [143.002679, 42.537089], [143.002796, 42.53724], [143.00288, 42.537513], [143.003194, 42.538631], [143.003418, 42.539046], [143.003608, 42.539275], [143.003843, 42.539353], [143.004335, 42.539393], [143.004609, 42.539504], [143.0051, 42.539845], [143.005184, 42.539995], [143.005201, 42.540399], [143.005313, 42.540868], [143.005414, 42.540997], [143.005632, 42.541137], [143.0059, 42.541271], [143.005921, 42.541287], [143.00609, 42.541416], [143.006269, 42.541656], [143.006426, 42.541836], [143.006655, 42.542003], [143.006778, 42.542321], [143.006818, 42.542669], [143.006784, 42.542925], [143.006655, 42.543104], [143.006482, 42.543194], [143.005795, 42.543451], [143.005689, 42.543602], [143.005784, 42.543843], [143.006113, 42.544089], [143.006778, 42.54448], [143.007331, 42.544921], [143.007941, 42.545207], [143.008829, 42.545749], [143.009389, 42.546124], [143.009691, 42.546168], [143.009892, 42.54614], [143.010083, 42.545995], [143.010653, 42.54551], [143.010921, 42.545432], [143.011295, 42.54551], [143.01144, 42.545598], [143.011553, 42.545666], [143.011927, 42.54594], [143.012575, 42.54633], [143.013018, 42.546427], [143.01351, 42.546494], [143.013884, 42.546527], [143.014511, 42.546544], [143.01498, 42.546661], [143.015359, 42.546806], [143.015596, 42.546829], [143.015746, 42.546756], [143.016171, 42.546404], [143.016327, 42.546354], [143.016489, 42.546343], [143.016612, 42.546404], [143.016814, 42.546544], [143.017071, 42.546583], [143.017892, 42.546661], [143.018128, 42.546762], [143.018368, 42.547019], [143.018637, 42.547366], [143.018972, 42.547706], [143.019235, 42.547835], [143.019521, 42.547902], [143.019744, 42.547858], [143.019928, 42.547724], [143.020168, 42.547478], [143.020398, 42.547378], [143.020578, 42.54736], [143.020712, 42.547315], [143.020823, 42.547224], [143.020902, 42.547159], [143.021119, 42.546936], [143.021298, 42.546863], [143.021684, 42.546869], [143.022333, 42.546801], [143.022563, 42.546852], [143.022853, 42.54698], [143.023126, 42.547147], [143.023691, 42.547729], [143.02401, 42.548043], [143.024234, 42.548121], [143.024485, 42.548132], [143.02482, 42.548082], [143.025118, 42.547953], [143.025274, 42.547864], [143.025448, 42.547641], [143.025615, 42.547233], [143.0258, 42.547125], [143.026035, 42.547131], [143.026844, 42.547176], [143.027125, 42.547069], [143.02736, 42.546829], [143.027633, 42.546595], [143.02784, 42.546534], [143.02816, 42.546572], [143.028462, 42.546522], [143.029523, 42.546159], [143.029974, 42.546022], [143.030429, 42.545885], [143.030776, 42.545734], [143.031077, 42.545467], [143.031363, 42.545275], [143.031553, 42.545175], [143.031631, 42.54508], [143.031654, 42.544962], [143.031581, 42.544717], [143.031638, 42.544497], [143.031828, 42.544391], [143.032313, 42.544157], [143.033214, 42.543917], [143.033828, 42.543872], [143.033992, 42.543917], [143.03436, 42.544168], [143.034516, 42.544213], [143.034639, 42.544196], [143.034768, 42.544107], [143.035019, 42.543917], [143.035203, 42.543811], [143.035439, 42.543805], [143.036434, 42.543783], [143.036759, 42.543732], [143.037239, 42.543699], [143.037474, 42.543632], [143.037872, 42.543436], [143.038207, 42.543224], [143.03847, 42.543157], [143.038755, 42.54309], [143.038894, 42.543017], [143.039052, 42.542815], [143.039081, 42.5428], [143.039331, 42.54267], [143.039482, 42.542625], [143.03975, 42.542637], [143.040068, 42.54272], [143.040243, 42.542804], [143.040723, 42.543067], [143.040924, 42.543089], [143.041069, 42.54305], [143.041192, 42.542944], [143.041276, 42.542838], [143.041243, 42.542447], [143.041339, 42.542072], [143.041506, 42.541854], [143.04173, 42.541675], [143.04201, 42.541602], [143.042328, 42.541518], [143.04282, 42.54149], [143.043123, 42.541451], [143.043536, 42.541373], [143.04371, 42.541323], [143.043905, 42.541312], [143.044324, 42.541412], [143.044839, 42.541462], [143.045213, 42.541529], [143.045314, 42.541507], [143.045414, 42.541418], [143.045683, 42.54106], [143.045879, 42.540904], [143.046264, 42.54068], [143.046516, 42.540495], [143.04674, 42.540378], [143.04698, 42.540267], [143.047215, 42.540188], [143.047646, 42.540132], [143.047956, 42.540142], [143.04816, 42.540149], [143.048355, 42.540071], [143.048613, 42.539998], [143.048786, 42.540015], [143.049026, 42.540099], [143.0493, 42.540311], [143.049501, 42.540573], [143.049714, 42.540691], [143.050257, 42.540786], [143.050782, 42.540814], [143.050922, 42.540797], [143.05109, 42.540764], [143.051106, 42.540764]], [[142.982636, 42.526006], [142.982607, 42.526164], [142.982607, 42.526254], [142.982769, 42.526649], [142.983164, 42.527269], [142.983339, 42.527452], [142.983594, 42.527599], [142.983839, 42.52766], [142.983957, 42.527682], [142.98416, 42.527668], [142.984428, 42.527644], [142.984717, 42.527615], [142.984831, 42.527599], [142.985083, 42.527495], [142.985211, 42.527471], [142.985399, 42.527436], [142.985597, 42.527418], [142.985791, 42.52745], [142.986061, 42.527538], [142.986224, 42.527605], [142.986479, 42.527796], [142.986676, 42.528067], [142.986762, 42.528224], [142.986884, 42.528342], [142.987345, 42.52856], [142.987998, 42.528835], [142.988538, 42.529052], [142.988994, 42.529311], [142.989584, 42.529732], [142.990053, 42.53007], [142.990194, 42.530177], [142.990288, 42.530214], [142.990312, 42.530224], [142.990466, 42.530251], [142.990765, 42.530237], [142.991371, 42.530182], [142.991551, 42.53019], [142.991701, 42.530217], [142.991791, 42.530272], [142.991917, 42.530469], [142.991953, 42.53059], [142.991945, 42.530751], [142.991839, 42.531022], [142.991791, 42.531144], [142.991791, 42.531246], [142.991827, 42.531364], [142.99187, 42.531439], [142.991964, 42.531522], [142.992102, 42.531608], [142.992709, 42.531919], [142.992957, 42.532094], [142.993057, 42.53218], [142.993132, 42.532258], [142.993222, 42.532368], [142.993342, 42.532561], [142.993395, 42.532626], [142.993591, 42.532834], [142.993699, 42.532959], [142.993793, 42.533094], [142.993813, 42.53318], [142.993813, 42.533245], [142.993807, 42.533297], [142.993771, 42.53338], [142.993589, 42.533584], [142.993403, 42.533723], [142.993238, 42.533874], [142.993161, 42.534013], [142.993159, 42.53404], [142.993168, 42.53409], [142.993184, 42.534131], [142.99322, 42.53416], [142.993277, 42.534197], [142.993375, 42.534237], [142.993769, 42.534312], [142.993867, 42.534341], [142.993957, 42.534376], [142.994041, 42.534429], [142.994172, 42.534546], [142.994302, 42.534644], [142.994822, 42.534935], [142.994954, 42.535023], [142.995338, 42.535287], [142.995529, 42.535416], [142.995767, 42.535577], [142.995952, 42.535675], [142.996211, 42.535751], [142.996502, 42.535736], [142.996765, 42.535719], [142.996904, 42.535758], [142.997178, 42.535937], [142.997362, 42.535987], [142.997508, 42.536015], [142.997619, 42.536054], [142.997844, 42.5363], [142.998308, 42.536412], [142.998592, 42.536379], [142.998877, 42.536306], [142.99893, 42.536311]], [[142.936366, 42.499824], [142.936587, 42.499728], [142.936648, 42.499672], [142.93667, 42.499621], [142.936754, 42.499542], [142.936837, 42.499514], [142.936982, 42.499514], [142.937126, 42.499559], [142.937308, 42.499554], [142.937452, 42.499497], [142.937505, 42.499464], [142.937574, 42.499385], [142.937673, 42.499075], [142.937802, 42.498935], [142.937817, 42.498833], [142.937855, 42.498771], [142.937916, 42.498738], [142.938136, 42.498738], [142.938326, 42.498788], [142.938485, 42.498834], [142.938698, 42.498834], [142.938865, 42.498789], [142.939024, 42.498699], [142.939085, 42.498614], [142.939123, 42.498485], [142.939131, 42.498406], [142.939161, 42.498299], [142.939169, 42.498147], [142.939229, 42.498017], [142.939283, 42.497804], [142.939366, 42.497708], [142.939457, 42.497646], [142.939579, 42.497595], [142.939678, 42.497573], [142.940012, 42.49755], [142.940057, 42.497528], [142.940065, 42.497444], [142.940012, 42.497292], [142.939981, 42.497044], [142.940004, 42.496971], [142.940049, 42.496915], [142.940209, 42.496768], [142.940247, 42.496734], [142.940331, 42.496583], [142.940338, 42.496431], [142.940369, 42.496392], [142.940536, 42.49633], [142.940649, 42.496301], [142.940703, 42.496296], [142.940786, 42.496262], [142.940961, 42.496251], [142.941158, 42.496251], [142.941272, 42.496183], [142.941341, 42.496099], [142.941356, 42.495969], [142.941348, 42.49589], [142.941386, 42.495755], [142.941439, 42.495699], [142.941584, 42.49562], [142.941698, 42.49557], [142.941766, 42.495474], [142.941857, 42.495305], [142.941986, 42.49521], [142.942085, 42.495159], [142.942176, 42.495125], [142.94229, 42.495018], [142.942374, 42.494962], [142.942427, 42.494945], [142.942609, 42.494951], [142.943065, 42.494957], [142.943179, 42.494996], [142.943391, 42.495099], [142.943422, 42.495114], [142.943672, 42.495165], [142.943839, 42.495187], [142.943976, 42.495238], [142.944204, 42.495356], [142.944318, 42.495384], [142.944644, 42.495396], [142.944682, 42.495401], [142.94491, 42.495525], [142.945077, 42.495581], [142.945229, 42.495598], [142.945525, 42.495598], [142.945669, 42.495638], [142.945821, 42.495671], [142.945912, 42.4957], [142.946026, 42.495784], [142.946094, 42.49588], [142.946125, 42.495942], [142.946284, 42.496127], [142.946307, 42.496206], [142.946299, 42.496437], [142.946117, 42.496791], [142.946102, 42.496898], [142.946102, 42.497095], [142.946087, 42.497179], [142.946109, 42.497348], [142.946163, 42.497416], [142.946314, 42.497568], [142.946375, 42.497697], [142.946436, 42.497753], [142.946846, 42.497922], [142.94696, 42.497995], [142.947013, 42.49808], [142.947127, 42.498316], [142.947188, 42.498395], [142.947294, 42.498457], [142.947583, 42.498507], [142.947833, 42.498502], [142.948, 42.498535], [142.948221, 42.498535], [142.948418, 42.498496], [142.948646, 42.498406], [142.948859, 42.498316], [142.949208, 42.498254], [142.949405, 42.498198], [142.949595, 42.498108], [142.949694, 42.498035], [142.949823, 42.497962], [142.950051, 42.497877], [142.95015, 42.497815], [142.950218, 42.497714], [142.950279, 42.497613], [142.950332, 42.497545], [142.950385, 42.497439], [142.9504, 42.497332], [142.950552, 42.497084], [142.950658, 42.496983], [142.950722, 42.496935], [142.950879, 42.496819], [142.951031, 42.496662], [142.951258, 42.496549], [142.951516, 42.496392], [142.951683, 42.496324], [142.951873, 42.496274], [142.952116, 42.49615], [142.952253, 42.496049], [142.952435, 42.495818], [142.952564, 42.495649], [142.952656, 42.495554], [142.952838, 42.495402], [142.953005, 42.495171], [142.953073, 42.495115], [142.953347, 42.494951], [142.95343, 42.494895], [142.953529, 42.494766], [142.953613, 42.494692], [142.95381, 42.494597], [142.953893, 42.494535], [142.953947, 42.49444], [142.953969, 42.494304], [142.954023, 42.494192], [142.954015, 42.494034], [142.953939, 42.493854], [142.953947, 42.493747], [142.954008, 42.49364], [142.954038, 42.4935], [142.954121, 42.493286], [142.954136, 42.493263], [142.954235, 42.49319], [142.954379, 42.493117], [142.954478, 42.493027], [142.9546, 42.492943], [142.954699, 42.492903], [142.954805, 42.492892], [142.954949, 42.492847], [142.955109, 42.492762], [142.9552, 42.492734], [142.955344, 42.492723], [142.95539, 42.492712], [142.955473, 42.492712], [142.955618, 42.49274], [142.955731, 42.49274], [142.95583, 42.492729], [142.955967, 42.492695], [142.95602, 42.492672], [142.956187, 42.492678], [142.956301, 42.492729], [142.956445, 42.492774], [142.956597, 42.49278], [142.956673, 42.492769], [142.957075, 42.492774], [142.957204, 42.492814], [142.957546, 42.492949], [142.957706, 42.492971], [142.957812, 42.493022], [142.957843, 42.49305], [142.957858, 42.493145], [142.957949, 42.493202], [142.958048, 42.493202], [142.958146, 42.493179], [142.958283, 42.493185], [142.958359, 42.493213], [142.958549, 42.493387], [142.958573, 42.493416], [142.958632, 42.493483], [142.958678, 42.493584], [142.958761, 42.493928], [142.958761, 42.49404], [142.958799, 42.494265], [142.958845, 42.494344], [142.959012, 42.494524], [142.959126, 42.494603], [142.959262, 42.494665], [142.959445, 42.494665], [142.959612, 42.494631], [142.959695, 42.494586], [142.959733, 42.494546], [142.959809, 42.49435], [142.959794, 42.494035], [142.959817, 42.493939], [142.95987, 42.493849], [142.959976, 42.493736], [142.960075, 42.493691], [142.960371, 42.493596], [142.960538, 42.493528], [142.960812, 42.493382], [142.961108, 42.493275], [142.961283, 42.493157], [142.961404, 42.493123], [142.961564, 42.493123], [142.961662, 42.493162], [142.961883, 42.493292], [142.961989, 42.493382], [142.962034, 42.493562], [142.96211, 42.493674], [142.962148, 42.493759], [142.962186, 42.493916], [142.962216, 42.493973], [142.962346, 42.494102], [142.962505, 42.494361], [142.962672, 42.494485], [142.962816, 42.494547], [142.963158, 42.494654], [142.963295, 42.494715], [142.963447, 42.494755], [142.963667, 42.494794], [142.963925, 42.494884], [142.964069, 42.494884], [142.964161, 42.494811], [142.964183, 42.494772], [142.964206, 42.49458], [142.964267, 42.494502], [142.964373, 42.494451], [142.964449, 42.494451], [142.964495, 42.494468], [142.964685, 42.494603], [142.964814, 42.494665], [142.965034, 42.494715], [142.965467, 42.494744], [142.965725, 42.494715], [142.965824, 42.494682], [142.965942, 42.494604], [142.966029, 42.494547], [142.966309, 42.494457], [142.966461, 42.494361], [142.966591, 42.494198], [142.966682, 42.494147], [142.966932, 42.494085], [142.967221, 42.494068], [142.96732, 42.49404], [142.967396, 42.49399], [142.967441, 42.493905], [142.967472, 42.493776], [142.96757, 42.493596], [142.967677, 42.493433], [142.967738, 42.493281], [142.967829, 42.493134], [142.968034, 42.492926], [142.968216, 42.492611], [142.968353, 42.492425], [142.968444, 42.492341], [142.96852, 42.492302], [142.968626, 42.492279], [142.968861, 42.492178], [142.968998, 42.49215], [142.969294, 42.492138], [142.969378, 42.492122], [142.969469, 42.492082], [142.96953, 42.492009], [142.969583, 42.49188], [142.969704, 42.491705], [142.969788, 42.491621], [142.970008, 42.491463], [142.970191, 42.491317], [142.970312, 42.491255], [142.970418, 42.491233], [142.970548, 42.491227], [142.970722, 42.491193], [142.970919, 42.491193], [142.97098, 42.491204], [142.970996, 42.491216], [142.971109, 42.491238], [142.971337, 42.491261], [142.97158, 42.491311], [142.971884, 42.491447], [142.971983, 42.491463], [142.972165, 42.49148], [142.9724, 42.491537], [142.97278, 42.491593], [142.97316, 42.491694], [142.97341, 42.491694], [142.973539, 42.491689], [142.973684, 42.4917], [142.973767, 42.491717], [142.974018, 42.491728], [142.974117, 42.49175], [142.974268, 42.49175], [142.974466, 42.491705], [142.974588, 42.491705], [142.974701, 42.491756], [142.974786, 42.4918], [142.974906, 42.491863], [142.975119, 42.492004], [142.975301, 42.492071], [142.975483, 42.492122], [142.97559, 42.4922], [142.975696, 42.492369], [142.975772, 42.492465], [142.975833, 42.4926], [142.975848, 42.492696], [142.975848, 42.492876], [142.975795, 42.493079], [142.975704, 42.493298], [142.975506, 42.493579], [142.975408, 42.493681], [142.975142, 42.494035], [142.974861, 42.494384], [142.974808, 42.494479], [142.974724, 42.494733], [142.974694, 42.49489], [142.974557, 42.495307], [142.974557, 42.495447], [142.974618, 42.495582], [142.974701, 42.495689], [142.97486, 42.495808], [142.974898, 42.495819], [142.975164, 42.495988], [142.975339, 42.49605], [142.975688, 42.496134], [142.975863, 42.496207], [142.975961, 42.496241], [142.976402, 42.496337], [142.976501, 42.496376], [142.976554, 42.496421], [142.976653, 42.496562], [142.976721, 42.496635], [142.976881, 42.496747], [142.977078, 42.496843], [142.977192, 42.496871], [142.977289, 42.49688], [142.977475, 42.496905], [142.977558, 42.496939], [142.977614, 42.496982], [142.977756, 42.497161], [142.977777, 42.497196], [142.977784, 42.497234], [142.977783, 42.497343], [142.977746, 42.497453], [142.977706, 42.4976], [142.977676, 42.497711], [142.977649, 42.497791], [142.977617, 42.497858], [142.97758, 42.497925], [142.977491, 42.498051], [142.977473, 42.498109], [142.977469, 42.49818], [142.977476, 42.49827], [142.977511, 42.498355], [142.977578, 42.498424], [142.97776, 42.49858], [142.978015, 42.498716], [142.978089, 42.498776], [142.978142, 42.498851], [142.978316, 42.499061], [142.978416, 42.499203], [142.978486, 42.499348], [142.978493, 42.499392], [142.978487, 42.499459], [142.978421, 42.499651], [142.978377, 42.499784], [142.978362, 42.499854], [142.978368, 42.499961], [142.978415, 42.500054], [142.978591, 42.500263], [142.97876, 42.50043], [142.978884, 42.500554], [142.978949, 42.500594], [142.979006, 42.500619], [142.979088, 42.500641], [142.979187, 42.500684], [142.979242, 42.500719], [142.979303, 42.500768], [142.979407, 42.500854], [142.979478, 42.500946], [142.979486, 42.501], [142.979479, 42.50108], [142.979465, 42.50116], [142.979396, 42.501356], [142.979366, 42.501477], [142.979336, 42.501636], [142.979307, 42.501791], [142.979261, 42.502017], [142.979233, 42.502104], [142.979171, 42.502224], [142.979124, 42.502309], [142.97912, 42.502399], [142.979103, 42.502565], [142.979084, 42.502672], [142.979084, 42.502739], [142.97909, 42.502835], [142.979131, 42.502919], [142.979185, 42.503014], [142.97928, 42.503123], [142.979366, 42.503222], [142.979585, 42.503388], [142.979826, 42.503565], [142.980363, 42.503922], [142.980599, 42.50421], [142.980808, 42.504487], [142.98084, 42.504575], [142.98086, 42.504715], [142.980856, 42.504843], [142.980779, 42.505174], [142.980559, 42.505583], [142.980479, 42.505763], [142.98035, 42.505943], [142.980202, 42.506065], [142.979881, 42.506233], [142.979821, 42.506266], [142.979785, 42.506285], [142.979721, 42.506425], [142.979721, 42.50659], [142.979757, 42.506678], [142.979837, 42.50677], [142.98005, 42.506942], [142.980258, 42.507126], [142.980358, 42.507226], [142.98039, 42.507309], [142.980366, 42.507453], [142.980318, 42.507597], [142.980278, 42.507713], [142.98025, 42.507934], [142.980274, 42.508018], [142.980314, 42.508078], [142.980748, 42.508239], [142.981317, 42.508435], [142.981421, 42.508532], [142.981437, 42.508612], [142.981425, 42.508684], [142.981377, 42.508852], [142.981365, 42.508996], [142.981316, 42.509439], [142.98134, 42.509615], [142.981412, 42.509835], [142.981508, 42.510014], [142.981628, 42.51011], [142.982253, 42.510351], [142.982445, 42.510467], [142.982633, 42.510646], [142.982808, 42.510906], [142.98298, 42.511276], [142.9831, 42.511504], [142.98316, 42.511891], [142.98316, 42.512059], [142.98314, 42.512195], [142.983052, 42.512418], [142.98289, 42.512722], [142.982808, 42.51285], [142.982748, 42.512952], [142.982726, 42.513004], [142.982734, 42.513077], [142.982776, 42.513149], [142.983161, 42.513344], [142.983302, 42.513426], [142.983399, 42.513516], [142.983513, 42.513621], [142.983798, 42.513876], [142.983852, 42.513978], [142.983882, 42.514171], [142.983895, 42.514471], [142.983911, 42.514555], [142.983953, 42.514626], [142.983997, 42.51468], [142.984066, 42.514722], [142.984154, 42.514751], [142.984297, 42.514771], [142.984527, 42.514815], [142.984574, 42.514857], [142.984614, 42.514931], [142.98467, 42.515048], [142.984694, 42.515155], [142.984728, 42.515205], [142.984791, 42.51525], [142.984941, 42.515272], [142.985265, 42.515237], [142.985448, 42.515225], [142.985661, 42.515223], [142.986111, 42.515267], [142.986223, 42.515299], [142.986318, 42.515363], [142.98636, 42.515417], [142.986399, 42.515547], [142.986429, 42.515714], [142.986433, 42.515982], [142.986409, 42.516074], [142.986364, 42.516177], [142.986308, 42.516232], [142.986214, 42.516296], [142.985895, 42.516446], [142.985746, 42.516524], [142.985632, 42.516589], [142.985461, 42.516689], [142.985328, 42.51673], [142.985199, 42.51675], [142.985, 42.516768], [142.984902, 42.51677], [142.984497, 42.516728], [142.984396, 42.516706], [142.984197, 42.516704], [142.984016, 42.516726], [142.983799, 42.516756], [142.983658, 42.516776], [142.983262, 42.516798], [142.982811, 42.516802], [142.982688, 42.516808], [142.982409, 42.516874], [142.982304, 42.516934], [142.982199, 42.516989], [142.981994, 42.51711], [142.9819, 42.517156], [142.981799, 42.517321], [142.981769, 42.517376], [142.981743, 42.517523], [142.981723, 42.517792], [142.981709, 42.517838], [142.981706, 42.51785], [142.981664, 42.517927], [142.981598, 42.517993], [142.981495, 42.518133], [142.981426, 42.51823], [142.981394, 42.518303], [142.981312, 42.518525], [142.981273, 42.518691], [142.981271, 42.518726], [142.981273, 42.518814], [142.981292, 42.518913], [142.981326, 42.519039], [142.981326, 42.519103], [142.981316, 42.519174], [142.98129, 42.519215], [142.981245, 42.519263], [142.981128, 42.51934], [142.981021, 42.519449], [142.980987, 42.519498], [142.980949, 42.519619], [142.980937, 42.519687], [142.980925, 42.519839], [142.980919, 42.519986], [142.980953, 42.520284], [142.980972, 42.520379], [142.981, 42.520477], [142.981004, 42.520825], [142.981026, 42.521409], [142.981036, 42.521486], [142.981055, 42.521551], [142.981151, 42.521707], [142.981378, 42.521923], [142.981682, 42.522163], [142.981959, 42.522434], [142.9821, 42.522589], [142.982191, 42.522745], [142.982205, 42.522806], [142.982205, 42.522865], [142.982193, 42.522911], [142.982128, 42.523071], [142.9821, 42.523137], [142.98209, 42.523202], [142.982094, 42.523295], [142.982133, 42.523421], [142.982259, 42.523599], [142.982548, 42.523828], [142.982789, 42.52404], [142.982821, 42.524115], [142.982829, 42.524186], [142.982825, 42.524316], [142.982789, 42.52447], [142.982702, 42.524684], [142.982706, 42.524786], [142.98275, 42.524862], [142.982845, 42.525027], [142.982892, 42.525146], [142.982908, 42.525264], [142.98288, 42.525515], [142.982856, 42.525658], [142.982785, 42.525784], [142.982706, 42.525879], [142.982639, 42.525994], [142.982636, 42.526006]]]}, "properties": {"id": "RC-002", "name": "ポンヤオロオマプ川（今のポンヤオロヌップ川）", "historic_names": "ポンヤオロオマプ川、ポンヤオロマップ川", "mapping": "名前が近く、ヤオロオマプ川（今の本流）の支流として書かれている。1950年の報告の「日方川とポンヤオロマップ川の合流点」は、今のポンヤオロヌップ川が本流に入る点にあたる。", "period": "明治39年（許可）", "summary": "明治39年9月に神谷傳兵衛（一部は外一人）が「ヤオロオマプ川支流ポンヤオロオマプ川沿」「同川筋」で砂金採取の許可を受けた（砂5747、砂5749、砂5751）。", "production": "記録なし", "record_confidence": "高（官報）", "section_known": "川筋まで", "sources": ["SRC-025"]}}, {"type": "Feature", "geometry": {"type": "MultiLineString", "coordinates": [[[143.141043, 42.52531], [143.141816, 42.525697], [143.143411, 42.526446], [143.143854, 42.526752], [143.144564, 42.52743], [143.14586, 42.528806], [143.147734, 42.529929], [143.148016, 42.530018], [143.148274, 42.529994], [143.148708, 42.529937], [143.14985, 42.529645], [143.150463, 42.529487], [143.151003, 42.529197], [143.151379, 42.52892], [143.151533, 42.52879], [143.151666, 42.52861], [143.151748, 42.528378], [143.152252, 42.527097], [143.152429, 42.526829], [143.152659, 42.526645], [143.153703, 42.525931], [143.154578, 42.525362], [143.154846, 42.525076], [143.155957, 42.523737], [143.156307, 42.523268], [143.156465, 42.523166], [143.156707, 42.52312], [143.156958, 42.523157], [143.157208, 42.523259], [143.157887, 42.523547], [143.159959, 42.524271], [143.16066, 42.524571], [143.160979, 42.524771], [143.161164, 42.524929], [143.161271, 42.52511], [143.161428, 42.525377], [143.161637, 42.525543], [143.162193, 42.525771], [143.163096, 42.526092], [143.164221, 42.526491], [143.1655, 42.526775], [143.16593, 42.526795], [143.166923, 42.526717], [143.167434, 42.526622], [143.168604, 42.526275], [143.1691, 42.526244], [143.169774, 42.526276], [143.171924, 42.526622], [143.172094, 42.52661], [143.172255, 42.526543], [143.172468, 42.526405], [143.17348, 42.525685], [143.173927, 42.525367], [143.174086, 42.525279], [143.174269, 42.525249], [143.175073, 42.525296], [143.175811, 42.525379], [143.17616, 42.525521], [143.17757, 42.526277], [143.178646, 42.527098], [143.18006, 42.528656], [143.180982, 42.529282], [143.181313, 42.529417], [143.181744, 42.529453], [143.182364, 42.529449], [143.182595, 42.529447], [143.183654, 42.529315]], [[143.129798, 42.531954], [143.130691, 42.532471], [143.130909, 42.532531], [143.131109, 42.532531], [143.131874, 42.532413], [143.132174, 42.532292], [143.132422, 42.532113], [143.132536, 42.531927], [143.132981, 42.530822], [143.133175, 42.530536], [143.133268, 42.530447], [143.133441, 42.530356], [143.133763, 42.530234], [143.133899, 42.530127], [143.134017, 42.52997], [143.134287, 42.52932], [143.134587, 42.52854], [143.134627, 42.528001], [143.134643, 42.527317], [143.134732, 42.527092], [143.134877, 42.526851], [143.135126, 42.52661], [143.135544, 42.526325], [143.135756, 42.526181], [143.136876, 42.525658], [143.138067, 42.525264], [143.139553, 42.525053], [143.140399, 42.525174], [143.141043, 42.52531]], [[143.102965, 42.523085], [143.10294, 42.523145], [143.10294, 42.523346], [143.103041, 42.52349], [143.103279, 42.523584], [143.103662, 42.523599], [143.104274, 42.523513], [143.104454, 42.523564], [143.104793, 42.523729], [143.104915, 42.523902], [143.105204, 42.524717], [143.105506, 42.525372], [143.107625, 42.525726], [143.109169, 42.52595], [143.109789, 42.525994], [143.109941, 42.526181], [143.110013, 42.526591], [143.109933, 42.526794], [143.109717, 42.527132], [143.109408, 42.527298], [143.109116, 42.52739], [143.108911, 42.527456], [143.108766, 42.527703], [143.108773, 42.527883], [143.109342, 42.528437], [143.110222, 42.528819], [143.110228, 42.52882], [143.1108, 42.528898], [143.111671, 42.528503], [143.112169, 42.528178], [143.112258, 42.528076], [143.112486, 42.527818], [143.112824, 42.52766], [143.113395, 42.527544], [143.114058, 42.527579], [143.114578, 42.527738], [143.114931, 42.527723], [143.115586, 42.527428], [143.116138, 42.526987], [143.116308, 42.526852], [143.11691, 42.526314], [143.117212, 42.526045], [143.117238, 42.526022], [143.117373, 42.525832], [143.117836, 42.525179], [143.118219, 42.524443], [143.118536, 42.523605], [143.118579, 42.523493], [143.119156, 42.522864], [143.119566, 42.522612], [143.119797, 42.522641], [143.120028, 42.522778], [143.120258, 42.523152], [143.12067, 42.523455], [143.1212, 42.523666], [143.122188, 42.524211], [143.123128, 42.524882], [143.123584, 42.525329], [143.124277, 42.52604], [143.124412, 42.526276], [143.124446, 42.526479], [143.124446, 42.526774], [143.124463, 42.527857], [143.124522, 42.528068], [143.124581, 42.52827], [143.124766, 42.528515], [143.125459, 42.529342], [143.125907, 42.530047], [143.126186, 42.530578], [143.126321, 42.530722], [143.126523, 42.530831], [143.126798, 42.5309], [143.128052, 42.531211], [143.128982, 42.531551], [143.129798, 42.531954]], [[143.099468, 42.518275], [143.099472, 42.518378], [143.099609, 42.518768], [143.102557, 42.519295], [143.103193, 42.519569], [143.103646, 42.52], [143.104051, 42.520499], [143.104065, 42.5207], [143.103899, 42.521154], [143.103215, 42.522487], [143.102965, 42.523085]], [[143.085424, 42.507228], [143.085575, 42.506962], [143.085676, 42.506904], [143.085777, 42.506919], [143.085913, 42.507034], [143.085964, 42.507142], [143.086029, 42.507509], [143.086281, 42.507998], [143.086238, 42.50846], [143.086281, 42.508863], [143.086397, 42.509058], [143.086866, 42.509485], [143.087349, 42.509564], [143.087702, 42.509629], [143.087911, 42.50978], [143.087983, 42.510003], [143.087983, 42.510249], [143.088091, 42.510393], [143.088293, 42.510501], [143.088416, 42.51071], [143.088538, 42.510724], [143.088631, 42.510695], [143.088689, 42.510645], [143.088739, 42.510472], [143.088853, 42.510354], [143.089343, 42.510361], [143.089991, 42.51044], [143.090488, 42.510634], [143.091577, 42.510951], [143.091721, 42.511081], [143.091721, 42.51121], [143.091397, 42.51155], [143.091363, 42.51162], [143.091246, 42.511867], [143.091116, 42.512032], [143.09113, 42.512147], [143.09165, 42.512387], [143.091787, 42.512617], [143.091952, 42.513288], [143.092024, 42.51385], [143.091995, 42.513995], [143.092046, 42.514233], [143.092161, 42.514456], [143.092499, 42.514794], [143.092622, 42.514873], [143.092752, 42.51486], [143.093062, 42.514882], [143.09322, 42.514997], [143.093343, 42.515177], [143.093422, 42.515335], [143.093516, 42.515422], [143.093927, 42.515537], [143.094165, 42.515437], [143.094633, 42.515185], [143.09511, 42.514839], [143.095449, 42.514803], [143.095751, 42.514846], [143.095953, 42.514976], [143.096538, 42.515401], [143.09759, 42.515904], [143.097876, 42.516116], [143.098304, 42.516432], [143.098743, 42.517], [143.099458, 42.518011], [143.099468, 42.518275]], [[143.079211, 42.505028], [143.079338, 42.505072], [143.079562, 42.50533], [143.07967, 42.505525], [143.079706, 42.505958], [143.079554, 42.506088], [143.079389, 42.506217], [143.079295, 42.506341], [143.079158, 42.506622], [143.078971, 42.506874], [143.078935, 42.507154], [143.07905, 42.507516], [143.079201, 42.507623], [143.079374, 42.507638], [143.079814, 42.507487], [143.079936, 42.507501], [143.080188, 42.507602], [143.080478, 42.507784], [143.080715, 42.508172], [143.081053, 42.508503], [143.081507, 42.508827], [143.081739, 42.508834], [143.081912, 42.50877], [143.08202, 42.508662], [143.082135, 42.508525], [143.082279, 42.508489], [143.082632, 42.508496], [143.083195, 42.508626], [143.083498, 42.508626], [143.083678, 42.508568], [143.084342, 42.508352], [143.084666, 42.508187], [143.084896, 42.507971], [143.085166, 42.507654], [143.085272, 42.50753], [143.085416, 42.507242], [143.085424, 42.507228]], [[143.045428, 42.4997], [143.045802, 42.499811], [143.045923, 42.499835], [143.046084, 42.499837], [143.046307, 42.499803], [143.046434, 42.499794], [143.046582, 42.499794], [143.046719, 42.499814], [143.046788, 42.499835], [143.046986, 42.499949], [143.047076, 42.49999], [143.047158, 42.500001], [143.047238, 42.499994], [143.047311, 42.499975], [143.04738, 42.499939], [143.047462, 42.499878], [143.047699, 42.499674], [143.047811, 42.499603], [143.047934, 42.499551], [143.048022, 42.499525], [143.048108, 42.499513], [143.048201, 42.499504], [143.048282, 42.49951], [143.048375, 42.499523], [143.048448, 42.499555], [143.048536, 42.499614], [143.048592, 42.499676], [143.048661, 42.499784], [143.048704, 42.499874], [143.048747, 42.500032], [143.04879, 42.500268], [143.048818, 42.50038], [143.048883, 42.500534], [143.048973, 42.500671], [143.049094, 42.500787], [143.049204, 42.500854], [143.049307, 42.50088], [143.049429, 42.500882], [143.049728, 42.500847], [143.049841, 42.500847], [143.050026, 42.500867], [143.050343, 42.500929], [143.050633, 42.500985], [143.051153, 42.501065], [143.051643, 42.501153], [143.051855, 42.501179], [143.052029, 42.501181], [143.052169, 42.501162], [143.052371, 42.501123], [143.052488, 42.50111], [143.052608, 42.501123], [143.053043, 42.501229], [143.053309, 42.501284], [143.053444, 42.501302], [143.053469, 42.501301], [143.053591, 42.5013], [143.053943, 42.501284], [143.054219, 42.501284], [143.054328, 42.501265], [143.054404, 42.501231], [143.054489, 42.501167], [143.054546, 42.501104], [143.054755, 42.500768], [143.054854, 42.500639], [143.054953, 42.500538], [143.055021, 42.500486], [143.055084, 42.50045], [143.055163, 42.500428], [143.055258, 42.50042], [143.055701, 42.500398], [143.056359, 42.500402], [143.056651, 42.500402], [143.056876, 42.500394], [143.057072, 42.500404], [143.057569, 42.500456], [143.058067, 42.50052], [143.058458, 42.500602], [143.059305, 42.500845], [143.059522, 42.500886], [143.05969, 42.500901], [143.059836, 42.500905], [143.060173, 42.500891], [143.060412, 42.500859], [143.060623, 42.500809], [143.061055, 42.500678], [143.061836, 42.500445], [143.062128, 42.500347], [143.062326, 42.500269], [143.062464, 42.50017], [143.062739, 42.499927], [143.062859, 42.499832], [143.062936, 42.49979], [143.063025, 42.499773], [143.06312, 42.499773], [143.063228, 42.499789], [143.063374, 42.499836], [143.063529, 42.499898], [143.063579, 42.499918], [143.064386, 42.500327], [143.064633, 42.500454], [143.064823, 42.5005], [143.065058, 42.500524], [143.065662, 42.50059], [143.067031, 42.500804], [143.067596, 42.500887], [143.068168, 42.500902], [143.068588, 42.500915], [143.069052, 42.500963], [143.069568, 42.501037], [143.069849, 42.501076], [143.069993, 42.50112], [143.070404, 42.501334], [143.070538, 42.501367], [143.070924, 42.501489], [143.071418, 42.501655], [143.072219, 42.501935], [143.072427, 42.502011], [143.072759, 42.502168], [143.073092, 42.502343], [143.073248, 42.50243], [143.07342, 42.502569], [143.073744, 42.502819], [143.074705, 42.503962], [143.074911, 42.50403], [143.075093, 42.504019], [143.075402, 42.503904], [143.075745, 42.503905], [143.076159, 42.504034], [143.076706, 42.504271], [143.077196, 42.504602], [143.077464, 42.504978], [143.077658, 42.505259], [143.077759, 42.505309], [143.077975, 42.505273], [143.078731, 42.505021], [143.079108, 42.504992], [143.079211, 42.505028]], [[143.042537, 42.501207], [143.042712, 42.501147], [143.04285, 42.50108], [143.042968, 42.500991], [143.043069, 42.500899], [143.043166, 42.500795], [143.043287, 42.500662], [143.043399, 42.500485], [143.043524, 42.500259], [143.04361, 42.500143], [143.043713, 42.500046], [143.043821, 42.499971], [143.043927, 42.499918], [143.043941, 42.499911], [143.044128, 42.499835], [143.044308, 42.499775], [143.04453, 42.499719], [143.044749, 42.499668], [143.044928, 42.49965], [143.045096, 42.499644], [143.045245, 42.499659], [143.045428, 42.4997]], [[143.035486, 42.497486], [143.035533, 42.497911], [143.035576, 42.498134], [143.035662, 42.498262], [143.035813, 42.498425], [143.036423, 42.498766], [143.036784, 42.498947], [143.037024, 42.499062], [143.037408, 42.499183], [143.037713, 42.499286], [143.037983, 42.499368], [143.038361, 42.499449], [143.038546, 42.499497], [143.038705, 42.499551], [143.038896, 42.499629], [143.039094, 42.499704], [143.039279, 42.499775], [143.039465, 42.499848], [143.039549, 42.499882], [143.039665, 42.499908], [143.039731, 42.49994], [143.039846, 42.499993], [143.039915, 42.500027], [143.039982, 42.50007], [143.040171, 42.500205], [143.040423, 42.500378], [143.040569, 42.500483], [143.040668, 42.500548], [143.040779, 42.500613], [143.040929, 42.500679], [143.041095, 42.500774], [143.041189, 42.500832], [143.041394, 42.500982], [143.041519, 42.501058], [143.041666, 42.501119], [143.041816, 42.50117], [143.041997, 42.501209], [143.04216, 42.501224], [143.042363, 42.501226], [143.042451, 42.50122], [143.042537, 42.501207]], [[143.0278, 42.484528], [143.027953, 42.484624], [143.028049, 42.484696], [143.028141, 42.48478], [143.028199, 42.484861], [143.028284, 42.484993], [143.028328, 42.485044], [143.028562, 42.485227], [143.028632, 42.485301], [143.02867, 42.485365], [143.028709, 42.485441], [143.028723, 42.485516], [143.0288, 42.486119], [143.028828, 42.4863], [143.028853, 42.486435], [143.028889, 42.48656], [143.028929, 42.486637], [143.028988, 42.486676], [143.02906, 42.486719], [143.029149, 42.486761], [143.029667, 42.486929], [143.029788, 42.486973], [143.029888, 42.487021], [143.029944, 42.487072], [143.030016, 42.487146], [143.030075, 42.487229], [143.030128, 42.487347], [143.030199, 42.487601], [143.030254, 42.487703], [143.030409, 42.487858], [143.030549, 42.488062], [143.030703, 42.488243], [143.030819, 42.488347], [143.030951, 42.488442], [143.031136, 42.488557], [143.031268, 42.488625], [143.031451, 42.488706], [143.031808, 42.488855], [143.03196, 42.488937], [143.032088, 42.489037], [143.032239, 42.489174], [143.032326, 42.489284], [143.032375, 42.489377], [143.032449, 42.489564], [143.032489, 42.489721], [143.032582, 42.490274], [143.032633, 42.49041], [143.03268, 42.490495], [143.03285, 42.490677], [143.033145, 42.490926], [143.033251, 42.490994], [143.033408, 42.491066], [143.033574, 42.491117], [143.033748, 42.491164], [143.034039, 42.491237], [143.034202, 42.491278], [143.034355, 42.491329], [143.034542, 42.491427], [143.034669, 42.491469], [143.034937, 42.491532], [143.035022, 42.491592], [143.035103, 42.491668], [143.035179, 42.4918], [143.035545, 42.492451], [143.035664, 42.492748], [143.035736, 42.4929], [143.035856, 42.493085], [143.03603, 42.493305], [143.036114, 42.493441], [143.036217, 42.493678], [143.036291, 42.494044], [143.036303, 42.494284], [143.036308, 42.494541], [143.036243, 42.494734], [143.036127, 42.495004], [143.035946, 42.495312], [143.035864, 42.495544], [143.035808, 42.495775], [143.035791, 42.496029], [143.0358, 42.49677], [143.035765, 42.496968], [143.035679, 42.497212], [143.035602, 42.497366], [143.035486, 42.497486]], [[143.014161, 42.472747], [143.014224, 42.472758], [143.014311, 42.472781], [143.014411, 42.472819], [143.0146, 42.472892], [143.014674, 42.472911], [143.014937, 42.472975], [143.015026, 42.473011], [143.015092, 42.473051], [143.015162, 42.473093], [143.015206, 42.47314], [143.015244, 42.47319], [143.015344, 42.473376], [143.015427, 42.473526], [143.015476, 42.4736], [143.015507, 42.473676], [143.01555, 42.473799], [143.01559, 42.473981], [143.015639, 42.474112], [143.015675, 42.474212], [143.015724, 42.474299], [143.015777, 42.47437], [143.015855, 42.47444], [143.015923, 42.474494], [143.016053, 42.474583], [143.016381, 42.474792], [143.016513, 42.474873], [143.016614, 42.474949], [143.016709, 42.475057], [143.017111, 42.475545], [143.017378, 42.475927], [143.017399, 42.475974], [143.017414, 42.476059], [143.017418, 42.476209], [143.017424, 42.47626], [143.01744, 42.476297], [143.017491, 42.47636], [143.017563, 42.476417], [143.017658, 42.476474], [143.017734, 42.476513], [143.01783, 42.476546], [143.017923, 42.476561], [143.018139, 42.476572], [143.018245, 42.476574], [143.018349, 42.476553], [143.018464, 42.476517], [143.01864, 42.476457], [143.018763, 42.476419], [143.018873, 42.476387], [143.018983, 42.476379], [143.019133, 42.476379], [143.019324, 42.476388], [143.019557, 42.4764], [143.019792, 42.476419], [143.019889, 42.476432], [143.020042, 42.476462], [143.020179, 42.476504], [143.020423, 42.476608], [143.020643, 42.476716], [143.020729, 42.476744], [143.02089, 42.476788], [143.021058, 42.476843], [143.021244, 42.476909], [143.021437, 42.476987], [143.02156, 42.477044], [143.021634, 42.477107], [143.021689, 42.477166], [143.021734, 42.477246], [143.021785, 42.477356], [143.021829, 42.477445], [143.021931, 42.477597], [143.021964, 42.477643], [143.022039, 42.477749], [143.022194, 42.47795], [143.022313, 42.478103], [143.022359, 42.478185], [143.022383, 42.478264], [143.022389, 42.47838], [143.022395, 42.478653], [143.022372, 42.478763], [143.022332, 42.47883], [143.022264, 42.478896], [143.022175, 42.478953], [143.022067, 42.479019], [143.021991, 42.479065], [143.021927, 42.479118], [143.02187, 42.479199], [143.021842, 42.479282], [143.021825, 42.479395], [143.021832, 42.479485], [143.021849, 42.479564], [143.021884, 42.479625], [143.021931, 42.479665], [143.021982, 42.479684], [143.022241, 42.479739], [143.022329, 42.479771], [143.022421, 42.479824], [143.022493, 42.479885], [143.022544, 42.479948], [143.022641, 42.480056], [143.022743, 42.480145], [143.022796, 42.480204], [143.022838, 42.480262], [143.022878, 42.480355], [143.022925, 42.48046], [143.023023, 42.480669], [143.023089, 42.480779], [143.02315, 42.480858], [143.023248, 42.480951], [143.023572, 42.481197], [143.023768, 42.481348], [143.023914, 42.481458], [143.024083, 42.481564], [143.024168, 42.481613], [143.024268, 42.481657], [143.024357, 42.481697], [143.024504, 42.481738], [143.024612, 42.481757], [143.024741, 42.481779], [143.024938, 42.481791], [143.025468, 42.481793], [143.025553, 42.481804], [143.025644, 42.481819], [143.025701, 42.481848], [143.025761, 42.481893], [143.025803, 42.481946], [143.025833, 42.48199], [143.025852, 42.482062], [143.025875, 42.482149], [143.025918, 42.482345], [143.025933, 42.48241], [143.02596, 42.48247], [143.025994, 42.48251], [143.026045, 42.482554], [143.026359, 42.482765], [143.026427, 42.48283], [143.026491, 42.482898], [143.026626, 42.48308], [143.026673, 42.483133], [143.027273, 42.483651], [143.027338, 42.483729], [143.027383, 42.483805], [143.027423, 42.483899], [143.027446, 42.483997], [143.027504, 42.484251], [143.027528, 42.484319], [143.027589, 42.484383], [143.02764, 42.484434], [143.027731, 42.484484], [143.0278, 42.484528]], [[143.005322, 42.473016], [143.005394, 42.473004], [143.005515, 42.472991], [143.005629, 42.472983], [143.00589, 42.472987], [143.006156, 42.473006], [143.006298, 42.473027], [143.006427, 42.473061], [143.006571, 42.473116], [143.006988, 42.473298], [143.007134, 42.47336], [143.007281, 42.473415], [143.007425, 42.473457], [143.007521, 42.473462], [143.007839, 42.473449], [143.008154, 42.473415], [143.008891, 42.473282], [143.008999, 42.473275], [143.009184, 42.47329], [143.009531, 42.473334], [143.00984, 42.473388], [143.010003, 42.473416], [143.010206, 42.47343], [143.010545, 42.473424], [143.010743, 42.473428], [143.010844, 42.473415], [143.010952, 42.473385], [143.011056, 42.473339], [143.011145, 42.473284], [143.011219, 42.473208], [143.011309, 42.473082], [143.011379, 42.472955], [143.011417, 42.472807], [143.011434, 42.472641], [143.011432, 42.472423], [143.011445, 42.472307], [143.011487, 42.472197], [143.011555, 42.472114], [143.011639, 42.472065], [143.011756, 42.472036], [143.011885, 42.472036], [143.012012, 42.472055], [143.012141, 42.472091], [143.012243, 42.472135], [143.012317, 42.472186], [143.012448, 42.47229], [143.012588, 42.472381], [143.012645, 42.472419], [143.012747, 42.472453], [143.012868, 42.47248], [143.012954, 42.472493], [143.013124, 42.47252], [143.013198, 42.472542], [143.013259, 42.472575], [143.013397, 42.472652], [143.013495, 42.47269], [143.013573, 42.472713], [143.013659, 42.472726], [143.01407, 42.472737], [143.014161, 42.472747]], [[142.938181, 42.465392], [142.938456, 42.465526], [142.939321, 42.465872], [142.939717, 42.466121], [142.939833, 42.466228], [142.939946, 42.466374], [142.940146, 42.466635], [142.940256, 42.466729], [142.940514, 42.466867], [142.940683, 42.46694], [142.940861, 42.46701], [142.941661, 42.467229], [142.942435, 42.467484], [142.942724, 42.467608], [142.942837, 42.467685], [142.943033, 42.467895], [142.943151, 42.468156], [142.943202, 42.468334], [142.94332, 42.468502], [142.943438, 42.468615], [142.943586, 42.468717], [142.943671, 42.468852], [142.943663, 42.469042], [142.943574, 42.469367], [142.943362, 42.469688], [142.943311, 42.469819], [142.943341, 42.469937], [142.943464, 42.469975], [142.943764, 42.469922], [142.944224, 42.469796], [142.944444, 42.469741], [142.944681, 42.469728], [142.944897, 42.469703], [142.945024, 42.469619], [142.945206, 42.469467], [142.945374, 42.469382], [142.945563, 42.469363], [142.945586, 42.469361], [142.945768, 42.469361], [142.94589, 42.469336], [142.945945, 42.469285], [142.946004, 42.469179], [142.946036, 42.46905], [142.946049, 42.468839], [142.946053, 42.468505], [142.946083, 42.468247], [142.946184, 42.468062], [142.946379, 42.467889], [142.94673, 42.467749], [142.947053, 42.467566], [142.947205, 42.467397], [142.947446, 42.467147], [142.947754, 42.466987], [142.94816, 42.466898], [142.948646, 42.46686], [142.949052, 42.466907], [142.949247, 42.466991], [142.949407, 42.467101], [142.949551, 42.467245], [142.949636, 42.46743], [142.949665, 42.467604], [142.949661, 42.467865], [142.949657, 42.468284], [142.949707, 42.46852], [142.949793, 42.468586], [142.949962, 42.468611], [142.950148, 42.468586], [142.950313, 42.468603], [142.95055, 42.468628], [142.951063, 42.468755], [142.951634, 42.468848], [142.952221, 42.468852], [142.95253, 42.468831], [142.952746, 42.468802], [142.9531, 42.468777], [142.953615, 42.468742], [142.953873, 42.468755], [142.954046, 42.46878], [142.9543, 42.468856], [142.954722, 42.46897], [142.955088, 42.46916], [142.956007, 42.469631], [142.956451, 42.4698], [142.956882, 42.46991], [142.95752, 42.470053], [142.957964, 42.470222], [142.958241, 42.470397], [142.958579, 42.470689], [142.958727, 42.470909], [142.958896, 42.47117], [142.958998, 42.471398], [142.959206, 42.471764], [142.959442, 42.471959], [142.959789, 42.472136], [142.960279, 42.472296], [142.960504, 42.472454], [142.960724, 42.472796], [142.960948, 42.47302], [142.961173, 42.4731], [142.961435, 42.47313], [142.961701, 42.473122], [142.962016, 42.473097], [142.962185, 42.473084], [142.962515, 42.473109], [142.962988, 42.473151], [142.963674, 42.473334], [142.963924, 42.473389], [142.964203, 42.473351], [142.964474, 42.473241], [142.964837, 42.472945], [142.965181, 42.472628], [142.965473, 42.472544], [142.965824, 42.472493], [142.965959, 42.472396], [142.96609, 42.472248], [142.966133, 42.472096], [142.966142, 42.471752], [142.966091, 42.471604], [142.965981, 42.47141], [142.965905, 42.471177], [142.965893, 42.470966], [142.965969, 42.470818], [142.966121, 42.47082], [142.966299, 42.470845], [142.966544, 42.470849], [142.966684, 42.470748], [142.966773, 42.47057], [142.966819, 42.47033], [142.966836, 42.469975], [142.966866, 42.46973], [142.96698, 42.469536], [142.967099, 42.46942], [142.967273, 42.469276], [142.967497, 42.469099], [142.967759, 42.468993], [142.968038, 42.468959], [142.968545, 42.469002], [142.968964, 42.469115], [142.969002, 42.469126], [142.969387, 42.46923], [142.970319, 42.469479], [142.970556, 42.469627], [142.970713, 42.469788], [142.970852, 42.470049], [142.970861, 42.470375], [142.970848, 42.470821], [142.970916, 42.471015], [142.971047, 42.471146], [142.971478, 42.471467], [142.971968, 42.471746], [142.972494, 42.472107], [142.972908, 42.472415], [142.973403, 42.472804], [142.974226, 42.473212], [142.974428, 42.473393], [142.974631, 42.473731], [142.974838, 42.473904], [142.975257, 42.473997], [142.976003, 42.474093], [142.976536, 42.47408], [142.977052, 42.474007], [142.977073, 42.474004], [142.977356, 42.473941], [142.977643, 42.473894], [142.97785, 42.473894], [142.978268, 42.473949], [142.978416, 42.474013], [142.978551, 42.474118], [142.978683, 42.474249], [142.978716, 42.474431], [142.97878, 42.474579], [142.978898, 42.474773], [142.978974, 42.474942], [142.979008, 42.475107], [142.979033, 42.475373], [142.979088, 42.475832], [142.979131, 42.476141], [142.979181, 42.476255], [142.979233, 42.476338], [142.979307, 42.476426], [142.979381, 42.476553], [142.979424, 42.476737], [142.979477, 42.476813], [142.979585, 42.476913], [142.979712, 42.477034], [142.979771, 42.477137], [142.979853, 42.477304], [142.979936, 42.477416], [142.980049, 42.477505], [142.98024, 42.477584], [142.980492, 42.477671], [142.980755, 42.47775], [142.98097, 42.477788], [142.981149, 42.477795], [142.981346, 42.4778], [142.981521, 42.477798], [142.982278, 42.477781], [142.98277, 42.477748], [142.983086, 42.477714], [142.983423, 42.477669], [142.983673, 42.47763], [142.984121, 42.47749], [142.984231, 42.477439], [142.984384, 42.477303], [142.98452, 42.477191], [142.984616, 42.477143], [142.984832, 42.477087], [142.985176, 42.476955], [142.985425, 42.476841], [142.985664, 42.476733], [142.985916, 42.476591], [142.98605, 42.476477], [142.986189, 42.476348], [142.98638, 42.476118], [142.986761, 42.475672], [142.98706, 42.475369], [142.987168, 42.475216], [142.987341, 42.474887], [142.987453, 42.474603], [142.987499, 42.474399], [142.987499, 42.47427], [142.987506, 42.474033], [142.98753, 42.473942], [142.987601, 42.473775], [142.987812, 42.473365], [142.987865, 42.473253], [142.987896, 42.47315], [142.987944, 42.473011], [142.988011, 42.472851], [142.988071, 42.472763], [142.988217, 42.472644], [142.988356, 42.472563], [142.988748, 42.472396], [142.989054, 42.472317], [142.989226, 42.472279], [142.989334, 42.472234], [142.989437, 42.472212], [142.989532, 42.472195], [142.98964, 42.472193], [142.989755, 42.47219], [142.990084, 42.472219], [142.990189, 42.472248], [142.990306, 42.4723], [142.990419, 42.472357], [142.990538, 42.472417], [142.990639, 42.472475], [142.990851, 42.47257], [142.990947, 42.472587], [142.991172, 42.47262], [142.991448, 42.472633], [142.991651, 42.472616], [142.991788, 42.472587], [142.991881, 42.472551], [142.991962, 42.472504], [142.992077, 42.472406], [142.992144, 42.472353], [142.992242, 42.472305], [142.992328, 42.472274], [142.992493, 42.472235], [142.992607, 42.472221], [142.992753, 42.472228], [142.992829, 42.472257], [142.992885, 42.472279], [142.99299, 42.472353], [142.993114, 42.47245], [142.993227, 42.472541], [142.993361, 42.472594], [142.993535, 42.472649], [142.993748, 42.472732], [142.99392, 42.472807], [142.994066, 42.472835], [142.994304, 42.47284], [142.994481, 42.472835], [142.994607, 42.472838], [142.994748, 42.472866], [142.994937, 42.47294], [142.99513, 42.473037], [142.995311, 42.473078], [142.995469, 42.47309], [142.995625, 42.473104], [142.995787, 42.473159], [142.995952, 42.473202], [142.996036, 42.473202], [142.996216, 42.473154], [142.996256, 42.473145], [142.996577, 42.473097], [142.996891, 42.473065], [142.996995, 42.473044], [142.997075, 42.473014], [142.997134, 42.472974], [142.997192, 42.472921], [142.997264, 42.472796], [142.997333, 42.47269], [142.997394, 42.472622], [142.997464, 42.472569], [142.997542, 42.472539], [142.997614, 42.472527], [142.99771, 42.472522], [142.997826, 42.472527], [142.997928, 42.472552], [142.998021, 42.472586], [142.998238, 42.47269], [142.998406, 42.472791], [142.998505, 42.472844], [142.998592, 42.472874], [142.998651, 42.472887], [142.998721, 42.472889], [142.998776, 42.472878], [142.998825, 42.472853], [142.998876, 42.472808], [142.998925, 42.472749], [142.999101, 42.47252], [142.999167, 42.472455], [142.999229, 42.472398], [142.999296, 42.472353], [142.999379, 42.472326], [142.999474, 42.472309], [142.999595, 42.4723], [142.999736, 42.4723], [142.999838, 42.472317], [143.000049, 42.472372], [143.000204, 42.472404], [143.000399, 42.472427], [143.000492, 42.472444], [143.000566, 42.472474], [143.000632, 42.472516], [143.000676, 42.472562], [143.000708, 42.472618], [143.000751, 42.472696], [143.000795, 42.472808], [143.000846, 42.472993], [143.00088, 42.473061], [143.00092, 42.47312], [143.00098, 42.473171], [143.001056, 42.473217], [143.001169, 42.473252], [143.001354, 42.473299], [143.001466, 42.473328], [143.001555, 42.473356], [143.001697, 42.473407], [143.001934, 42.473485], [143.00204, 42.473512], [143.002159, 42.473532], [143.002353, 42.47354], [143.002495, 42.47354], [143.002692, 42.473538], [143.002832, 42.47353], [143.003029, 42.473496], [143.003198, 42.473466], [143.003403, 42.473445], [143.003466, 42.47343], [143.003581, 42.473396], [143.003767, 42.473339], [143.003937, 42.473294], [143.004753, 42.473123], [143.004991, 42.473072], [143.005265, 42.473025], [143.005322, 42.473016]], [[142.930164, 42.461127], [142.930256, 42.461262], [142.930347, 42.461363], [142.930537, 42.461476], [142.930613, 42.461555], [142.930658, 42.461645], [142.930734, 42.461729], [142.930939, 42.461898], [142.931113, 42.462157], [142.931197, 42.462252], [142.93125, 42.462393], [142.931463, 42.462697], [142.931865, 42.46304], [142.932025, 42.463204], [142.93207, 42.463265], [142.932093, 42.463322], [142.932116, 42.463479], [142.932177, 42.463625], [142.932207, 42.463811], [142.932253, 42.463924], [142.932328, 42.464053], [142.932404, 42.46425], [142.93245, 42.464312], [142.932624, 42.46443], [142.932655, 42.464441], [142.932693, 42.464469], [142.932898, 42.464571], [142.933073, 42.464627], [142.93327, 42.464644], [142.933346, 42.464655], [142.933543, 42.464666], [142.933847, 42.464723], [142.934029, 42.46474], [142.934159, 42.464762], [142.934273, 42.464796], [142.934333, 42.464824], [142.934538, 42.46488], [142.934736, 42.464903], [142.934963, 42.464959], [142.935381, 42.465122], [142.935488, 42.465156], [142.935814, 42.465201], [142.936239, 42.465184], [142.936308, 42.465195], [142.93668, 42.465347], [142.936801, 42.465404], [142.936908, 42.465426], [142.937075, 42.465426], [142.93728, 42.465364], [142.937424, 42.465364], [142.937568, 42.465432], [142.937627, 42.465438], [142.93772, 42.465449], [142.937821, 42.465425]], [[142.937821, 42.465425], [142.937998, 42.465383], [142.938109, 42.465378], [142.938181, 42.465392]], [[143.183654, 42.529315], [143.18409, 42.529282]]]}, "properties": {"id": "RC-003", "name": "ルーウトルオマプ川（今の歴舟中の川とみられる）", "historic_names": "ルーウトルオマプ川、ルウトルマップ川、ルーツルオマップ", "mapping": "三支流の残り一つ。1950年の報告の「本渓谷の南4 km を東流する中川」と位置が合う。対応は推測。", "period": "明治40年〜（許可）。明治43年に採取の記録", "summary": "明治40年5月に神谷傳兵衛が「歷舟川上流ルーウトルオマプ川本支流」などで許可を受けた（砂5857、砂5861、砂5863）。明治41年に渡邊徹三が「ルウトルマップ川筋」で許可（砂5969）。明治44年の概報では、ヤオロオマップとともに当時の主な採取地。神威岳図幅（1958年）は中ノ川で砂金を産すると書き、1950年の報告は中川流域の鉱床を有望とみる。 伊木（1912）：砂金は古生層か中生層の岩の割れ目にあり、水眼鏡で拾う。径3 mm ほどの粗い粒が普通で、1910年には約10匁（約37 g）の大粒が出た。1人1日の収得は平均1匁1〜2分（約4.1〜4.5 g）。", "production": "明治43年：砂5969 258匁（渡邊徹三、20,000坪）。歴舟関係の鉱区で最も多い。", "record_confidence": "高（官報、鉱区一覧）。川の対応は推測", "section_known": "川筋まで", "sources": ["SRC-026", "SRC-029", "SRC-032", "SRC-034", "SRC-036", "SRC-017", "SRC-043"]}}, {"type": "Feature", "geometry": {"type": "MultiLineString", "coordinates": [[[143.131864, 42.489402], [143.132494, 42.48973], [143.132525, 42.489746], [143.132816, 42.489985], [143.132874, 42.490065], [143.132973, 42.490199], [143.133088, 42.490443], [143.133088, 42.490629], [143.132987, 42.490844], [143.132873, 42.490944], [143.132257, 42.491115], [143.131984, 42.49118], [143.131846, 42.491213], [143.131712, 42.491245], [143.131166, 42.491374], [143.130394, 42.491571], [143.130322, 42.491589], [143.129964, 42.491847], [143.129792, 42.492004], [143.129792, 42.492147], [143.129849, 42.492376], [143.129964, 42.49248], [143.130437, 42.492752], [143.130594, 42.492795], [143.13068, 42.492795], [143.130881, 42.492767], [143.131196, 42.492638], [143.131425, 42.492595], [143.131568, 42.492666], [143.131625, 42.492724], [143.132084, 42.493182], [143.132142, 42.493299], [143.132142, 42.493542], [143.132142, 42.4939], [143.132214, 42.494129], [143.132342, 42.4944], [143.132715, 42.494987], [143.132926, 42.495185], [143.132944, 42.495202], [143.133116, 42.495274], [143.133316, 42.495316], [143.133517, 42.495331], [143.133689, 42.495316], [143.13386, 42.495274], [143.134003, 42.49523], [143.134193, 42.495218], [143.134365, 42.495275], [143.134479, 42.495318], [143.13478, 42.495447], [143.135067, 42.49549], [143.135339, 42.495504], [143.136356, 42.495533], [143.137876, 42.495505], [143.138535, 42.495548], [143.13875, 42.495548], [143.138965, 42.495648], [143.139308, 42.495834], [143.140214, 42.496194]], [[143.1266, 42.483199], [143.12637, 42.484315], [143.126275, 42.484643], [143.126274, 42.48489], [143.126322, 42.485017], [143.126418, 42.485121], [143.126521, 42.485224], [143.126633, 42.485304], [143.126792, 42.485344], [143.127461, 42.485535], [143.127718, 42.485639], [143.127973, 42.485743], [143.128108, 42.485838], [143.128243, 42.486005], [143.128355, 42.486149], [143.12857, 42.486554], [143.129033, 42.487282], [143.129622, 42.488196], [143.129926, 42.488398], [143.130268, 42.488589], [143.130489, 42.488696], [143.13081, 42.488852], [143.131864, 42.489402]], [[143.116765, 42.473269], [143.116755, 42.473379], [143.116795, 42.473558], [143.116849, 42.473707], [143.116969, 42.473832], [143.117664, 42.474412], [143.118596, 42.47505], [143.11924, 42.47533], [143.119489, 42.47542], [143.119649, 42.475445], [143.119808, 42.475435], [143.119978, 42.47541], [143.120122, 42.47537], [143.120616, 42.475121], [143.1208, 42.475081], [143.12106, 42.475147], [143.121204, 42.475427], [143.121218, 42.475427], [143.121707, 42.475554], [143.122018, 42.475658], [143.122241, 42.475777], [143.1224, 42.475912], [143.122519, 42.47608], [143.122702, 42.476589], [143.123062, 42.47718], [143.123126, 42.477411], [143.12311, 42.477562], [143.123038, 42.477682], [143.122934, 42.477873], [143.122895, 42.477992], [143.122919, 42.478161], [143.123086, 42.478949], [143.123158, 42.479084], [143.123253, 42.479148], [143.123396, 42.47918], [143.123571, 42.47918], [143.123874, 42.47922], [143.124049, 42.479291], [143.124288, 42.479459], [143.124585, 42.479692], [143.125747, 42.48044], [143.126769, 42.481095], [143.126984, 42.481286], [143.127127, 42.481453], [143.127191, 42.481612], [143.127199, 42.481723], [143.127199, 42.481811], [143.127141, 42.481897], [143.127119, 42.48193], [143.126944, 42.482081], [143.126752, 42.482259], [143.12668, 42.482426], [143.126656, 42.482633], [143.1266, 42.483199]], [[143.108192, 42.459265], [143.108316, 42.459365], [143.108414, 42.459507], [143.108458, 42.459659], [143.108488, 42.459747], [143.108624, 42.459889], [143.109066, 42.460267], [143.109522, 42.460704], [143.109625, 42.460851], [143.109659, 42.460964], [143.109669, 42.46112], [143.109699, 42.461487], [143.109728, 42.46158], [143.109787, 42.461639], [143.10986, 42.461688], [143.109993, 42.461703], [143.110269, 42.461713], [143.110455, 42.461713], [143.111366, 42.461542], [143.111474, 42.461551], [143.111577, 42.46161], [143.111685, 42.461747], [143.111778, 42.46184], [143.111891, 42.461884], [143.112293, 42.462007], [143.112569, 42.462141], [143.112789, 42.462258], [143.11302, 42.46242], [143.113377, 42.462679], [143.113642, 42.462914], [143.113809, 42.463101], [143.11399, 42.463377], [143.114211, 42.463783], [143.114318, 42.463954], [143.114465, 42.464121], [143.114681, 42.464323], [143.114799, 42.464479], [143.114862, 42.46468], [143.114901, 42.46493], [143.114934, 42.465161], [143.114985, 42.465519], [143.115053, 42.46573], [143.115176, 42.46592], [143.115475, 42.466283], [143.115558, 42.466425], [143.115558, 42.466527], [143.115539, 42.467049], [143.115534, 42.467475], [143.115563, 42.467857], [143.115642, 42.468187], [143.115817, 42.46846], [143.115985, 42.46884], [143.116276, 42.469367], [143.117074, 42.470514], [143.117153, 42.47085], [143.117034, 42.471255], [143.11694, 42.471589], [143.11691, 42.471798], [143.116915, 42.471972], [143.11693, 42.472151], [143.116979, 42.472296], [143.117114, 42.472525], [143.117129, 42.47262], [143.117119, 42.472674], [143.117079, 42.472739], [143.116999, 42.472839], [143.116819, 42.47312], [143.116765, 42.473269]], [[143.094688, 42.454647], [143.094738, 42.454698], [143.094748, 42.454759], [143.094679, 42.455158], [143.094672, 42.45526], [143.094672, 42.45535], [143.094679, 42.455423], [143.094694, 42.455495], [143.094725, 42.455554], [143.094782, 42.455612], [143.094913, 42.455724], [143.095059, 42.455809], [143.095193, 42.455872], [143.095366, 42.455923], [143.095504, 42.45595], [143.095659, 42.455972], [143.095871, 42.455972], [143.096063, 42.455962], [143.096148, 42.455951], [143.096258, 42.455932], [143.096404, 42.455895], [143.096793, 42.455756], [143.097082, 42.455661], [143.097304, 42.455587], [143.09774, 42.45547], [143.098281, 42.455321], [143.098771, 42.455158], [143.099345, 42.45498], [143.099688, 42.45487], [143.099942, 42.454807], [143.100401, 42.45473], [143.100802, 42.454691], [143.10109, 42.454696], [143.101261, 42.454716], [143.101547, 42.454772], [143.10172, 42.454845], [143.101913, 42.454949], [143.102049, 42.455039], [143.102164, 42.455166], [143.102233, 42.455271], [143.102272, 42.455388], [143.102291, 42.455552], [143.102274, 42.455807], [143.102201, 42.456079], [143.102064, 42.456519], [143.101994, 42.45664], [143.101794, 42.456986], [143.101711, 42.457202], [143.101672, 42.457392], [143.101647, 42.457588], [143.101726, 42.457745], [143.101946, 42.45799], [143.102358, 42.458457], [143.102471, 42.45856], [143.102598, 42.458604], [143.102681, 42.458619], [143.102833, 42.458604], [143.103127, 42.458531], [143.103254, 42.458516], [143.103914, 42.458522], [143.10433, 42.458557], [143.105319, 42.458684], [143.105643, 42.458718], [143.106738, 42.458786], [143.1071, 42.458835], [143.107433, 42.458909], [143.107791, 42.459046], [143.108164, 42.459243], [143.108192, 42.459265]], [[143.079114, 42.451339], [143.07927, 42.451355], [143.079731, 42.451398], [143.080091, 42.451432], [143.080219, 42.451459], [143.080253, 42.45147], [143.080447, 42.451534], [143.080943, 42.451696], [143.081079, 42.45174], [143.081209, 42.451778], [143.081441, 42.451824], [143.081623, 42.451853], [143.081817, 42.45188], [143.082078, 42.451895], [143.082236, 42.451892], [143.082405, 42.451863], [143.082652, 42.451793], [143.083039, 42.451629], [143.083127, 42.451611], [143.083187, 42.4516], [143.083714, 42.451552], [143.084675, 42.451469], [143.085278, 42.451404], [143.085743, 42.451382], [143.086082, 42.451375], [143.086363, 42.451367], [143.086706, 42.451404], [143.08696, 42.451479], [143.087345, 42.451643], [143.087745, 42.451933], [143.087867, 42.452021], [143.088075, 42.452229], [143.088196, 42.452326], [143.088371, 42.452399], [143.088902, 42.452546], [143.089226, 42.452595], [143.089401, 42.452575], [143.089755, 42.452498], [143.089846, 42.452487], [143.089963, 42.452474], [143.090224, 42.452459], [143.090515, 42.452469], [143.090956, 42.452512], [143.091686, 42.452634], [143.091943, 42.45272], [143.092084, 42.452817], [143.092181, 42.452953], [143.092229, 42.453069], [143.092302, 42.453297], [143.092379, 42.453413], [143.092472, 42.453524], [143.092612, 42.453616], [143.092757, 42.453699], [143.09303, 42.453807], [143.093485, 42.453957], [143.093771, 42.454059], [143.093979, 42.454141], [143.094222, 42.454272], [143.094469, 42.454423], [143.094688, 42.454647]], [[143.077919, 42.451239], [143.078303, 42.451222], [143.078581, 42.451265], [143.07898, 42.451326], [143.079114, 42.451339]], [[143.066185, 42.448052], [143.066776, 42.447917], [143.067218, 42.447859], [143.067769, 42.447824], [143.067984, 42.44785], [143.068226, 42.447906], [143.068439, 42.448005], [143.069139, 42.448419], [143.069431, 42.448571], [143.069596, 42.448648], [143.069779, 42.448706], [143.069978, 42.448749], [143.07009, 42.44875], [143.070243, 42.448743], [143.070368, 42.448731], [143.070487, 42.448699], [143.070666, 42.448634], [143.071308, 42.44838], [143.071532, 42.448308], [143.071648, 42.448274], [143.071738, 42.448267], [143.071806, 42.448265], [143.071876, 42.448284], [143.071951, 42.44832], [143.072074, 42.448407], [143.072279, 42.448603], [143.072368, 42.448671], [143.072523, 42.44875], [143.072682, 42.448818], [143.072878, 42.448883], [143.073316, 42.44898], [143.073506, 42.449015], [143.073861, 42.44907], [143.074047, 42.449121], [143.07418, 42.44917], [143.074294, 42.44922], [143.074454, 42.449297], [143.074586, 42.449399], [143.074974, 42.449699], [143.075187, 42.449864], [143.075293, 42.449963], [143.075306, 42.449981], [143.075363, 42.450062], [143.075426, 42.45018], [143.075497, 42.450353], [143.075591, 42.450493], [143.075788, 42.450721], [143.075901, 42.450817], [143.075983, 42.450868], [143.07618, 42.450956], [143.076629, 42.451139], [143.076813, 42.451212], [143.076944, 42.451263], [143.077056, 42.451289], [143.077189, 42.451302], [143.077438, 42.451297], [143.077833, 42.451244], [143.077919, 42.451239]], [[143.060591, 42.447104], [143.060636, 42.447124], [143.060728, 42.447155], [143.060774, 42.447167], [143.060861, 42.447177], [143.06095, 42.447172], [143.061615, 42.447102], [143.061897, 42.44708], [143.062114, 42.447071], [143.062341, 42.447064], [143.062608, 42.447069], [143.062762, 42.447085], [143.0629, 42.447112], [143.063091, 42.447162], [143.063214, 42.447215], [143.063305, 42.447273], [143.06338, 42.447367], [143.063598, 42.447707], [143.063701, 42.447832], [143.063815, 42.447931], [143.063931, 42.447984], [143.064103, 42.448027], [143.064383, 42.448064], [143.064942, 42.448097], [143.065306, 42.448134], [143.06559, 42.448139], [143.065836, 42.448112], [143.066099, 42.448071], [143.066185, 42.448052]], [[143.060309, 42.444245], [143.060342, 42.444296], [143.060412, 42.444453], [143.060462, 42.444624], [143.060477, 42.444742], [143.060469, 42.444876], [143.060416, 42.445035], [143.060269, 42.445365], [143.060189, 42.445632], [143.060107, 42.445798], [143.059987, 42.44593], [143.059878, 42.4461], [143.059844, 42.44619], [143.059846, 42.446267], [143.059859, 42.446349], [143.059904, 42.446429], [143.059996, 42.446534], [143.060212, 42.446745], [143.060301, 42.446847], [143.060373, 42.446953], [143.060458, 42.447027], [143.060535, 42.447078], [143.060591, 42.447104]], [[143.048842, 42.437787], [143.048954, 42.437993], [143.049165, 42.438159], [143.049492, 42.438332], [143.049776, 42.438453], [143.050113, 42.438573], [143.050433, 42.438677], [143.050831, 42.43879], [143.051174, 42.438881], [143.051283, 42.438929], [143.051447, 42.439023], [143.051701, 42.439202], [143.051944, 42.439368], [143.052149, 42.439491], [143.052348, 42.439598], [143.052473, 42.439641], [143.052599, 42.439682], [143.052789, 42.439728], [143.053041, 42.439774], [143.053811, 42.439892], [143.054019, 42.439936], [143.054039, 42.439942], [143.054217, 42.439992], [143.05434, 42.44004], [143.054424, 42.440088], [143.054516, 42.440151], [143.054622, 42.440274], [143.054874, 42.440603], [143.055166, 42.440955], [143.055339, 42.441112], [143.055449, 42.441187], [143.055611, 42.441238], [143.055738, 42.441277], [143.056179, 42.441313], [143.056341, 42.441349], [143.056471, 42.441397], [143.056611, 42.441462], [143.056806, 42.441597], [143.057071, 42.441766], [143.057282, 42.44189], [143.057468, 42.441972], [143.057678, 42.442051], [143.057954, 42.442152], [143.058198, 42.442219], [143.058323, 42.442248], [143.058432, 42.442255], [143.058543, 42.442255], [143.058676, 42.442275], [143.058803, 42.442315], [143.059011, 42.442398], [143.059128, 42.442424], [143.059328, 42.442451], [143.059408, 42.442481], [143.059424, 42.442487], [143.059513, 42.442557], [143.059581, 42.442647], [143.059615, 42.442724], [143.059632, 42.442799], [143.059641, 42.442883], [143.059658, 42.443254], [143.059673, 42.443358], [143.059721, 42.44348], [143.05981, 42.443603], [143.059953, 42.443764], [143.060078, 42.443924], [143.060226, 42.444115], [143.060309, 42.444245]], [[143.033496, 42.432023], [143.033635, 42.432012], [143.033754, 42.431985], [143.033922, 42.431929], [143.034316, 42.431798], [143.034465, 42.431756], [143.034617, 42.431715], [143.034753, 42.431699], [143.035031, 42.431682], [143.03541, 42.431663], [143.036123, 42.431665], [143.036358, 42.431685], [143.0365, 42.431713], [143.036583, 42.431746], [143.036666, 42.431805], [143.036739, 42.431888], [143.036894, 42.432138], [143.037027, 42.432283], [143.037245, 42.432531], [143.037373, 42.432692], [143.037492, 42.432833], [143.037568, 42.432914], [143.037676, 42.433011], [143.037835, 42.433113], [143.038088, 42.433277], [143.038176, 42.433334], [143.038296, 42.433441], [143.038489, 42.433602], [143.038633, 42.433694], [143.038733, 42.433744], [143.038813, 42.433762], [143.038964, 42.433783], [143.039133, 42.433802], [143.039358, 42.433837], [143.039555, 42.433871], [143.039813, 42.433932], [143.039985, 42.433982], [143.040165, 42.434034], [143.040314, 42.434087], [143.040407, 42.434132], [143.040563, 42.434224], [143.040786, 42.434383], [143.040914, 42.434461], [143.04099, 42.434492], [143.041094, 42.434511], [143.041274, 42.434516], [143.042144, 42.4345], [143.043097, 42.434495], [143.043112, 42.434497], [143.043808, 42.4346], [143.044477, 42.434712], [143.045641, 42.434927], [143.046156, 42.435147], [143.046576, 42.435414], [143.047302, 42.435891], [143.047817, 42.436282], [143.04842, 42.436753], [143.048783, 42.437678], [143.048842, 42.437787]], [[143.005495, 42.433228], [143.005603, 42.43328], [143.006028, 42.433474], [143.006233, 42.433561], [143.006557, 42.433667], [143.006882, 42.433779], [143.007168, 42.433852], [143.007302, 42.433883], [143.007406, 42.433888], [143.007581, 42.433888], [143.008092, 42.433852], [143.008349, 42.43382], [143.008579, 42.433787], [143.009282, 42.433652], [143.009744, 42.433569], [143.010235, 42.433479], [143.010424, 42.433437], [143.010525, 42.433404], [143.010606, 42.433359], [143.010667, 42.433298], [143.010925, 42.432969], [143.011015, 42.432877], [143.011109, 42.432796], [143.011208, 42.432719], [143.011317, 42.432652], [143.011421, 42.432591], [143.011545, 42.432531], [143.011723, 42.432463], [143.011883, 42.432419], [143.011963, 42.432414], [143.012058, 42.432409], [143.012138, 42.432407], [143.012235, 42.432414], [143.012403, 42.432433], [143.012521, 42.432463], [143.012664, 42.432506], [143.012816, 42.432565], [143.012992, 42.432635], [143.013072, 42.432673], [143.013159, 42.432704], [143.01328, 42.43273], [143.013405, 42.43273], [143.013618, 42.432716], [143.013809, 42.432685], [143.013993, 42.432621], [143.014506, 42.43243], [143.014634, 42.432397], [143.014766, 42.432373], [143.014865, 42.432364], [143.014948, 42.432369], [143.015031, 42.432385], [143.015116, 42.432432], [143.015203, 42.432529], [143.015329, 42.43266], [143.015433, 42.432775], [143.015527, 42.432879], [143.01565, 42.433002], [143.015749, 42.433075], [143.015848, 42.433125], [143.015929, 42.433148], [143.016016, 42.433151], [143.016123, 42.433139], [143.016633, 42.433054], [143.016834, 42.43303], [143.017006, 42.43303], [143.017197, 42.43304], [143.017304, 42.433057], [143.017511, 42.433111], [143.017626, 42.433165], [143.017749, 42.433233], [143.017834, 42.433285], [143.018044, 42.433467], [143.018143, 42.433535], [143.018186, 42.433553], [143.018259, 42.433583], [143.018375, 42.433635], [143.018545, 42.433675], [143.018783, 42.43373], [143.018887, 42.433751], [143.019097, 42.433767], [143.019266, 42.433782], [143.019717, 42.433789], [143.020141, 42.43378], [143.020309, 42.433799], [143.020514, 42.43382], [143.020689, 42.433849], [143.020944, 42.433894], [143.021079, 42.433898], [143.021194, 42.433868], [143.02193, 42.43362], [143.022488, 42.433425], [143.022793, 42.433347], [143.022984, 42.43331], [143.023213, 42.433265], [143.023534, 42.43322], [143.023833, 42.433172], [143.024008, 42.433158], [143.024305, 42.433147], [143.024818, 42.433158], [143.025161, 42.433165], [143.025329, 42.433168], [143.02544, 42.43316], [143.025605, 42.43313], [143.026189, 42.432991], [143.026314, 42.432974], [143.026658, 42.432972], [143.027123, 42.433003], [143.027501, 42.433055], [143.027777, 42.433116], [143.027907, 42.433135], [143.028368, 42.433147], [143.028772, 42.433165], [143.028897, 42.433187], [143.028999, 42.433208], [143.029032, 42.433215], [143.029552, 42.433362], [143.029663, 42.433364], [143.029934, 42.433348], [143.030384, 42.433255], [143.030788, 42.433189], [143.031008, 42.433154], [143.031171, 42.433114], [143.031377, 42.433033], [143.031656, 42.432905], [143.031868, 42.432759], [143.03218, 42.432509], [143.032365, 42.432366], [143.032507, 42.432276], [143.032599, 42.432226], [143.032706, 42.432189], [143.032889, 42.432145], [143.033225, 42.432082], [143.033496, 42.432023]], [[142.992627, 42.423626], [142.992749, 42.423716], [142.992939, 42.4238], [142.993068, 42.423918], [142.993151, 42.423958], [142.993288, 42.424054], [142.993364, 42.424087], [142.993508, 42.424093], [142.99391, 42.424149], [142.994078, 42.424189], [142.994321, 42.4242], [142.994404, 42.424189], [142.994829, 42.424177], [142.994989, 42.424155], [142.995186, 42.424155], [142.995407, 42.424217], [142.995505, 42.424228], [142.995649, 42.424273], [142.995764, 42.424335], [142.995885, 42.424442], [142.995976, 42.424492], [142.996189, 42.424605], [142.996219, 42.42462], [142.996303, 42.424656], [142.996781, 42.424976], [142.996903, 42.425156], [142.997062, 42.425494], [142.997411, 42.425871], [142.99754, 42.425972], [142.997708, 42.426056], [142.997799, 42.426068], [142.997874, 42.426068], [142.997936, 42.426058], [142.998038, 42.426038], [142.998224, 42.425984], [142.998301, 42.425962], [142.998379, 42.425947], [142.998669, 42.425886], [142.998789, 42.425877], [142.998919, 42.42586], [142.999029, 42.42586], [142.999121, 42.425882], [142.999213, 42.425933], [142.999282, 42.425992], [142.999338, 42.426086], [142.999423, 42.426272], [142.999489, 42.426457], [142.999546, 42.426669], [142.999584, 42.426829], [142.999603, 42.42718], [142.999598, 42.428098], [142.999602, 42.428234], [142.99964, 42.428371], [142.999758, 42.428628], [142.999855, 42.428827], [142.999954, 42.429002], [143.000032, 42.429206], [143.000098, 42.429321], [143.000202, 42.429482], [143.000314, 42.42962], [143.000389, 42.429716], [143.000458, 42.429804], [143.000524, 42.429867], [143.000607, 42.429924], [143.000737, 42.429998], [143.000865, 42.430062], [143.001006, 42.43012], [143.001155, 42.430182], [143.001365, 42.43026], [143.001526, 42.430324], [143.001667, 42.430371], [143.001864, 42.430433], [143.002006, 42.430482], [143.002169, 42.430534], [143.002315, 42.430591], [143.002535, 42.430683], [143.00279, 42.430817], [143.002991, 42.430931], [143.003194, 42.431049], [143.003395, 42.43117], [143.003541, 42.431266], [143.003685, 42.431387], [143.003806, 42.431506], [143.003986, 42.431706], [143.004172, 42.431928], [143.00419, 42.431952], [143.004308, 42.432114], [143.004494, 42.432359], [143.004614, 42.432502], [143.004778, 42.432685], [143.004927, 42.432817], [143.005061, 42.432921], [143.005326, 42.433119], [143.00547, 42.433216], [143.005495, 42.433228]], [[142.966614, 42.402058], [142.966127, 42.403037], [142.965476, 42.40403], [142.965006, 42.405152], [142.964739, 42.405835], [142.964536, 42.406369], [142.963955, 42.408835], [142.963756, 42.409745], [142.963771, 42.410165], [142.963966, 42.410646], [142.964252, 42.411081], [142.964838, 42.411697], [142.965213, 42.412223], [142.965424, 42.412793], [142.965529, 42.413394], [142.965589, 42.413754], [142.965768, 42.414089], [142.966257, 42.414577], [142.966548, 42.415053], [142.966654, 42.415528], [142.966548, 42.416228], [142.966125, 42.417271], [142.96561, 42.418671], [142.965425, 42.418975], [142.965267, 42.419635], [142.965221, 42.419849], [142.965175, 42.41995], [142.965153, 42.420141], [142.965138, 42.420203], [142.965138, 42.42044], [142.965221, 42.420805], [142.965198, 42.421239], [142.965221, 42.421363], [142.965251, 42.421993], [142.965282, 42.422201], [142.965388, 42.422477], [142.965426, 42.4226], [142.965502, 42.422735], [142.965729, 42.423017], [142.965897, 42.423163], [142.965957, 42.423253], [142.965965, 42.423563], [142.966041, 42.42372], [142.966124, 42.423782], [142.966223, 42.423822], [142.966436, 42.423855], [142.966618, 42.423912], [142.966686, 42.423957], [142.966747, 42.42403], [142.966891, 42.42417], [142.967043, 42.424255], [142.96718, 42.424294], [142.967544, 42.424311], [142.967673, 42.424339], [142.967788, 42.424379], [142.967939, 42.424469], [142.968038, 42.424548], [142.96822, 42.424778], [142.968289, 42.424846], [142.968615, 42.425009], [142.968927, 42.425105], [142.969048, 42.425127], [142.969268, 42.4252], [142.969374, 42.425245], [142.969511, 42.425274], [142.969724, 42.425313], [142.96983, 42.42538], [142.970179, 42.425763], [142.970263, 42.42587], [142.970423, 42.42605], [142.970605, 42.426213], [142.970668, 42.426249], [142.970969, 42.426422], [142.971136, 42.426557], [142.971296, 42.426709], [142.971493, 42.426804], [142.971668, 42.426866], [142.971987, 42.42695], [142.972496, 42.427164], [142.972716, 42.427237], [142.973012, 42.427395], [142.973194, 42.427496], [142.973665, 42.427648], [142.973999, 42.427677], [142.974098, 42.427688], [142.974242, 42.427727], [142.974781, 42.427947], [142.974872, 42.427975], [142.97491, 42.427997], [142.975108, 42.428031], [142.975419, 42.428054], [142.975791, 42.428115], [142.975996, 42.428177], [142.976095, 42.428245], [142.976353, 42.428459], [142.976459, 42.42865], [142.976528, 42.428718], [142.976664, 42.428774], [142.976786, 42.428802], [142.977181, 42.428819], [142.977325, 42.428825], [142.977508, 42.428841], [142.977591, 42.428836], [142.977857, 42.42878], [142.978145, 42.428678], [142.978274, 42.428656], [142.978479, 42.428588], [142.978661, 42.42856], [142.978859, 42.428566], [142.97895, 42.428599], [142.979072, 42.428678], [142.979261, 42.428886], [142.979413, 42.428971], [142.979466, 42.428988], [142.979861, 42.428988], [142.98037, 42.429067], [142.980501, 42.429097], [142.980636, 42.429129], [142.980811, 42.429151], [142.981122, 42.429202], [142.981274, 42.429213], [142.981486, 42.429252], [142.981737, 42.429252], [142.981874, 42.429207], [142.982071, 42.429089], [142.982185, 42.428988], [142.9822, 42.428909], [142.982193, 42.428836], [142.98217, 42.428769], [142.982185, 42.428662], [142.982474, 42.428318], [142.982542, 42.428256], [142.982702, 42.4282], [142.98296, 42.428172], [142.983286, 42.428071], [142.983416, 42.428003], [142.983666, 42.4278], [142.983818, 42.427722], [142.984069, 42.427655], [142.98435, 42.42766], [142.984494, 42.427694], [142.984676, 42.42775], [142.984866, 42.427745], [142.984942, 42.427722], [142.9852, 42.427536], [142.985329, 42.427486], [142.985405, 42.427435], [142.985473, 42.427277], [142.985496, 42.42717], [142.985542, 42.427092], [142.985846, 42.426889], [142.98599, 42.426765], [142.9864, 42.426495], [142.986552, 42.426456], [142.986711, 42.426439], [142.986894, 42.426456], [142.987038, 42.42649], [142.987197, 42.426512], [142.987281, 42.426501], [142.987364, 42.426428], [142.987395, 42.426326], [142.987402, 42.426124], [142.987425, 42.426062], [142.987501, 42.425961], [142.987577, 42.425905], [142.987645, 42.425882], [142.987782, 42.425865], [142.987942, 42.425871], [142.988116, 42.425899], [142.98861, 42.425905], [142.988906, 42.425972], [142.989088, 42.426023], [142.989111, 42.426029], [142.989217, 42.426017], [142.989257, 42.425994], [142.989286, 42.425978], [142.989339, 42.425922], [142.989384, 42.425798], [142.989384, 42.425635], [142.989248, 42.425319], [142.989256, 42.424903], [142.989286, 42.424807], [142.989347, 42.424712], [142.989582, 42.424549], [142.98984, 42.424273], [142.99003, 42.424115], [142.990152, 42.42407], [142.990197, 42.424054], [142.990751, 42.42407], [142.991116, 42.424082], [142.991313, 42.42407], [142.99142, 42.424048], [142.99164, 42.423935], [142.991891, 42.423755], [142.99202, 42.423682], [142.992209, 42.423643], [142.992361, 42.423598], [142.992506, 42.423598], [142.992627, 42.423626]], [[143.159062, 42.511938], [143.159668, 42.512202], [143.160041, 42.512301], [143.16073, 42.512485], [143.162063, 42.512884], [143.162487, 42.513043], [143.162656, 42.513155], [143.162909, 42.513369], [143.16337, 42.513976], [143.163646, 42.514207], [143.163811, 42.514332], [143.164064, 42.51445], [143.164818, 42.514551], [143.165212, 42.514636], [143.165623, 42.514737], [143.165882, 42.514844], [143.166205, 42.515053], [143.166959, 42.515643], [143.167359, 42.51595], [143.167984, 42.516726], [143.168361, 42.517266], [143.168468, 42.517384], [143.168538, 42.517457], [143.168603, 42.517525], [143.168805, 42.517643], [143.170272, 42.518082], [143.171099, 42.518262], [143.171532, 42.518352], [143.171949, 42.518532], [143.172478, 42.518819], [143.173624, 42.51979], [143.174483, 42.52052], [143.175365, 42.5213], [143.175741, 42.521616], [143.176188, 42.521901], [143.176597, 42.522122], [143.177206, 42.522326], [143.177484, 42.522409], [143.177972, 42.522555], [143.178343, 42.522724], [143.178739, 42.523013], [143.178863, 42.523152], [143.178986, 42.523373], [143.179077, 42.523598], [143.179103, 42.5238], [143.179084, 42.524018], [143.179065, 42.524212], [143.179088, 42.52438], [143.179396, 42.525174], [143.179741, 42.525841], [143.180102, 42.526353], [143.180248, 42.526521], [143.18041, 42.526665], [143.18133, 42.527175], [143.182009, 42.527672], [143.182171, 42.527852], [143.182291, 42.52802], [143.182429, 42.528343], [143.18252, 42.528528], [143.182693, 42.528697], [143.183289, 42.529008], [143.183654, 42.529315]], [[143.140214, 42.496194], [143.140773, 42.496462], [143.141178, 42.496564], [143.14149, 42.496614], [143.141903, 42.496685], [143.142145, 42.496795], [143.142326, 42.496906], [143.142488, 42.497037], [143.14277, 42.497319], [143.142961, 42.497642], [143.142964, 42.497664], [143.142993, 42.497865], [143.142962, 42.497997], [143.142922, 42.498037], [143.142851, 42.498047], [143.142741, 42.498017], [143.142549, 42.497946], [143.142216, 42.497946], [143.142025, 42.497976], [143.141904, 42.498017], [143.141824, 42.498117], [143.141773, 42.498268], [143.141743, 42.49843], [143.141693, 42.498621], [143.141561, 42.498752], [143.141451, 42.498863], [143.14141, 42.499084], [143.141461, 42.499359], [143.141561, 42.49953], [143.141753, 42.499902], [143.141974, 42.500225], [143.142308, 42.500599], [143.14257, 42.500982], [143.142781, 42.501385], [143.142963, 42.50178], [143.143165, 42.502042], [143.143286, 42.502153], [143.143427, 42.502254], [143.143628, 42.502334], [143.143739, 42.502344], [143.144001, 42.502344], [143.144183, 42.502304], [143.144324, 42.502254], [143.144717, 42.502082], [143.145233, 42.50185], [143.145445, 42.50183], [143.145667, 42.5018], [143.146463, 42.501669], [143.146866, 42.501568], [143.146887, 42.501562], [143.147272, 42.501447], [143.147403, 42.501376], [143.147484, 42.501276], [143.147544, 42.501155], [143.147856, 42.500652], [143.148048, 42.50037], [143.148251, 42.500106], [143.148402, 42.499995], [143.148583, 42.499885], [143.148694, 42.499814], [143.148815, 42.499754], [143.149087, 42.499673], [143.149339, 42.499633], [143.149571, 42.499603], [143.149833, 42.499593], [143.150308, 42.499633], [143.150611, 42.499683], [143.150863, 42.499754], [143.151034, 42.499864], [143.151296, 42.500076], [143.151376, 42.500156], [143.151669, 42.50061], [143.151841, 42.500783], [143.152083, 42.501004], [143.152224, 42.501155], [143.152315, 42.501286], [143.152386, 42.501427], [143.152407, 42.501611], [143.152417, 42.502014], [143.152447, 42.502235], [143.152487, 42.502295], [143.152598, 42.502465], [143.152613, 42.502528], [143.152622, 42.502572], [143.152499, 42.502969], [143.152375, 42.503537], [143.152294, 42.503703], [143.15221, 42.503793], [143.152075, 42.503861], [143.151343, 42.504029], [143.151146, 42.504108], [143.150966, 42.504198], [143.150814, 42.504316], [143.150679, 42.504485], [143.150561, 42.504653], [143.15033, 42.505353], [143.150228, 42.505859], [143.1502, 42.506157], [143.150217, 42.506599], [143.150149, 42.507183], [143.150082, 42.507363], [143.149941, 42.507565], [143.149896, 42.50765], [143.149891, 42.507762], [143.149902, 42.508665], [143.15011, 42.509752], [143.150188, 42.509986], [143.150211, 42.510056], [143.150312, 42.510287], [143.150633, 42.510607], [143.151068, 42.511014], [143.151248, 42.511132], [143.151608, 42.511272], [143.151928, 42.511385], [143.15221, 42.511441], [143.152812, 42.511497], [143.153172, 42.511582], [143.15345, 42.511701], [143.153951, 42.511994], [143.154154, 42.512089], [143.154407, 42.512134], [143.154885, 42.51214], [143.155645, 42.512117], [143.157158, 42.511898], [143.157985, 42.511724], [143.158249, 42.511701], [143.158469, 42.511724], [143.158789, 42.511819], [143.159062, 42.511938]]]}, "properties": {"id": "RC-004", "name": "ヌピナイ川（今のヌビナイ川）", "historic_names": "ヌピナイ川", "mapping": "名前が同じ。明治44年の概報は「南方支流」と書き、実際に三支流で一番南。", "period": "明治39年（許可）。明治44年時点で未着手", "summary": "明治39年9月に神谷傳兵衛が「ヌピナイ川及ペンケポロナイ川筋」「ヌピナイ川及パンケホロナイ川筋」で許可を受けた（砂5734、砂5742）。明治44年の概報は「南方支流ヌピナイニモ所々ニ砂金ヲ藏セリト雖モ…未タ着手セラレサルカ如シ」と書き、伊木（1912）はその理由を「『ヌビナイ』に於ても河床所々に砂金を存すれども流礫厚く堆積し稼行に便ならず」と書く。金が無いのではなく、礫が厚くて手掘りでは岩盤に届かなかったということ。", "production": "記録なし", "record_confidence": "高（官報、鉱物調査概報）", "section_known": "川筋まで。ペンケポロナイ、パンケホロナイの位置は未特定", "sources": ["SRC-024", "SRC-025", "SRC-034", "SRC-043"], "hint": "礫が薄くなる所（岩盤が川底に出る所、峡谷）や、支流の合流点の下流が狙い目になる（推測）。"}}, {"type": "Feature", "geometry": {"type": "LineString", "coordinates": [[143.076414, 42.54796], [143.076966, 42.548199], [143.077339, 42.548204], [143.077748, 42.548204], [143.078163, 42.548291], [143.078793, 42.548517], [143.0793, 42.548835], [143.079507, 42.549138], [143.079733, 42.54942], [143.080661, 42.549934], [143.080791, 42.550064], [143.081048, 42.550436], [143.08138, 42.550695], [143.081628, 42.550984], [143.082006, 42.551316], [143.082084, 42.551472], [143.082066, 42.551624], [143.081426, 42.552379], [143.081385, 42.552539], [143.081454, 42.552724], [143.081836, 42.552982], [143.082834, 42.553396], [143.083027, 42.553433], [143.083653, 42.553553], [143.084371, 42.553943], [143.085016, 42.554248], [143.085679, 42.554289], [143.086677, 42.554244], [143.087262, 42.554299], [143.087584, 42.554441], [143.088223, 42.554891], [143.08861, 42.555017], [143.089756, 42.555132], [143.090309, 42.555228], [143.09074, 42.555388], [143.090879, 42.55544], [143.091151, 42.555698], [143.091404, 42.556364], [143.091796, 42.556705], [143.091874, 42.556954], [143.091938, 42.557377], [143.092044, 42.557616], [143.092504, 42.558077], [143.092881, 42.558174], [143.09319, 42.558155], [143.093429, 42.557986], [143.093875, 42.558009], [143.094226, 42.558105], [143.094428, 42.558036], [143.094709, 42.557802], [143.094971, 42.55771], [143.095375, 42.557742], [143.096287, 42.557912], [143.096559, 42.558009], [143.096785, 42.558133], [143.097139, 42.55811], [143.097442, 42.558105], [143.097612, 42.558211], [143.097981, 42.558455], [143.098303, 42.558588], [143.098524, 42.558777], [143.098841, 42.558795], [143.099024, 42.558742], [143.099187, 42.558694], [143.099347, 42.558602], [143.099495, 42.558515], [143.099785, 42.558455], [143.100596, 42.55857], [143.101019, 42.558804], [143.101341, 42.55898], [143.10176, 42.559002], [143.101925, 42.558924], [143.102256, 42.558672], [143.102722, 42.558635], [143.10335, 42.558592], [143.103523, 42.55858], [143.104762, 42.558741], [143.105543, 42.558658], [143.106856, 42.558398], [143.106915, 42.558386], [143.10777, 42.558005], [143.108489, 42.557761], [143.109156, 42.557365], [143.109603, 42.557166], [143.109919, 42.557025], [143.110464, 42.556867], [143.110818, 42.556872], [143.110928, 42.556982], [143.110937, 42.557147], [143.110864, 42.557296], [143.110643, 42.557677], [143.11033, 42.558851], [143.110417, 42.559099], [143.11073, 42.559219], [143.112041, 42.559427], [143.113013, 42.559505], [143.114021, 42.559413], [143.114605, 42.559298], [143.115848, 42.558682], [143.116378, 42.558465], [143.116598, 42.558474], [143.116927, 42.558596], [143.117044, 42.55864], [143.117947, 42.55875], [143.118726, 42.558856], [143.119549, 42.559127], [143.120166, 42.559482], [143.120543, 42.559804], [143.120805, 42.559864], [143.121198, 42.559882], [143.122113, 42.559864], [143.122386, 42.559819], [143.122734, 42.559707], [143.122835, 42.55967]]}, "properties": {"id": "RC-005", "name": "神威金鉱の渓谷（本流、合流点から東へ5 km）", "historic_names": "日方川", "mapping": "1950年の報告の「日方川（ヤオロマップ川）とポンヤオロマップ川との合流点附近より、東5kmに亘る狭長な地域」。今のポンヤオロヌップ川の合流点から本流を下流へ 5 km たどった区間とした。", "period": "昭和9年に原園純秀が砂鉱権（十勝砂登47、延長3里34町30間）。昭和11〜17年の鉱区一覧には見当たらない。1948〜49年に探鉱、1950年に視察。戦後の鉱区一覧（1947年、1962〜65年）に原園の名が当たる（未読）", "summary": "渓谷砂金は今の河底にあり、段丘の砂金より大粒のことが多く、雨の後は河底の一部に集まるという。河底は幅数十 m 以下で巨礫が多く、分布が不規則なため副業的に採るしかない。1950年当時は「少数の密採者によつて、砂金採取が季節的に行われているに過ぎない」。", "production": "記録なし（段丘の試掘は SITE GS-007 と未配置の滝の沢）", "record_confidence": "高（地質調査所の報告）", "section_known": "起点（合流点）と長さ（5 km）が書かれている", "sources": ["SRC-036", "SRC-031", "SRC-041", "SRC-042"]}}, {"type": "Feature", "geometry": {"type": "LineString", "coordinates": [[143.422953, 42.462404], [143.444447, 42.491196]]}, "properties": {"id": "RC-006", "name": "アイボシマ川口の海岸の借区（明治24年〜）", "historic_names": "アイボシマ", "mapping": "明治34年の殖民状況報文の「アイボシマ川ノ吐口ヲ中心トナシ海岸ノ砂濱北東及ヒ南西各々千餘間幅二十間」。今のアイホシマ川の河口を中心に、海岸線の向き（北北東、約29度）に前後 1.8 km（千間）の線とした。", "period": "明治24年から。明治34年時点で十勝で唯一採取中", "summary": "山形県の渡部鐵之助が明治24年に許可を受け、毎年5月から11月まで人夫6、7名で浜の砂を採った。明治34年時点で、許可を得た20余筆のうち実際に採取しているのはアイボシマだけ。", "production": "例年350〜400匁（約1.3〜1.5 kg）", "record_confidence": "高（北海道庁の報文）", "section_known": "中心と長さと幅が書かれている", "sources": ["SRC-035"]}}]}