{"type": "FeatureCollection", "source": "SRC-011", "features": [{"type": "Feature", "geometry": {"type": "LineString", "coordinates": [[143.141043, 42.52531], [143.141816, 42.525697], [143.143411, 42.526446], [143.143854, 42.526752], [143.144564, 42.52743], [143.14586, 42.528806], [143.147734, 42.529929], [143.148016, 42.530018], [143.148274, 42.529994], [143.148708, 42.529937], [143.14985, 42.529645], [143.150463, 42.529487], [143.151003, 42.529197], [143.151379, 42.52892], [143.151533, 42.52879], [143.151666, 42.52861], [143.151748, 42.528378], [143.152252, 42.527097], [143.152429, 42.526829], [143.152659, 42.526645], [143.153703, 42.525931], [143.154578, 42.525362], [143.154846, 42.525076], [143.155957, 42.523737], [143.156307, 42.523268], [143.156465, 42.523166], [143.156707, 42.52312], [143.156958, 42.523157], [143.157208, 42.523259], [143.157887, 42.523547], [143.159959, 42.524271], [143.16066, 42.524571], [143.160979, 42.524771], [143.161164, 42.524929], [143.161271, 42.52511], [143.161428, 42.525377], [143.161637, 42.525543], [143.162193, 42.525771], [143.163096, 42.526092], [143.164221, 42.526491], [143.1655, 42.526775], [143.16593, 42.526795], [143.166923, 42.526717], [143.167434, 42.526622], [143.168604, 42.526275], [143.1691, 42.526244], [143.169774, 42.526276], [143.171924, 42.526622], [143.172094, 42.52661], [143.172255, 42.526543], [143.172468, 42.526405], [143.17348, 42.525685], [143.173927, 42.525367], [143.174086, 42.525279], [143.174269, 42.525249], [143.175073, 42.525296], [143.175811, 42.525379], [143.17616, 42.525521], [143.17757, 42.526277], [143.178646, 42.527098], [143.18006, 42.528656], [143.180982, 42.529282], [143.181313, 42.529417], [143.181744, 42.529453], [143.182364, 42.529449], [143.182595, 42.529447], [143.183654, 42.529315]]}, "properties": {"name": "歴舟中の川", "system": "歴舟川水系", "river_code": "0100510004"}}, {"type": "Feature", "geometry": {"type": "LineString", "coordinates": [[143.129798, 42.531954], [143.130691, 42.532471], [143.130909, 42.532531], [143.131109, 42.532531], [143.131874, 42.532413], [143.132174, 42.532292], [143.132422, 42.532113], [143.132536, 42.531927], [143.132981, 42.530822], [143.133175, 42.530536], [143.133268, 42.530447], [143.133441, 42.530356], [143.133763, 42.530234], [143.133899, 42.530127], [143.134017, 42.52997], [143.134287, 42.52932], [143.134587, 42.52854], [143.134627, 42.528001], [143.134643, 42.527317], [143.134732, 42.527092], [143.134877, 42.526851], [143.135126, 42.52661], [143.135544, 42.526325], [143.135756, 42.526181], [143.136876, 42.525658], [143.138067, 42.525264], [143.139553, 42.525053], [143.140399, 42.525174], [143.141043, 42.52531]]}, "properties": {"name": "歴舟中の川", "system": "歴舟川水系", "river_code": "0100510004"}}, {"type": "Feature", "geometry": {"type": "LineString", "coordinates": [[143.102965, 42.523085], [143.10294, 42.523145], [143.10294, 42.523346], [143.103041, 42.52349], [143.103279, 42.523584], [143.103662, 42.523599], [143.104274, 42.523513], [143.104454, 42.523564], [143.104793, 42.523729], [143.104915, 42.523902], [143.105204, 42.524717], [143.105506, 42.525372], [143.107625, 42.525726], [143.109169, 42.52595], [143.109789, 42.525994], [143.109941, 42.526181], [143.110013, 42.526591], [143.109933, 42.526794], [143.109717, 42.527132], [143.109408, 42.527298], [143.109116, 42.52739], [143.108911, 42.527456], [143.108766, 42.527703], [143.108773, 42.527883], [143.109342, 42.528437], [143.110222, 42.528819], [143.110228, 42.52882], [143.1108, 42.528898], [143.111671, 42.528503], [143.112169, 42.528178], [143.112258, 42.528076], [143.112486, 42.527818], [143.112824, 42.52766], [143.113395, 42.527544], [143.114058, 42.527579], [143.114578, 42.527738], [143.114931, 42.527723], [143.115586, 42.527428], [143.116138, 42.526987], [143.116308, 42.526852], [143.11691, 42.526314], [143.117212, 42.526045], [143.117238, 42.526022], [143.117373, 42.525832], [143.117836, 42.525179], [143.118219, 42.524443], [143.118536, 42.523605], [143.118579, 42.523493], [143.119156, 42.522864], [143.119566, 42.522612], [143.119797, 42.522641], [143.120028, 42.522778], [143.120258, 42.523152], [143.12067, 42.523455], [143.1212, 42.523666], [143.122188, 42.524211], [143.123128, 42.524882], [143.123584, 42.525329], [143.124277, 42.52604], [143.124412, 42.526276], [143.124446, 42.526479], [143.124446, 42.526774], [143.124463, 42.527857], [143.124522, 42.528068], [143.124581, 42.52827], [143.124766, 42.528515], [143.125459, 42.529342], [143.125907, 42.530047], [143.126186, 42.530578], [143.126321, 42.530722], [143.126523, 42.530831], [143.126798, 42.5309], [143.128052, 42.531211], [143.128982, 42.531551], [143.129798, 42.531954]]}, "properties": {"name": "歴舟中の川", "system": "歴舟川水系", "river_code": "0100510004"}}, {"type": "Feature", "geometry": {"type": "LineString", "coordinates": [[143.099468, 42.518275], [143.099472, 42.518378], [143.099609, 42.518768], [143.102557, 42.519295], [143.103193, 42.519569], [143.103646, 42.52], [143.104051, 42.520499], [143.104065, 42.5207], [143.103899, 42.521154], [143.103215, 42.522487], [143.102965, 42.523085]]}, "properties": {"name": "歴舟中の川", "system": "歴舟川水系", "river_code": "0100510004"}}, {"type": "Feature", "geometry": {"type": "LineString", "coordinates": [[143.085424, 42.507228], [143.085575, 42.506962], [143.085676, 42.506904], [143.085777, 42.506919], [143.085913, 42.507034], [143.085964, 42.507142], [143.086029, 42.507509], [143.086281, 42.507998], [143.086238, 42.50846], [143.086281, 42.508863], [143.086397, 42.509058], [143.086866, 42.509485], [143.087349, 42.509564], [143.087702, 42.509629], [143.087911, 42.50978], [143.087983, 42.510003], [143.087983, 42.510249], [143.088091, 42.510393], [143.088293, 42.510501], [143.088416, 42.51071], [143.088538, 42.510724], [143.088631, 42.510695], [143.088689, 42.510645], [143.088739, 42.510472], [143.088853, 42.510354], [143.089343, 42.510361], [143.089991, 42.51044], [143.090488, 42.510634], [143.091577, 42.510951], [143.091721, 42.511081], [143.091721, 42.51121], [143.091397, 42.51155], [143.091363, 42.51162], [143.091246, 42.511867], [143.091116, 42.512032], [143.09113, 42.512147], [143.09165, 42.512387], [143.091787, 42.512617], [143.091952, 42.513288], [143.092024, 42.51385], [143.091995, 42.513995], [143.092046, 42.514233], [143.092161, 42.514456], [143.092499, 42.514794], [143.092622, 42.514873], [143.092752, 42.51486], [143.093062, 42.514882], [143.09322, 42.514997], [143.093343, 42.515177], [143.093422, 42.515335], [143.093516, 42.515422], [143.093927, 42.515537], [143.094165, 42.515437], [143.094633, 42.515185], [143.09511, 42.514839], [143.095449, 42.514803], [143.095751, 42.514846], [143.095953, 42.514976], [143.096538, 42.515401], [143.09759, 42.515904], [143.097876, 42.516116], [143.098304, 42.516432], [143.098743, 42.517], [143.099458, 42.518011], [143.099468, 42.518275]]}, "properties": {"name": "歴舟中の川", "system": "歴舟川水系", "river_code": "0100510004"}}, {"type": "Feature", "geometry": {"type": "LineString", "coordinates": [[143.079211, 42.505028], [143.079338, 42.505072], [143.079562, 42.50533], [143.07967, 42.505525], [143.079706, 42.505958], [143.079554, 42.506088], [143.079389, 42.506217], [143.079295, 42.506341], [143.079158, 42.506622], [143.078971, 42.506874], [143.078935, 42.507154], [143.07905, 42.507516], [143.079201, 42.507623], [143.079374, 42.507638], [143.079814, 42.507487], [143.079936, 42.507501], [143.080188, 42.507602], [143.080478, 42.507784], [143.080715, 42.508172], [143.081053, 42.508503], [143.081507, 42.508827], [143.081739, 42.508834], [143.081912, 42.50877], [143.08202, 42.508662], [143.082135, 42.508525], [143.082279, 42.508489], [143.082632, 42.508496], [143.083195, 42.508626], [143.083498, 42.508626], [143.083678, 42.508568], [143.084342, 42.508352], [143.084666, 42.508187], [143.084896, 42.507971], [143.085166, 42.507654], [143.085272, 42.50753], [143.085416, 42.507242], [143.085424, 42.507228]]}, "properties": {"name": "歴舟中の川", "system": "歴舟川水系", "river_code": "0100510004"}}, {"type": "Feature", "geometry": {"type": "LineString", "coordinates": [[143.045428, 42.4997], [143.045802, 42.499811], [143.045923, 42.499835], [143.046084, 42.499837], [143.046307, 42.499803], [143.046434, 42.499794], [143.046582, 42.499794], [143.046719, 42.499814], [143.046788, 42.499835], [143.046986, 42.499949], [143.047076, 42.49999], [143.047158, 42.500001], [143.047238, 42.499994], [143.047311, 42.499975], [143.04738, 42.499939], [143.047462, 42.499878], [143.047699, 42.499674], [143.047811, 42.499603], [143.047934, 42.499551], [143.048022, 42.499525], [143.048108, 42.499513], [143.048201, 42.499504], [143.048282, 42.49951], [143.048375, 42.499523], [143.048448, 42.499555], [143.048536, 42.499614], [143.048592, 42.499676], [143.048661, 42.499784], [143.048704, 42.499874], [143.048747, 42.500032], [143.04879, 42.500268], [143.048818, 42.50038], [143.048883, 42.500534], [143.048973, 42.500671], [143.049094, 42.500787], [143.049204, 42.500854], [143.049307, 42.50088], [143.049429, 42.500882], [143.049728, 42.500847], [143.049841, 42.500847], [143.050026, 42.500867], [143.050343, 42.500929], [143.050633, 42.500985], [143.051153, 42.501065], [143.051643, 42.501153], [143.051855, 42.501179], [143.052029, 42.501181], [143.052169, 42.501162], [143.052371, 42.501123], [143.052488, 42.50111], [143.052608, 42.501123], [143.053043, 42.501229], [143.053309, 42.501284], [143.053444, 42.501302], [143.053469, 42.501301], [143.053591, 42.5013], [143.053943, 42.501284], [143.054219, 42.501284], [143.054328, 42.501265], [143.054404, 42.501231], [143.054489, 42.501167], [143.054546, 42.501104], [143.054755, 42.500768], [143.054854, 42.500639], [143.054953, 42.500538], [143.055021, 42.500486], [143.055084, 42.50045], [143.055163, 42.500428], [143.055258, 42.50042], [143.055701, 42.500398], [143.056359, 42.500402], [143.056651, 42.500402], [143.056876, 42.500394], [143.057072, 42.500404], [143.057569, 42.500456], [143.058067, 42.50052], [143.058458, 42.500602], [143.059305, 42.500845], [143.059522, 42.500886], [143.05969, 42.500901], [143.059836, 42.500905], [143.060173, 42.500891], [143.060412, 42.500859], [143.060623, 42.500809], [143.061055, 42.500678], [143.061836, 42.500445], [143.062128, 42.500347], [143.062326, 42.500269], [143.062464, 42.50017], [143.062739, 42.499927], [143.062859, 42.499832], [143.062936, 42.49979], [143.063025, 42.499773], [143.06312, 42.499773], [143.063228, 42.499789], [143.063374, 42.499836], [143.063529, 42.499898], [143.063579, 42.499918], [143.064386, 42.500327], [143.064633, 42.500454], [143.064823, 42.5005], [143.065058, 42.500524], [143.065662, 42.50059], [143.067031, 42.500804], [143.067596, 42.500887], [143.068168, 42.500902], [143.068588, 42.500915], [143.069052, 42.500963], [143.069568, 42.501037], [143.069849, 42.501076], [143.069993, 42.50112], [143.070404, 42.501334], [143.070538, 42.501367], [143.070924, 42.501489], [143.071418, 42.501655], [143.072219, 42.501935], [143.072427, 42.502011], [143.072759, 42.502168], [143.073092, 42.502343], [143.073248, 42.50243], [143.07342, 42.502569], [143.073744, 42.502819], [143.074705, 42.503962], [143.074911, 42.50403], [143.075093, 42.504019], [143.075402, 42.503904], [143.075745, 42.503905], [143.076159, 42.504034], [143.076706, 42.504271], [143.077196, 42.504602], [143.077464, 42.504978], [143.077658, 42.505259], [143.077759, 42.505309], [143.077975, 42.505273], [143.078731, 42.505021], [143.079108, 42.504992], [143.079211, 42.505028]]}, "properties": {"name": "歴舟中の川", "system": "歴舟川水系", "river_code": "0100510004"}}, {"type": "Feature", "geometry": {"type": "LineString", "coordinates": [[143.042537, 42.501207], [143.042712, 42.501147], [143.04285, 42.50108], [143.042968, 42.500991], [143.043069, 42.500899], [143.043166, 42.500795], [143.043287, 42.500662], [143.043399, 42.500485], [143.043524, 42.500259], [143.04361, 42.500143], [143.043713, 42.500046], [143.043821, 42.499971], [143.043927, 42.499918], [143.043941, 42.499911], [143.044128, 42.499835], [143.044308, 42.499775], [143.04453, 42.499719], [143.044749, 42.499668], [143.044928, 42.49965], [143.045096, 42.499644], [143.045245, 42.499659], [143.045428, 42.4997]]}, "properties": {"name": "歴舟中の川", "system": "歴舟川水系", "river_code": "0100510004"}}, {"type": "Feature", "geometry": {"type": "LineString", "coordinates": [[143.035486, 42.497486], [143.035533, 42.497911], [143.035576, 42.498134], [143.035662, 42.498262], [143.035813, 42.498425], [143.036423, 42.498766], [143.036784, 42.498947], [143.037024, 42.499062], [143.037408, 42.499183], [143.037713, 42.499286], [143.037983, 42.499368], [143.038361, 42.499449], [143.038546, 42.499497], [143.038705, 42.499551], [143.038896, 42.499629], [143.039094, 42.499704], [143.039279, 42.499775], [143.039465, 42.499848], [143.039549, 42.499882], [143.039665, 42.499908], [143.039731, 42.49994], [143.039846, 42.499993], [143.039915, 42.500027], [143.039982, 42.50007], [143.040171, 42.500205], [143.040423, 42.500378], [143.040569, 42.500483], [143.040668, 42.500548], [143.040779, 42.500613], [143.040929, 42.500679], [143.041095, 42.500774], [143.041189, 42.500832], [143.041394, 42.500982], [143.041519, 42.501058], [143.041666, 42.501119], [143.041816, 42.50117], [143.041997, 42.501209], [143.04216, 42.501224], [143.042363, 42.501226], [143.042451, 42.50122], [143.042537, 42.501207]]}, "properties": {"name": "歴舟中の川", "system": "歴舟川水系", "river_code": "0100510004"}}, {"type": "Feature", "geometry": {"type": "LineString", "coordinates": [[143.0278, 42.484528], [143.027953, 42.484624], [143.028049, 42.484696], [143.028141, 42.48478], [143.028199, 42.484861], [143.028284, 42.484993], [143.028328, 42.485044], [143.028562, 42.485227], [143.028632, 42.485301], [143.02867, 42.485365], [143.028709, 42.485441], [143.028723, 42.485516], [143.0288, 42.486119], [143.028828, 42.4863], [143.028853, 42.486435], [143.028889, 42.48656], [143.028929, 42.486637], [143.028988, 42.486676], [143.02906, 42.486719], [143.029149, 42.486761], [143.029667, 42.486929], [143.029788, 42.486973], [143.029888, 42.487021], [143.029944, 42.487072], [143.030016, 42.487146], [143.030075, 42.487229], [143.030128, 42.487347], [143.030199, 42.487601], [143.030254, 42.487703], [143.030409, 42.487858], [143.030549, 42.488062], [143.030703, 42.488243], [143.030819, 42.488347], [143.030951, 42.488442], [143.031136, 42.488557], [143.031268, 42.488625], [143.031451, 42.488706], [143.031808, 42.488855], [143.03196, 42.488937], [143.032088, 42.489037], [143.032239, 42.489174], [143.032326, 42.489284], [143.032375, 42.489377], [143.032449, 42.489564], [143.032489, 42.489721], [143.032582, 42.490274], [143.032633, 42.49041], [143.03268, 42.490495], [143.03285, 42.490677], [143.033145, 42.490926], [143.033251, 42.490994], [143.033408, 42.491066], [143.033574, 42.491117], [143.033748, 42.491164], [143.034039, 42.491237], [143.034202, 42.491278], [143.034355, 42.491329], [143.034542, 42.491427], [143.034669, 42.491469], [143.034937, 42.491532], [143.035022, 42.491592], [143.035103, 42.491668], [143.035179, 42.4918], [143.035545, 42.492451], [143.035664, 42.492748], [143.035736, 42.4929], [143.035856, 42.493085], [143.03603, 42.493305], [143.036114, 42.493441], [143.036217, 42.493678], [143.036291, 42.494044], [143.036303, 42.494284], [143.036308, 42.494541], [143.036243, 42.494734], [143.036127, 42.495004], [143.035946, 42.495312], [143.035864, 42.495544], [143.035808, 42.495775], [143.035791, 42.496029], [143.0358, 42.49677], [143.035765, 42.496968], [143.035679, 42.497212], [143.035602, 42.497366], [143.035486, 42.497486]]}, "properties": {"name": "歴舟中の川", "system": "歴舟川水系", "river_code": "0100510004"}}, {"type": "Feature", "geometry": {"type": "LineString", "coordinates": [[143.014161, 42.472747], [143.014224, 42.472758], [143.014311, 42.472781], [143.014411, 42.472819], [143.0146, 42.472892], [143.014674, 42.472911], [143.014937, 42.472975], [143.015026, 42.473011], [143.015092, 42.473051], [143.015162, 42.473093], [143.015206, 42.47314], [143.015244, 42.47319], [143.015344, 42.473376], [143.015427, 42.473526], [143.015476, 42.4736], [143.015507, 42.473676], [143.01555, 42.473799], [143.01559, 42.473981], [143.015639, 42.474112], [143.015675, 42.474212], [143.015724, 42.474299], [143.015777, 42.47437], [143.015855, 42.47444], [143.015923, 42.474494], [143.016053, 42.474583], [143.016381, 42.474792], [143.016513, 42.474873], [143.016614, 42.474949], [143.016709, 42.475057], [143.017111, 42.475545], [143.017378, 42.475927], [143.017399, 42.475974], [143.017414, 42.476059], [143.017418, 42.476209], [143.017424, 42.47626], [143.01744, 42.476297], [143.017491, 42.47636], [143.017563, 42.476417], [143.017658, 42.476474], [143.017734, 42.476513], [143.01783, 42.476546], [143.017923, 42.476561], [143.018139, 42.476572], [143.018245, 42.476574], [143.018349, 42.476553], [143.018464, 42.476517], [143.01864, 42.476457], [143.018763, 42.476419], [143.018873, 42.476387], [143.018983, 42.476379], [143.019133, 42.476379], [143.019324, 42.476388], [143.019557, 42.4764], [143.019792, 42.476419], [143.019889, 42.476432], [143.020042, 42.476462], [143.020179, 42.476504], [143.020423, 42.476608], [143.020643, 42.476716], [143.020729, 42.476744], [143.02089, 42.476788], [143.021058, 42.476843], [143.021244, 42.476909], [143.021437, 42.476987], [143.02156, 42.477044], [143.021634, 42.477107], [143.021689, 42.477166], [143.021734, 42.477246], [143.021785, 42.477356], [143.021829, 42.477445], [143.021931, 42.477597], [143.021964, 42.477643], [143.022039, 42.477749], [143.022194, 42.47795], [143.022313, 42.478103], [143.022359, 42.478185], [143.022383, 42.478264], [143.022389, 42.47838], [143.022395, 42.478653], [143.022372, 42.478763], [143.022332, 42.47883], [143.022264, 42.478896], [143.022175, 42.478953], [143.022067, 42.479019], [143.021991, 42.479065], [143.021927, 42.479118], [143.02187, 42.479199], [143.021842, 42.479282], [143.021825, 42.479395], [143.021832, 42.479485], [143.021849, 42.479564], [143.021884, 42.479625], [143.021931, 42.479665], [143.021982, 42.479684], [143.022241, 42.479739], [143.022329, 42.479771], [143.022421, 42.479824], [143.022493, 42.479885], [143.022544, 42.479948], [143.022641, 42.480056], [143.022743, 42.480145], [143.022796, 42.480204], [143.022838, 42.480262], [143.022878, 42.480355], [143.022925, 42.48046], [143.023023, 42.480669], [143.023089, 42.480779], [143.02315, 42.480858], [143.023248, 42.480951], [143.023572, 42.481197], [143.023768, 42.481348], [143.023914, 42.481458], [143.024083, 42.481564], [143.024168, 42.481613], [143.024268, 42.481657], [143.024357, 42.481697], [143.024504, 42.481738], [143.024612, 42.481757], [143.024741, 42.481779], [143.024938, 42.481791], [143.025468, 42.481793], [143.025553, 42.481804], [143.025644, 42.481819], [143.025701, 42.481848], [143.025761, 42.481893], [143.025803, 42.481946], [143.025833, 42.48199], [143.025852, 42.482062], [143.025875, 42.482149], [143.025918, 42.482345], [143.025933, 42.48241], [143.02596, 42.48247], [143.025994, 42.48251], [143.026045, 42.482554], [143.026359, 42.482765], [143.026427, 42.48283], [143.026491, 42.482898], [143.026626, 42.48308], [143.026673, 42.483133], [143.027273, 42.483651], [143.027338, 42.483729], [143.027383, 42.483805], [143.027423, 42.483899], [143.027446, 42.483997], [143.027504, 42.484251], [143.027528, 42.484319], [143.027589, 42.484383], [143.02764, 42.484434], [143.027731, 42.484484], [143.0278, 42.484528]]}, "properties": {"name": "歴舟中の川", "system": "歴舟川水系", "river_code": "0100510004"}}, {"type": "Feature", "geometry": {"type": "LineString", "coordinates": [[143.005322, 42.473016], [143.005394, 42.473004], [143.005515, 42.472991], [143.005629, 42.472983], [143.00589, 42.472987], [143.006156, 42.473006], [143.006298, 42.473027], [143.006427, 42.473061], [143.006571, 42.473116], [143.006988, 42.473298], [143.007134, 42.47336], [143.007281, 42.473415], [143.007425, 42.473457], [143.007521, 42.473462], [143.007839, 42.473449], [143.008154, 42.473415], [143.008891, 42.473282], [143.008999, 42.473275], [143.009184, 42.47329], [143.009531, 42.473334], [143.00984, 42.473388], [143.010003, 42.473416], [143.010206, 42.47343], [143.010545, 42.473424], [143.010743, 42.473428], [143.010844, 42.473415], [143.010952, 42.473385], [143.011056, 42.473339], [143.011145, 42.473284], [143.011219, 42.473208], [143.011309, 42.473082], [143.011379, 42.472955], [143.011417, 42.472807], [143.011434, 42.472641], [143.011432, 42.472423], [143.011445, 42.472307], [143.011487, 42.472197], [143.011555, 42.472114], [143.011639, 42.472065], [143.011756, 42.472036], [143.011885, 42.472036], [143.012012, 42.472055], [143.012141, 42.472091], [143.012243, 42.472135], [143.012317, 42.472186], [143.012448, 42.47229], [143.012588, 42.472381], [143.012645, 42.472419], [143.012747, 42.472453], [143.012868, 42.47248], [143.012954, 42.472493], [143.013124, 42.47252], [143.013198, 42.472542], [143.013259, 42.472575], [143.013397, 42.472652], [143.013495, 42.47269], [143.013573, 42.472713], [143.013659, 42.472726], [143.01407, 42.472737], [143.014161, 42.472747]]}, "properties": {"name": "歴舟中の川", "system": "歴舟川水系", "river_code": "0100510004"}}, {"type": "Feature", "geometry": {"type": "LineString", "coordinates": [[142.938181, 42.465392], [142.938456, 42.465526], [142.939321, 42.465872], [142.939717, 42.466121], [142.939833, 42.466228], [142.939946, 42.466374], [142.940146, 42.466635], [142.940256, 42.466729], [142.940514, 42.466867], [142.940683, 42.46694], [142.940861, 42.46701], [142.941661, 42.467229], [142.942435, 42.467484], [142.942724, 42.467608], [142.942837, 42.467685], [142.943033, 42.467895], [142.943151, 42.468156], [142.943202, 42.468334], [142.94332, 42.468502], [142.943438, 42.468615], [142.943586, 42.468717], [142.943671, 42.468852], [142.943663, 42.469042], [142.943574, 42.469367], [142.943362, 42.469688], [142.943311, 42.469819], [142.943341, 42.469937], [142.943464, 42.469975], [142.943764, 42.469922], [142.944224, 42.469796], [142.944444, 42.469741], [142.944681, 42.469728], [142.944897, 42.469703], [142.945024, 42.469619], [142.945206, 42.469467], [142.945374, 42.469382], [142.945563, 42.469363], [142.945586, 42.469361], [142.945768, 42.469361], [142.94589, 42.469336], [142.945945, 42.469285], [142.946004, 42.469179], [142.946036, 42.46905], [142.946049, 42.468839], [142.946053, 42.468505], [142.946083, 42.468247], [142.946184, 42.468062], [142.946379, 42.467889], [142.94673, 42.467749], [142.947053, 42.467566], [142.947205, 42.467397], [142.947446, 42.467147], [142.947754, 42.466987], [142.94816, 42.466898], [142.948646, 42.46686], [142.949052, 42.466907], [142.949247, 42.466991], [142.949407, 42.467101], [142.949551, 42.467245], [142.949636, 42.46743], [142.949665, 42.467604], [142.949661, 42.467865], [142.949657, 42.468284], [142.949707, 42.46852], [142.949793, 42.468586], [142.949962, 42.468611], [142.950148, 42.468586], [142.950313, 42.468603], [142.95055, 42.468628], [142.951063, 42.468755], [142.951634, 42.468848], [142.952221, 42.468852], [142.95253, 42.468831], [142.952746, 42.468802], [142.9531, 42.468777], [142.953615, 42.468742], [142.953873, 42.468755], [142.954046, 42.46878], [142.9543, 42.468856], [142.954722, 42.46897], [142.955088, 42.46916], [142.956007, 42.469631], [142.956451, 42.4698], [142.956882, 42.46991], [142.95752, 42.470053], [142.957964, 42.470222], [142.958241, 42.470397], [142.958579, 42.470689], [142.958727, 42.470909], [142.958896, 42.47117], [142.958998, 42.471398], [142.959206, 42.471764], [142.959442, 42.471959], [142.959789, 42.472136], [142.960279, 42.472296], [142.960504, 42.472454], [142.960724, 42.472796], [142.960948, 42.47302], [142.961173, 42.4731], [142.961435, 42.47313], [142.961701, 42.473122], [142.962016, 42.473097], [142.962185, 42.473084], [142.962515, 42.473109], [142.962988, 42.473151], [142.963674, 42.473334], [142.963924, 42.473389], [142.964203, 42.473351], [142.964474, 42.473241], [142.964837, 42.472945], [142.965181, 42.472628], [142.965473, 42.472544], [142.965824, 42.472493], [142.965959, 42.472396], [142.96609, 42.472248], [142.966133, 42.472096], [142.966142, 42.471752], [142.966091, 42.471604], [142.965981, 42.47141], [142.965905, 42.471177], [142.965893, 42.470966], [142.965969, 42.470818], [142.966121, 42.47082], [142.966299, 42.470845], [142.966544, 42.470849], [142.966684, 42.470748], [142.966773, 42.47057], [142.966819, 42.47033], [142.966836, 42.469975], [142.966866, 42.46973], [142.96698, 42.469536], [142.967099, 42.46942], [142.967273, 42.469276], [142.967497, 42.469099], [142.967759, 42.468993], [142.968038, 42.468959], [142.968545, 42.469002], [142.968964, 42.469115], [142.969002, 42.469126], [142.969387, 42.46923], [142.970319, 42.469479], [142.970556, 42.469627], [142.970713, 42.469788], [142.970852, 42.470049], [142.970861, 42.470375], [142.970848, 42.470821], [142.970916, 42.471015], [142.971047, 42.471146], [142.971478, 42.471467], [142.971968, 42.471746], [142.972494, 42.472107], [142.972908, 42.472415], [142.973403, 42.472804], [142.974226, 42.473212], [142.974428, 42.473393], [142.974631, 42.473731], [142.974838, 42.473904], [142.975257, 42.473997], [142.976003, 42.474093], [142.976536, 42.47408], [142.977052, 42.474007], [142.977073, 42.474004], [142.977356, 42.473941], [142.977643, 42.473894], [142.97785, 42.473894], [142.978268, 42.473949], [142.978416, 42.474013], [142.978551, 42.474118], [142.978683, 42.474249], [142.978716, 42.474431], [142.97878, 42.474579], [142.978898, 42.474773], [142.978974, 42.474942], [142.979008, 42.475107], [142.979033, 42.475373], [142.979088, 42.475832], [142.979131, 42.476141], [142.979181, 42.476255], [142.979233, 42.476338], [142.979307, 42.476426], [142.979381, 42.476553], [142.979424, 42.476737], [142.979477, 42.476813], [142.979585, 42.476913], [142.979712, 42.477034], [142.979771, 42.477137], [142.979853, 42.477304], [142.979936, 42.477416], [142.980049, 42.477505], [142.98024, 42.477584], [142.980492, 42.477671], [142.980755, 42.47775], [142.98097, 42.477788], [142.981149, 42.477795], [142.981346, 42.4778], [142.981521, 42.477798], [142.982278, 42.477781], [142.98277, 42.477748], [142.983086, 42.477714], [142.983423, 42.477669], [142.983673, 42.47763], [142.984121, 42.47749], [142.984231, 42.477439], [142.984384, 42.477303], [142.98452, 42.477191], [142.984616, 42.477143], [142.984832, 42.477087], [142.985176, 42.476955], [142.985425, 42.476841], [142.985664, 42.476733], [142.985916, 42.476591], [142.98605, 42.476477], [142.986189, 42.476348], [142.98638, 42.476118], [142.986761, 42.475672], [142.98706, 42.475369], [142.987168, 42.475216], [142.987341, 42.474887], [142.987453, 42.474603], [142.987499, 42.474399], [142.987499, 42.47427], [142.987506, 42.474033], [142.98753, 42.473942], [142.987601, 42.473775], [142.987812, 42.473365], [142.987865, 42.473253], [142.987896, 42.47315], [142.987944, 42.473011], [142.988011, 42.472851], [142.988071, 42.472763], [142.988217, 42.472644], [142.988356, 42.472563], [142.988748, 42.472396], [142.989054, 42.472317], [142.989226, 42.472279], [142.989334, 42.472234], [142.989437, 42.472212], [142.989532, 42.472195], [142.98964, 42.472193], [142.989755, 42.47219], [142.990084, 42.472219], [142.990189, 42.472248], [142.990306, 42.4723], [142.990419, 42.472357], [142.990538, 42.472417], [142.990639, 42.472475], [142.990851, 42.47257], [142.990947, 42.472587], [142.991172, 42.47262], [142.991448, 42.472633], [142.991651, 42.472616], [142.991788, 42.472587], [142.991881, 42.472551], [142.991962, 42.472504], [142.992077, 42.472406], [142.992144, 42.472353], [142.992242, 42.472305], [142.992328, 42.472274], [142.992493, 42.472235], [142.992607, 42.472221], [142.992753, 42.472228], [142.992829, 42.472257], [142.992885, 42.472279], [142.99299, 42.472353], [142.993114, 42.47245], [142.993227, 42.472541], [142.993361, 42.472594], [142.993535, 42.472649], [142.993748, 42.472732], [142.99392, 42.472807], [142.994066, 42.472835], [142.994304, 42.47284], [142.994481, 42.472835], [142.994607, 42.472838], [142.994748, 42.472866], [142.994937, 42.47294], [142.99513, 42.473037], [142.995311, 42.473078], [142.995469, 42.47309], [142.995625, 42.473104], [142.995787, 42.473159], [142.995952, 42.473202], [142.996036, 42.473202], [142.996216, 42.473154], [142.996256, 42.473145], [142.996577, 42.473097], [142.996891, 42.473065], [142.996995, 42.473044], [142.997075, 42.473014], [142.997134, 42.472974], [142.997192, 42.472921], [142.997264, 42.472796], [142.997333, 42.47269], [142.997394, 42.472622], [142.997464, 42.472569], [142.997542, 42.472539], [142.997614, 42.472527], [142.99771, 42.472522], [142.997826, 42.472527], [142.997928, 42.472552], [142.998021, 42.472586], [142.998238, 42.47269], [142.998406, 42.472791], [142.998505, 42.472844], [142.998592, 42.472874], [142.998651, 42.472887], [142.998721, 42.472889], [142.998776, 42.472878], [142.998825, 42.472853], [142.998876, 42.472808], [142.998925, 42.472749], [142.999101, 42.47252], [142.999167, 42.472455], [142.999229, 42.472398], [142.999296, 42.472353], [142.999379, 42.472326], [142.999474, 42.472309], [142.999595, 42.4723], [142.999736, 42.4723], [142.999838, 42.472317], [143.000049, 42.472372], [143.000204, 42.472404], [143.000399, 42.472427], [143.000492, 42.472444], [143.000566, 42.472474], [143.000632, 42.472516], [143.000676, 42.472562], [143.000708, 42.472618], [143.000751, 42.472696], [143.000795, 42.472808], [143.000846, 42.472993], [143.00088, 42.473061], [143.00092, 42.47312], [143.00098, 42.473171], [143.001056, 42.473217], [143.001169, 42.473252], [143.001354, 42.473299], [143.001466, 42.473328], [143.001555, 42.473356], [143.001697, 42.473407], [143.001934, 42.473485], [143.00204, 42.473512], [143.002159, 42.473532], [143.002353, 42.47354], [143.002495, 42.47354], [143.002692, 42.473538], [143.002832, 42.47353], [143.003029, 42.473496], [143.003198, 42.473466], [143.003403, 42.473445], [143.003466, 42.47343], [143.003581, 42.473396], [143.003767, 42.473339], [143.003937, 42.473294], [143.004753, 42.473123], [143.004991, 42.473072], [143.005265, 42.473025], [143.005322, 42.473016]]}, "properties": {"name": "歴舟中の川", "system": "歴舟川水系", "river_code": "0100510004"}}, {"type": "Feature", "geometry": {"type": "LineString", "coordinates": [[142.930164, 42.461127], [142.930256, 42.461262], [142.930347, 42.461363], [142.930537, 42.461476], [142.930613, 42.461555], [142.930658, 42.461645], [142.930734, 42.461729], [142.930939, 42.461898], [142.931113, 42.462157], [142.931197, 42.462252], [142.93125, 42.462393], [142.931463, 42.462697], [142.931865, 42.46304], [142.932025, 42.463204], [142.93207, 42.463265], [142.932093, 42.463322], [142.932116, 42.463479], [142.932177, 42.463625], [142.932207, 42.463811], [142.932253, 42.463924], [142.932328, 42.464053], [142.932404, 42.46425], [142.93245, 42.464312], [142.932624, 42.46443], [142.932655, 42.464441], [142.932693, 42.464469], [142.932898, 42.464571], [142.933073, 42.464627], [142.93327, 42.464644], [142.933346, 42.464655], [142.933543, 42.464666], [142.933847, 42.464723], [142.934029, 42.46474], [142.934159, 42.464762], [142.934273, 42.464796], [142.934333, 42.464824], [142.934538, 42.46488], [142.934736, 42.464903], [142.934963, 42.464959], [142.935381, 42.465122], [142.935488, 42.465156], [142.935814, 42.465201], [142.936239, 42.465184], [142.936308, 42.465195], [142.93668, 42.465347], [142.936801, 42.465404], [142.936908, 42.465426], [142.937075, 42.465426], [142.93728, 42.465364], [142.937424, 42.465364], [142.937568, 42.465432], [142.937627, 42.465438], [142.93772, 42.465449], [142.937821, 42.465425]]}, "properties": {"name": "歴舟中の川", "system": "歴舟川水系", "river_code": "0100510004"}}, {"type": "Feature", "geometry": {"type": "LineString", "coordinates": [[142.937821, 42.465425], [142.937998, 42.465383], [142.938109, 42.465378], [142.938181, 42.465392]]}, "properties": {"name": "歴舟中の川", "system": "歴舟川水系", "river_code": "0100510004"}}, {"type": "Feature", "geometry": {"type": "LineString", "coordinates": [[143.183654, 42.529315], [143.18409, 42.529282]]}, "properties": {"name": "歴舟中の川", "system": "歴舟川水系", "river_code": "0100510004"}}, {"type": "Feature", "geometry": {"type": "LineString", "coordinates": [[143.18409, 42.529282], [143.185268, 42.528327], [143.185705, 42.527749], [143.185928, 42.52735], [143.186068, 42.526896], [143.186213, 42.52575]]}, "properties": {"name": "歴舟川", "system": "歴舟川水系", "river_code": "0100510001"}}, {"type": "Feature", "geometry": {"type": "LineString", "coordinates": [[143.125725, 42.558351], [143.125991, 42.558299], [143.126161, 42.558303], [143.126334, 42.558337], [143.126841, 42.558603], [143.127329, 42.558747], [143.127404, 42.55876], [143.127506, 42.558751], [143.127556, 42.558724], [143.128183, 42.558468], [143.128377, 42.558431], [143.128656, 42.558424], [143.128783, 42.558438], [143.129424, 42.558533], [143.129586, 42.558542], [143.131158, 42.55849], [143.133202, 42.558112], [143.133948, 42.557775], [143.134578, 42.55717], [143.13533, 42.556133], [143.13561, 42.555748], [143.136361, 42.554844], [143.136575, 42.554699], [143.136746, 42.554644], [143.137527, 42.55442], [143.13767, 42.554359], [143.137883, 42.554199], [143.138061, 42.554052], [143.138242, 42.553966], [143.138441, 42.553918], [143.138571, 42.55391], [143.139488, 42.553974], [143.139756, 42.553949], [143.140967, 42.553727], [143.141352, 42.553658], [143.141724, 42.553519], [143.142802, 42.553031], [143.143888, 42.552538], [143.144731, 42.552205], [143.145217, 42.552013], [143.145809, 42.551864], [143.146036, 42.551832], [143.148189, 42.551696], [143.148556, 42.551616], [143.148725, 42.551513], [143.149548, 42.550787], [143.150023, 42.550091], [143.15016, 42.549785], [143.150192, 42.54961], [143.150186, 42.54902], [143.150147, 42.548126], [143.150166, 42.547983], [143.150251, 42.547841], [143.1504, 42.547685], [143.150556, 42.547592], [143.15125, 42.547372], [143.151956, 42.547157], [143.151996, 42.547145], [143.15221, 42.547126], [143.15243, 42.547126], [143.152638, 42.547172], [143.152871, 42.547269], [143.153529, 42.547658], [143.153866, 42.547716], [143.154216, 42.54771], [143.154495, 42.547651], [143.156029, 42.547034], [143.156898, 42.546626], [143.1573, 42.546315], [143.158489, 42.54543], [143.158976, 42.545158], [143.159547, 42.544983], [143.160053, 42.544879], [143.161766, 42.544693], [143.161905, 42.544678], [143.163767, 42.544561], [143.164386, 42.544339], [143.166513, 42.543601], [143.167218, 42.54332], [143.167451, 42.543152], [143.167626, 42.542918], [143.167769, 42.542504], [143.167814, 42.542218], [143.167815, 42.541826], [143.167724, 42.540517], [143.167731, 42.539755], [143.167808, 42.539314], [143.167884, 42.53917], [143.168107, 42.538744], [143.168581, 42.537787], [143.169119, 42.537233], [143.169572, 42.536838], [143.170626, 42.536271], [143.172404, 42.535407], [143.174337, 42.534408], [143.176101, 42.533498], [143.177788, 42.532628], [143.178976, 42.532084], [143.179255, 42.532009], [143.179552, 42.531985], [143.180301, 42.532018], [143.181613, 42.532085], [143.182127, 42.532005], [143.182652, 42.531801], [143.183358, 42.531359], [143.18355, 42.531131], [143.183655, 42.53089], [143.18409, 42.529282]]}, "properties": {"name": "歴舟川", "system": "歴舟川水系", "river_code": "0100510001"}}, {"type": "Feature", "geometry": {"type": "LineString", "coordinates": [[143.099347, 42.558602], [143.099495, 42.558515], [143.099785, 42.558455], [143.100596, 42.55857], [143.101019, 42.558804], [143.101341, 42.55898], [143.10176, 42.559002], [143.101925, 42.558924], [143.102256, 42.558672], [143.102722, 42.558635], [143.10335, 42.558592], [143.103523, 42.55858], [143.104762, 42.558741], [143.105543, 42.558658], [143.106856, 42.558398], [143.106915, 42.558386], [143.10777, 42.558005], [143.108489, 42.557761], [143.109156, 42.557365], [143.109603, 42.557166], [143.109919, 42.557025], [143.110464, 42.556867], [143.110818, 42.556872], [143.110928, 42.556982], [143.110937, 42.557147], [143.110864, 42.557296], [143.110643, 42.557677], [143.11033, 42.558851], [143.110417, 42.559099], [143.11073, 42.559219], [143.112041, 42.559427], [143.113013, 42.559505], [143.114021, 42.559413], [143.114605, 42.559298], [143.115848, 42.558682], [143.116378, 42.558465], [143.116598, 42.558474], [143.116927, 42.558596], [143.117044, 42.55864], [143.117947, 42.55875], [143.118726, 42.558856], [143.119549, 42.559127], [143.120166, 42.559482], [143.120543, 42.559804], [143.120805, 42.559864], [143.121198, 42.559882], [143.122113, 42.559864], [143.122386, 42.559819], [143.122734, 42.559707], [143.124356, 42.559115], [143.124899, 42.558837], [143.125629, 42.558396], [143.125725, 42.558351]]}, "properties": {"name": "歴舟川", "system": "歴舟川水系", "river_code": "0100510001"}}, {"type": "Feature", "geometry": {"type": "LineString", "coordinates": [[143.09074, 42.555388], [143.090879, 42.55544], [143.091151, 42.555698], [143.091404, 42.556364], [143.091796, 42.556705], [143.091874, 42.556954], [143.091938, 42.557377], [143.092044, 42.557616], [143.092504, 42.558077], [143.092881, 42.558174], [143.09319, 42.558155], [143.093429, 42.557986], [143.093875, 42.558009], [143.094226, 42.558105], [143.094428, 42.558036], [143.094709, 42.557802], [143.094971, 42.55771], [143.095375, 42.557742], [143.096287, 42.557912], [143.096559, 42.558009], [143.096785, 42.558133], [143.097139, 42.55811], [143.097442, 42.558105], [143.097612, 42.558211], [143.097981, 42.558455], [143.098303, 42.558588], [143.098524, 42.558777], [143.098841, 42.558795], [143.099024, 42.558742], [143.099187, 42.558694], [143.099347, 42.558602]]}, "properties": {"name": "歴舟川", "system": "歴舟川水系", "river_code": "0100510001"}}, {"type": "Feature", "geometry": {"type": "LineString", "coordinates": [[143.076414, 42.54796], [143.076966, 42.548199], [143.077339, 42.548204], [143.077748, 42.548204], [143.078163, 42.548291], [143.078793, 42.548517], [143.0793, 42.548835], [143.079507, 42.549138], [143.079733, 42.54942], [143.080661, 42.549934], [143.080791, 42.550064], [143.081048, 42.550436], [143.08138, 42.550695], [143.081628, 42.550984], [143.082006, 42.551316], [143.082084, 42.551472], [143.082066, 42.551624], [143.081426, 42.552379], [143.081385, 42.552539], [143.081454, 42.552724], [143.081836, 42.552982], [143.082834, 42.553396], [143.083027, 42.553433], [143.083653, 42.553553], [143.084371, 42.553943], [143.085016, 42.554248], [143.085679, 42.554289], [143.086677, 42.554244], [143.087262, 42.554299], [143.087584, 42.554441], [143.088223, 42.554891], [143.08861, 42.555017], [143.089756, 42.555132], [143.090309, 42.555228], [143.09074, 42.555388]]}, "properties": {"name": "歴舟川", "system": "歴舟川水系", "river_code": "0100510001"}}, {"type": "Feature", "geometry": {"type": "LineString", "coordinates": [[143.009316, 42.558509], [143.009504, 42.558466], [143.009771, 42.558227], [143.010093, 42.557936], [143.010121, 42.55784], [143.010089, 42.557744], [143.010338, 42.557379], [143.010774, 42.557168], [143.011378, 42.556882], [143.011469, 42.556767], [143.01152, 42.55656], [143.011723, 42.5564], [143.012349, 42.556256], [143.013153, 42.556141], [143.013684, 42.556007], [143.014327, 42.555732], [143.014894, 42.555557], [143.01529, 42.555474], [143.015694, 42.555492], [143.016095, 42.555653], [143.016956, 42.55603], [143.017624, 42.556169], [143.018074, 42.556123], [143.018649, 42.55599], [143.019151, 42.555875], [143.019353, 42.555742], [143.019432, 42.555602], [143.019386, 42.555428], [143.019202, 42.555045], [143.019211, 42.554912], [143.019331, 42.554756], [143.019432, 42.554512], [143.019543, 42.55443], [143.019791, 42.554361], [143.020187, 42.554402], [143.020895, 42.554503], [143.021255, 42.554494], [143.021816, 42.554682], [143.02247, 42.554991], [143.022967, 42.55529], [143.02322, 42.555561], [143.023395, 42.555667], [143.023952, 42.555787], [143.024324, 42.55603], [143.02467, 42.556174], [143.024895, 42.556229], [143.025493, 42.556225], [143.025729, 42.556321], [143.026161, 42.556556], [143.027238, 42.556794], [143.027661, 42.556887], [143.029198, 42.557283], [143.029613, 42.557454], [143.030023, 42.557683], [143.03041, 42.558148], [143.030437, 42.558392], [143.030345, 42.558521], [143.030096, 42.558779], [143.030055, 42.559009], [143.030119, 42.559354], [143.030345, 42.559612], [143.030809, 42.559824], [143.031528, 42.560077], [143.031753, 42.560054], [143.031969, 42.559898], [143.032116, 42.55965], [143.032195, 42.559414], [143.032494, 42.55917], [143.033, 42.558859], [143.033286, 42.558812], [143.033631, 42.558899], [143.033999, 42.559207], [143.034345, 42.559309], [143.034649, 42.55936], [143.034965, 42.559414], [143.035187, 42.559405], [143.036051, 42.559083], [143.036407, 42.558959], [143.036697, 42.558766], [143.037153, 42.558306], [143.037323, 42.558255], [143.037451, 42.558287], [143.037626, 42.558425], [143.037851, 42.558462], [143.039103, 42.55848], [143.039671, 42.558338], [143.040218, 42.558315], [143.041182, 42.558135], [143.041995, 42.558112], [143.042257, 42.558039], [143.042413, 42.557819], [143.042529, 42.557615], [143.043071, 42.557316], [143.043996, 42.556902], [143.04443, 42.556642], [143.044525, 42.556585], [143.044724, 42.55646], [143.045004, 42.55606], [143.045175, 42.555747], [143.046049, 42.55525], [143.046487, 42.554946], [143.047186, 42.554155], [143.047352, 42.5541], [143.047669, 42.554182], [143.048305, 42.554384], [143.04939, 42.554366], [143.049728, 42.554306], [143.050082, 42.554132], [143.050662, 42.553809], [143.051595, 42.553565], [143.052327, 42.553344], [143.052764, 42.553349], [143.053359, 42.553367], [143.053663, 42.553234], [143.053667, 42.55323], [143.053901, 42.553059], [143.05404, 42.552865], [143.054169, 42.55258], [143.05433, 42.552461], [143.054629, 42.552364], [143.054932, 42.552328], [143.055085, 42.552258], [143.055218, 42.552079], [143.05548, 42.551978], [143.055664, 42.5519], [143.055776, 42.551802], [143.05584, 42.551619], [143.055964, 42.551449], [143.056134, 42.551334], [143.056617, 42.551233], [143.057239, 42.55119], [143.057763, 42.551268], [143.058059, 42.55124], [143.058279, 42.551158], [143.058413, 42.551057], [143.058528, 42.550915], [143.058721, 42.550611], [143.058988, 42.550275], [143.059177, 42.55022], [143.05937, 42.550234], [143.059807, 42.550339], [143.06053, 42.55022], [143.061265, 42.550008], [143.061865, 42.549815], [143.062578, 42.549438], [143.062693, 42.54942], [143.063016, 42.549368], [143.063241, 42.549419], [143.063696, 42.549777], [143.064037, 42.550137], [143.064235, 42.550265], [143.064428, 42.550238], [143.064654, 42.550146], [143.065156, 42.550036], [143.065588, 42.549889], [143.065763, 42.549737], [143.065948, 42.549479], [143.066173, 42.549336], [143.066324, 42.549143], [143.066394, 42.549004], [143.066445, 42.548843], [143.066569, 42.548724], [143.066739, 42.548651], [143.06701, 42.548536], [143.067396, 42.54843], [143.067918, 42.548351], [143.068373, 42.548117], [143.068608, 42.548039], [143.069353, 42.547901], [143.069961, 42.54778], [143.070803, 42.547753], [143.071898, 42.547955], [143.072176, 42.548002], [143.072695, 42.548089], [143.073325, 42.548346], [143.073814, 42.548527], [143.074186, 42.548572], [143.074476, 42.548559], [143.075635, 42.548122], [143.076248, 42.547974], [143.076414, 42.54796]]}, "properties": {"name": "歴舟川", "system": "歴舟川水系", "river_code": "0100510001"}}, {"type": "Feature", "geometry": {"type": "LineString", "coordinates": [[142.98345, 42.56494], [142.983914, 42.564838], [142.984671, 42.564594], [142.984894, 42.564489], [142.98507, 42.564349], [142.985131, 42.564226], [142.985167, 42.564125], [142.985226, 42.563971], [142.98528, 42.563875], [142.985459, 42.56367], [142.985638, 42.563519], [142.98571, 42.563501], [142.985788, 42.563509], [142.985892, 42.563547], [142.986006, 42.563635], [142.986082, 42.56376], [142.98616, 42.563892], [142.986274, 42.564051], [142.986352, 42.564089], [142.986416, 42.5641], [142.98655, 42.564087], [142.986741, 42.564019], [142.986999, 42.563889], [142.987384, 42.563751], [142.987741, 42.563675], [142.987979, 42.563645], [142.988405, 42.563529], [142.988605, 42.563427], [142.988705, 42.563348], [142.988783, 42.56326], [142.989102, 42.562879], [142.989269, 42.562736], [142.989336, 42.562682], [142.989407, 42.562647], [142.989566, 42.562609], [142.989747, 42.562549], [142.989883, 42.562453], [142.989981, 42.562359], [142.99008, 42.562207], [142.990123, 42.562173], [142.99019, 42.562127], [142.990277, 42.562107], [142.990409, 42.562091], [142.990584, 42.562064], [142.990661, 42.562043], [142.990769, 42.561968], [142.990882, 42.561864], [142.991289, 42.561497], [142.991484, 42.561339], [142.991653, 42.561296], [142.991778, 42.561299], [142.991932, 42.561317], [142.992058, 42.561335], [142.992631, 42.561417], [142.993088, 42.561497], [142.99325, 42.56155], [142.993965, 42.561884], [142.994382, 42.562063], [142.994556, 42.562118], [142.994803, 42.562162], [142.995045, 42.562154], [142.995255, 42.562111], [142.995403, 42.562086], [142.995506, 42.562084], [142.995623, 42.562084], [142.995697, 42.562104], [142.995989, 42.562189], [142.996209, 42.562262], [142.996589, 42.562547], [142.996828, 42.562639], [142.997021, 42.562644], [142.997256, 42.562575], [142.998039, 42.562087], [142.998578, 42.561797], [142.999198, 42.561609], [142.999756, 42.561337], [143.000275, 42.560992], [143.000663, 42.560885], [143.000957, 42.560923], [143.001403, 42.561157], [143.002071, 42.561272], [143.002277, 42.561235], [143.002438, 42.561157], [143.002664, 42.560817], [143.002885, 42.560725], [143.003138, 42.560601], [143.003654, 42.560071], [143.004118, 42.559708], [143.004662, 42.559556], [143.005035, 42.559482], [143.005458, 42.559311], [143.005808, 42.55917], [143.006625, 42.558799], [143.006987, 42.558635], [143.007088, 42.558589], [143.007428, 42.558497], [143.007925, 42.558474], [143.008293, 42.558553], [143.008583, 42.558667], [143.008809, 42.558668], [143.00903, 42.558599], [143.009209, 42.558534], [143.009316, 42.558509]]}, "properties": {"name": "歴舟川", "system": "歴舟川水系", "river_code": "0100510001"}}, {"type": "Feature", "geometry": {"type": "LineString", "coordinates": [[142.934702, 42.543191], [142.934856, 42.543235], [142.934926, 42.543278], [142.935078, 42.543385], [142.935229, 42.543504], [142.935396, 42.54361], [142.935571, 42.543645], [142.935749, 42.543661], [142.93588, 42.543678], [142.936148, 42.54372], [142.936307, 42.54377], [142.936379, 42.543816], [142.936489, 42.543903], [142.936592, 42.54403], [142.936627, 42.54412], [142.936658, 42.54424], [142.936677, 42.54446], [142.936646, 42.544712], [142.936627, 42.544968], [142.936708, 42.54538], [142.936749, 42.545448], [142.936828, 42.545537], [142.936938, 42.545601], [142.937172, 42.545686], [142.937487, 42.545774], [142.938023, 42.545859], [142.938368, 42.545922], [142.938557, 42.545979], [142.938702, 42.546044], [142.938827, 42.54616], [142.938951, 42.546279], [142.939015, 42.546395], [142.939187, 42.546728], [142.939259, 42.54696], [142.939294, 42.547124], [142.939305, 42.547206], [142.939331, 42.547541], [142.939381, 42.547738], [142.939524, 42.548114], [142.939615, 42.548224], [142.939736, 42.548291], [142.940138, 42.548527], [142.940394, 42.548693], [142.940514, 42.54874], [142.940598, 42.548757], [142.941046, 42.548757], [142.941305, 42.548757], [142.941434, 42.548768], [142.941462, 42.548777], [142.941723, 42.548864], [142.942241, 42.54898], [142.942613, 42.549101], [142.942772, 42.549182], [142.943008, 42.549355], [142.943123, 42.549535], [142.943164, 42.549652], [142.943354, 42.55013], [142.943637, 42.550858], [142.943815, 42.551842], [142.943867, 42.552292], [142.943934, 42.552433], [142.944145, 42.552648], [142.944636, 42.553182], [142.944833, 42.553439], [142.945024, 42.553783], [142.945083, 42.55391], [142.945128, 42.554044], [142.945176, 42.554317], [142.945171, 42.554871], [142.945139, 42.555212], [142.945062, 42.555426], [142.944933, 42.555773], [142.944931, 42.555903], [142.944968, 42.5561], [142.945116, 42.556393], [142.945225, 42.556479], [142.945328, 42.556562], [142.945531, 42.556663], [142.946093, 42.55687], [142.946423, 42.557005], [142.946473, 42.557074], [142.946535, 42.557196], [142.946602, 42.557365], [142.946839, 42.557933], [142.946856, 42.55811], [142.946844, 42.558194], [142.946766, 42.558311], [142.945969, 42.559134], [142.944974, 42.559913], [142.944869, 42.560083], [142.944846, 42.560263], [142.944823, 42.560804], [142.944877, 42.56099], [142.94502, 42.561164], [142.945531, 42.561679], [142.945957, 42.562058], [142.946149, 42.562271], [142.94623, 42.56241], [142.946298, 42.562684], [142.946359, 42.56299], [142.946419, 42.563184], [142.9465, 42.56333], [142.946623, 42.56343], [142.946716, 42.56346], [142.946829, 42.563455], [142.947043, 42.563436], [142.947192, 42.563424], [142.947943, 42.56335], [142.94825, 42.563323], [142.948506, 42.563334], [142.948646, 42.563389], [142.949064, 42.563609], [142.949403, 42.563688], [142.949661, 42.563772], [142.949885, 42.563871], [142.950416, 42.564168], [142.950732, 42.564296], [142.951234, 42.564518], [142.951618, 42.56472], [142.952161, 42.565051], [142.952459, 42.565156], [142.952573, 42.565162], [142.952721, 42.56514], [142.952837, 42.565096], [142.952994, 42.565037], [142.953417, 42.564771], [142.954082, 42.564338], [142.954554, 42.564032], [142.954716, 42.563874], [142.954951, 42.563543], [142.955321, 42.563051], [142.955396, 42.562976], [142.955498, 42.562935], [142.955596, 42.562915], [142.955717, 42.562923], [142.955954, 42.562968], [142.956177, 42.563055], [142.95628, 42.563088], [142.956558, 42.563177], [142.956952, 42.563228], [142.957157, 42.563226], [142.957375, 42.563185], [142.957789, 42.563092], [142.958061, 42.563027], [142.958223, 42.563024], [142.958417, 42.563041], [142.958682, 42.563043], [142.958924, 42.56303], [142.959288, 42.563012], [142.959552, 42.563028], [142.959986, 42.563114], [142.960573, 42.563277], [142.961148, 42.563447], [142.961433, 42.563578], [142.961581, 42.563655], [142.96179, 42.563738], [142.961924, 42.56376], [142.962114, 42.563765], [142.962252, 42.563765], [142.962435, 42.563758], [142.962944, 42.563709], [142.963124, 42.563729], [142.963195, 42.563786], [142.963246, 42.563904], [142.963269, 42.564074], [142.963288, 42.56436], [142.963268, 42.564457], [142.963193, 42.564558], [142.963145, 42.564652], [142.963122, 42.564727], [142.963161, 42.564886], [142.963214, 42.564939], [142.963431, 42.565064], [142.964057, 42.565326], [142.964626, 42.565604], [142.964717, 42.56563], [142.964827, 42.565638], [142.964973, 42.565628], [142.965135, 42.565581], [142.965364, 42.565501], [142.965599, 42.565419], [142.965816, 42.565384], [142.965946, 42.56536], [142.966102, 42.565305], [142.966246, 42.565224], [142.966632, 42.564971], [142.96675, 42.564914], [142.966863, 42.56489], [142.967016, 42.564867], [142.967253, 42.564863], [142.967787, 42.564823], [142.968248, 42.564768], [142.968418, 42.564729], [142.968991, 42.564619], [142.969425, 42.564589], [142.969629, 42.564593], [142.969877, 42.564631], [142.970097, 42.56472], [142.970339, 42.564845], [142.970438, 42.564936], [142.970516, 42.565057], [142.970611, 42.565248], [142.970665, 42.56531], [142.970739, 42.565345], [142.970862, 42.565377], [142.971132, 42.565431], [142.971318, 42.565475], [142.971414, 42.565538], [142.971499, 42.565621], [142.971576, 42.565701], [142.971883, 42.566017], [142.97207, 42.566124], [142.972292, 42.566215], [142.972755, 42.56637], [142.973242, 42.56652], [142.973413, 42.566603], [142.973669, 42.566688], [142.973806, 42.56671], [142.973951, 42.56669], [142.974131, 42.566613], [142.974199, 42.566547], [142.974294, 42.566436], [142.974543, 42.566182], [142.974672, 42.566099], [142.974779, 42.566044], [142.974896, 42.566004], [142.974908, 42.566001], [142.975054, 42.565966], [142.975229, 42.565974], [142.975431, 42.565998], [142.975727, 42.566057], [142.976305, 42.566244], [142.976782, 42.566333], [142.977103, 42.566375], [142.977602, 42.566373], [142.977832, 42.566337], [142.978117, 42.566319], [142.978395, 42.566317], [142.978627, 42.566295], [142.978772, 42.566218], [142.978891, 42.566105], [142.978938, 42.56598], [142.979011, 42.565777], [142.979061, 42.565718], [142.979142, 42.565652], [142.979405, 42.565442], [142.979597, 42.56533], [142.979762, 42.565275], [142.979818, 42.565273], [142.97998, 42.565297], [142.980147, 42.565346], [142.98026, 42.565412], [142.980351, 42.565434], [142.980448, 42.565452], [142.980603, 42.565441], [142.980888, 42.565402], [142.981127, 42.565348], [142.981664, 42.565225], [142.982257, 42.565164], [142.982891, 42.565064], [142.98345, 42.56494]]}, "properties": {"name": "歴舟川", "system": "歴舟川水系", "river_code": "0100510001"}}, {"type": "Feature", "geometry": {"type": "LineString", "coordinates": [[142.922257, 42.543516], [142.922305, 42.543491], [142.922378, 42.543473], [142.922569, 42.543469], [142.92282, 42.543471], [142.923021, 42.54346], [142.923549, 42.543412], [142.924528, 42.54338], [142.924892, 42.543352], [142.925116, 42.543295], [142.925321, 42.543224], [142.92559, 42.543096], [142.925898, 42.542911], [142.926197, 42.542729], [142.926353, 42.542652], [142.926461, 42.542614], [142.926536, 42.542615], [142.926602, 42.542634], [142.926679, 42.542667], [142.927148, 42.542889], [142.92736, 42.54303], [142.927476, 42.543174], [142.927609, 42.543272], [142.927673, 42.543298], [142.927775, 42.543314], [142.928068, 42.543302], [142.928249, 42.543292], [142.928343, 42.543292], [142.928464, 42.543313], [142.92858, 42.543368], [142.928819, 42.543453], [142.929073, 42.543521], [142.929392, 42.54367], [142.929688, 42.54374], [142.93007, 42.543755], [142.930216, 42.543755], [142.930751, 42.543761], [142.931176, 42.54372], [142.93143, 42.543659], [142.93178, 42.543532], [142.932278, 42.543258], [142.932457, 42.543158], [142.932499, 42.543134], [142.932574, 42.54309], [142.932646, 42.543066], [142.932726, 42.543052], [142.932827, 42.543059], [142.933099, 42.543145], [142.933257, 42.543195], [142.933456, 42.543215], [142.933657, 42.543193], [142.93376, 42.543166], [142.934026, 42.543144], [142.934328, 42.543155], [142.934666, 42.54318], [142.934702, 42.543191]]}, "properties": {"name": "歴舟川", "system": "歴舟川水系", "river_code": "0100510001"}}, {"type": "Feature", "geometry": {"type": "LineString", "coordinates": [[142.893602, 42.548844], [142.893616, 42.548845], [142.893868, 42.548908], [142.893966, 42.548945], [142.894004, 42.548971], [142.894107, 42.549058], [142.894158, 42.549132], [142.894449, 42.549532], [142.894853, 42.549982], [142.895096, 42.550313], [142.895274, 42.55044], [142.895515, 42.550565], [142.895653, 42.550608], [142.895819, 42.550617], [142.895922, 42.55061], [142.896116, 42.550587], [142.896275, 42.550575], [142.89638, 42.550579], [142.896544, 42.550615], [142.896787, 42.550709], [142.897272, 42.550972], [142.897588, 42.551188], [142.898256, 42.551635], [142.898917, 42.552083], [142.899678, 42.552562], [142.899862, 42.552697], [142.899934, 42.552776], [142.90002, 42.552927], [142.900139, 42.55324], [142.900204, 42.553343], [142.90032, 42.553445], [142.900434, 42.553539], [142.900713, 42.553801], [142.900959, 42.554099], [142.901185, 42.554385], [142.901394, 42.554667], [142.901466, 42.554765], [142.901572, 42.554971], [142.901711, 42.555311], [142.901844, 42.55553], [142.901971, 42.555664], [142.902138, 42.555797], [142.902281, 42.555889], [142.902439, 42.555943], [142.902606, 42.555964], [142.90291, 42.555957], [142.9031, 42.55592], [142.903202, 42.555861], [142.90327, 42.555783], [142.903302, 42.555666], [142.903297, 42.555514], [142.90327, 42.555391], [142.903212, 42.555196], [142.903077, 42.554888], [142.902868, 42.554447], [142.902846, 42.554357], [142.902852, 42.554286], [142.90288, 42.554239], [142.902928, 42.55418], [142.903141, 42.554016], [142.903356, 42.553871], [142.903613, 42.553723], [142.90388, 42.553606], [142.904288, 42.553395], [142.904403, 42.553325], [142.904472, 42.553259], [142.904514, 42.553206], [142.9046, 42.553067], [142.904632, 42.552969], [142.904626, 42.552905], [142.904598, 42.552794], [142.904511, 42.552599], [142.904473, 42.552471], [142.904474, 42.55237], [142.904503, 42.552289], [142.904575, 42.552195], [142.904651, 42.552151], [142.904899, 42.551979], [142.90497, 42.551915], [142.905024, 42.551823], [142.905065, 42.551705], [142.905304, 42.551079], [142.905379, 42.550793], [142.905389, 42.550591], [142.905375, 42.550503], [142.905347, 42.55041], [142.905333, 42.550325], [142.905326, 42.550208], [142.905316, 42.550092], [142.905316, 42.550088], [142.905273, 42.550007], [142.905185, 42.549919], [142.905071, 42.549855], [142.904629, 42.549683], [142.904513, 42.549616], [142.9045, 42.549582], [142.904496, 42.549517], [142.90451, 42.549357], [142.904554, 42.549215], [142.904627, 42.549123], [142.904723, 42.549021], [142.904951, 42.548898], [142.905251, 42.548804], [142.905368, 42.54873], [142.905464, 42.548645], [142.905686, 42.548437], [142.905894, 42.548315], [142.906224, 42.548101], [142.906469, 42.547957], [142.906589, 42.547836], [142.906714, 42.547645], [142.906764, 42.547477], [142.906786, 42.547315], [142.906771, 42.547195], [142.906754, 42.547099], [142.906779, 42.546853], [142.906821, 42.546782], [142.906905, 42.546702], [142.90698, 42.546617], [142.907019, 42.546517], [142.90704, 42.546384], [142.90706, 42.546204], [142.907104, 42.546102], [142.907163, 42.546054], [142.907293, 42.546002], [142.907592, 42.545933], [142.9077, 42.545888], [142.907767, 42.545825], [142.907799, 42.545759], [142.907821, 42.545704], [142.907892, 42.545598], [142.908021, 42.545524], [142.908417, 42.545384], [142.908543, 42.545367], [142.908619, 42.545368], [142.908676, 42.545371], [142.908804, 42.545399], [142.908969, 42.545503], [142.909124, 42.545632], [142.909226, 42.545705], [142.909285, 42.545733], [142.909378, 42.545744], [142.909574, 42.545727], [142.909785, 42.54568], [142.910037, 42.545581], [142.910158, 42.545542], [142.910267, 42.545514], [142.910448, 42.545484], [142.910578, 42.54546], [142.910789, 42.545391], [142.910963, 42.54531], [142.911067, 42.545221], [142.911075, 42.545214], [142.911167, 42.545095], [142.911246, 42.544981], [142.911536, 42.544622], [142.911855, 42.54426], [142.912086, 42.544014], [142.912324, 42.543824], [142.912646, 42.543652], [142.912861, 42.543611], [142.913034, 42.543607], [142.913137, 42.543623], [142.913296, 42.54367], [142.913471, 42.543784], [142.913575, 42.543887], [142.913686, 42.543965], [142.913834, 42.544014], [142.913971, 42.544052], [142.914331, 42.544103], [142.91454, 42.544141], [142.914701, 42.544202], [142.91485, 42.544311], [142.915005, 42.544451], [142.915083, 42.544574], [142.915107, 42.544683], [142.915103, 42.544897], [142.915105, 42.545204], [142.915133, 42.545317], [142.915203, 42.545491], [142.915265, 42.545658], [142.915296, 42.545771], [142.915314, 42.545934], [142.915311, 42.546515], [142.915314, 42.546684], [142.91534, 42.5468], [142.915389, 42.546913], [142.915549, 42.547077], [142.915673, 42.547139], [142.916021, 42.547291], [142.916199, 42.547351], [142.916259, 42.547364], [142.916325, 42.547367], [142.916385, 42.547345], [142.916512, 42.547278], [142.916793, 42.547034], [142.916994, 42.54689], [142.917115, 42.546827], [142.917217, 42.546809], [142.917728, 42.546736], [142.917766, 42.54673], [142.917928, 42.546688], [142.918104, 42.54661], [142.918467, 42.546517], [142.918675, 42.546495], [142.919289, 42.546424], [142.919634, 42.546359], [142.919756, 42.546319], [142.919838, 42.546244], [142.919944, 42.546111], [142.92017, 42.545847], [142.920566, 42.545452], [142.920815, 42.545299], [142.92101, 42.545106], [142.921121, 42.544928], [142.921242, 42.544682], [142.921315, 42.544532], [142.92145, 42.54431], [142.921709, 42.544004], [142.92199, 42.543741], [142.922222, 42.543533], [142.922257, 42.543516]]}, "properties": {"name": "歴舟川", "system": "歴舟川水系", "river_code": "0100510001"}}, {"type": "Feature", "geometry": {"type": "LineString", "coordinates": [[142.871789, 42.559975], [142.871943, 42.55997], [142.872133, 42.559936], [142.872384, 42.559863], [142.872711, 42.55979], [142.872985, 42.559694], [142.873122, 42.559627], [142.873243, 42.559537], [142.873456, 42.559278], [142.873494, 42.559205], [142.873502, 42.559137], [142.873555, 42.558833], [142.873677, 42.558501], [142.87373, 42.558439], [142.873806, 42.558394], [142.873943, 42.558361], [142.874065, 42.558361], [142.874179, 42.558383], [142.874453, 42.558507], [142.874551, 42.558535], [142.874901, 42.558647], [142.875, 42.558653], [142.875168, 42.55862], [142.875281, 42.558563], [142.875563, 42.558383], [142.875677, 42.558243], [142.875806, 42.557843], [142.875852, 42.557753], [142.875966, 42.557624], [142.876194, 42.557455], [142.876339, 42.557393], [142.876985, 42.557219], [142.877471, 42.557078], [142.877646, 42.557078], [142.877791, 42.557117], [142.878126, 42.557281], [142.878301, 42.557354], [142.878483, 42.557399], [142.878856, 42.557427], [142.879639, 42.557522], [142.879867, 42.557562], [142.880034, 42.557579], [142.880331, 42.55763], [142.880665, 42.55767], [142.880749, 42.55768], [142.881084, 42.557703], [142.881129, 42.557703], [142.88148, 42.557693], [142.881655, 42.557654], [142.881848, 42.557589], [142.882038, 42.557526], [142.882164, 42.557504], [142.882408, 42.557478], [142.882493, 42.557457], [142.882574, 42.557415], [142.882659, 42.557343], [142.882743, 42.557208], [142.882816, 42.557066], [142.882913, 42.556987], [142.883189, 42.556821], [142.883681, 42.556484], [142.88375, 42.556442], [142.883834, 42.556402], [142.883909, 42.556376], [142.884016, 42.556347], [142.884543, 42.556269], [142.884979, 42.556228], [142.885456, 42.556209], [142.885684, 42.556199], [142.885816, 42.556197], [142.885919, 42.556192], [142.886105, 42.556161], [142.886196, 42.55613], [142.886306, 42.556068], [142.886393, 42.55601], [142.886672, 42.555838], [142.886984, 42.555641], [142.887285, 42.555412], [142.887511, 42.555186], [142.887631, 42.555001], [142.887744, 42.554751], [142.887789, 42.554618], [142.887868, 42.554237], [142.887957, 42.553739], [142.887994, 42.553512], [142.888049, 42.553366], [142.888087, 42.553283], [142.888211, 42.553031], [142.888346, 42.552763], [142.888514, 42.552472], [142.888567, 42.552402], [142.888582, 42.552382], [142.888703, 42.55228], [142.888963, 42.552172], [142.889256, 42.552092], [142.889425, 42.552011], [142.889521, 42.551919], [142.889571, 42.551825], [142.889624, 42.551689], [142.889678, 42.551554], [142.889772, 42.551394], [142.88991, 42.551157], [142.889969, 42.551018], [142.890054, 42.55072], [142.890079, 42.550596], [142.890123, 42.550437], [142.890236, 42.55025], [142.890304, 42.550181], [142.890383, 42.550142], [142.890473, 42.550118], [142.890585, 42.550116], [142.890774, 42.55013], [142.891047, 42.55018], [142.891131, 42.550184], [142.891226, 42.550176], [142.891295, 42.550157], [142.891441, 42.55009], [142.891642, 42.549935], [142.891852, 42.549737], [142.892277, 42.549396], [142.892459, 42.54929], [142.892877, 42.549078], [142.893123, 42.548949], [142.893424, 42.548849], [142.893536, 42.54884], [142.893602, 42.548844]]}, "properties": {"name": "歴舟川", "system": "歴舟川水系", "river_code": "0100510001"}}, {"type": "Feature", "geometry": {"type": "LineString", "coordinates": [[142.853944, 42.570017], [142.854026, 42.569966], [142.854092, 42.569913], [142.854195, 42.569788], [142.854223, 42.569662], [142.854239, 42.569561], [142.854299, 42.569421], [142.854406, 42.569314], [142.854543, 42.569252], [142.854863, 42.569174], [142.854946, 42.569134], [142.85506, 42.569044], [142.855189, 42.568903], [142.855319, 42.568813], [142.855455, 42.568757], [142.855608, 42.568734], [142.856049, 42.568723], [142.856231, 42.568723], [142.856376, 42.568757], [142.856566, 42.56883], [142.856649, 42.568847], [142.856817, 42.568841], [142.856984, 42.568796], [142.857266, 42.568684], [142.857494, 42.568633], [142.857635, 42.568578], [142.857881, 42.568431], [142.857996, 42.568397], [142.858254, 42.568397], [142.85836, 42.568414], [142.858718, 42.568425], [142.858931, 42.568464], [142.85906, 42.568509], [142.859197, 42.568532], [142.859547, 42.568532], [142.859653, 42.568521], [142.859919, 42.568487], [142.860011, 42.568442], [142.860125, 42.568341], [142.860178, 42.568251], [142.860246, 42.568059], [142.860292, 42.568009], [142.860444, 42.567902], [142.860809, 42.567727], [142.861136, 42.567525], [142.861258, 42.567485], [142.861342, 42.567491], [142.861364, 42.567502], [142.861463, 42.567603], [142.861504, 42.56764], [142.861646, 42.567716], [142.861699, 42.567733], [142.861859, 42.567722], [142.861973, 42.567677], [142.862201, 42.567547], [142.862429, 42.567356], [142.862566, 42.567283], [142.862665, 42.567266], [142.862863, 42.567271], [142.863179, 42.567346], [142.86322, 42.567356], [142.863372, 42.567333], [142.863577, 42.567271], [142.864087, 42.567165], [142.864254, 42.567148], [142.864368, 42.567114], [142.864452, 42.567064], [142.86452, 42.566996], [142.864614, 42.56681], [142.864749, 42.566703], [142.864919, 42.566596], [142.865029, 42.566445], [142.865033, 42.56634], [142.865015, 42.566225], [142.864939, 42.566028], [142.864939, 42.565882], [142.864984, 42.565814], [142.865098, 42.565775], [142.865288, 42.565764], [142.865433, 42.56578], [142.865646, 42.565854], [142.865714, 42.565876], [142.865813, 42.565899], [142.865965, 42.565893], [142.866049, 42.565859], [142.866196, 42.565733], [142.866254, 42.56564], [142.866315, 42.565482], [142.866384, 42.565246], [142.866406, 42.565083], [142.866428, 42.565038], [142.866477, 42.564977], [142.866604, 42.564903], [142.866741, 42.564863], [142.866969, 42.564807], [142.867063, 42.56477], [142.867167, 42.564652], [142.867213, 42.564503], [142.86722, 42.564272], [142.867251, 42.564194], [142.867304, 42.564149], [142.867503, 42.564089], [142.867585, 42.564036], [142.867669, 42.563969], [142.867966, 42.563862], [142.868031, 42.563827], [142.868156, 42.563704], [142.868338, 42.563406], [142.86846, 42.563305], [142.86868, 42.563153], [142.86874, 42.563106], [142.868758, 42.563031], [142.868756, 42.5629], [142.86879, 42.562858], [142.868849, 42.562811], [142.869049, 42.562707], [142.869121, 42.562641], [142.869168, 42.562585], [142.869203, 42.56249], [142.86941, 42.562326], [142.869468, 42.562249], [142.869471, 42.562044], [142.869554, 42.561971], [142.869646, 42.561937], [142.869996, 42.561826], [142.870034, 42.561814], [142.870184, 42.561747], [142.870635, 42.561476], [142.870798, 42.561343], [142.870848, 42.561262], [142.870872, 42.561183], [142.870817, 42.560778], [142.87084, 42.560671], [142.870946, 42.560525], [142.871061, 42.560429], [142.871194, 42.560374], [142.87122, 42.560357], [142.871789, 42.559975]]}, "properties": {"name": "歴舟川", "system": "歴舟川水系", "river_code": "0100510001"}}, {"type": "Feature", "geometry": {"type": "LineString", "coordinates": [[143.286504, 42.493122], [143.287157, 42.492701], [143.287437, 42.492383], [143.287494, 42.492107], [143.28739, 42.491784], [143.287085, 42.491355], [143.286722, 42.49094]]}, "properties": {"name": "東川", "system": "歴舟川水系", "river_code": "0100510003"}}, {"type": "Feature", "geometry": {"type": "LineString", "coordinates": [[143.272113, 42.499897], [143.274032, 42.499478], [143.275708, 42.498794], [143.276943, 42.498331], [143.277472, 42.497978], [143.278089, 42.497097], [143.278641, 42.496281], [143.279434, 42.495399], [143.280339, 42.49509], [143.282786, 42.494649], [143.284043, 42.49423], [143.286504, 42.493122]]}, "properties": {"name": "東川", "system": "歴舟川水系", "river_code": "0100510003"}}, {"type": "Feature", "geometry": {"type": "LineString", "coordinates": [[143.286722, 42.49094], [143.287434, 42.490772], [143.28844, 42.490575], [143.288574, 42.49055], [143.290651, 42.490162], [143.292105, 42.489947], [143.294551, 42.489515], [143.295278, 42.489154], [143.296122, 42.48841], [143.297021, 42.487629], [143.297433, 42.487467], [143.298008, 42.487503], [143.298524, 42.487582], [143.299066, 42.487664], [143.299623, 42.487699], [143.30008, 42.487592], [143.300407, 42.487458], [143.301062, 42.486848], [143.301584, 42.486183], [143.302391, 42.485331], [143.30338, 42.484313], [143.30425, 42.483174], [143.304627, 42.482412], [143.304935, 42.481888], [143.305483, 42.481485], [143.306039, 42.481054], [143.30694, 42.480795], [143.307379, 42.480668], [143.308735, 42.48034], [143.310537, 42.480199], [143.312032, 42.479888], [143.313909, 42.479258], [143.315213, 42.478655], [143.31699, 42.477929], [143.317307, 42.477853], [143.319218, 42.477394], [143.32168, 42.476305]]}, "properties": {"name": "歴舟川", "system": "歴舟川水系", "river_code": "0100510001"}}, {"type": "Feature", "geometry": {"type": "LineString", "coordinates": [[143.411365, 42.447721], [143.412485, 42.448232]]}, "properties": {"name": "歴舟川", "system": "歴舟川水系", "river_code": "0100510001"}}, {"type": "Feature", "geometry": {"type": "LineString", "coordinates": [[143.391149, 42.451036], [143.392318, 42.450899], [143.395211, 42.449626], [143.396999, 42.448939], [143.398323, 42.448177], [143.399368, 42.447656], [143.400971, 42.447246], [143.401079, 42.44724], [143.402313, 42.447171], [143.403776, 42.44732], [143.404895, 42.447468], [143.405901, 42.447692], [143.40661, 42.447878], [143.407057, 42.447878], [143.408735, 42.447506], [143.4096, 42.447206], [143.410121, 42.447169], [143.410532, 42.447243], [143.411054, 42.447579], [143.411365, 42.447721]]}, "properties": {"name": "歴舟川", "system": "歴舟川水系", "river_code": "0100510001"}}, {"type": "Feature", "geometry": {"type": "LineString", "coordinates": [[143.32168, 42.476305], [143.323556, 42.475156], [143.324848, 42.474552], [143.326341, 42.47433], [143.327249, 42.474491], [143.327975, 42.474995], [143.328399, 42.475197], [143.329267, 42.475136], [143.330437, 42.474552], [143.33122, 42.473914], [143.33208, 42.473213], [143.332795, 42.472487], [143.333578, 42.471123], [143.334332, 42.470872], [143.335976, 42.471081], [143.337126, 42.471442], [143.339223, 42.471416], [143.339653, 42.471236], [143.34006, 42.471108], [143.343044, 42.470048], [143.343416, 42.469772], [143.344625, 42.468874], [143.346037, 42.467705], [143.347086, 42.467181], [143.348418, 42.467141], [143.349831, 42.46702], [143.351268, 42.466753], [143.352913, 42.466297], [143.35411, 42.465255], [143.354608, 42.465016], [143.355569, 42.464554], [143.356962, 42.464211], [143.359793, 42.463684], [143.360438, 42.463564], [143.362396, 42.463221], [143.363949, 42.462415], [143.364385, 42.461998], [143.364614, 42.460333], [143.364842, 42.4595], [143.365199, 42.458995], [143.367123, 42.456999], [143.367576, 42.456667], [143.368573, 42.456042], [143.36925, 42.455663], [143.369545, 42.455646], [143.369996, 42.45535], [143.371181, 42.454958], [143.375138, 42.454182], [143.375791, 42.454237], [143.376713, 42.453907], [143.378936, 42.452357], [143.380764, 42.45172], [143.382335, 42.451172], [143.382626, 42.45107], [143.384583, 42.450574], [143.385606, 42.450516], [143.386687, 42.450603], [143.387256, 42.450692], [143.389559, 42.450864], [143.391149, 42.451036]]}, "properties": {"name": "歴舟川", "system": "歴舟川水系", "river_code": "0100510001"}}, {"type": "Feature", "geometry": {"type": "LineString", "coordinates": [[143.232775, 42.509312], [143.233268, 42.508843], [143.233674, 42.508653], [143.234002, 42.508549], [143.234425, 42.508454], [143.236663, 42.508506], [143.237619, 42.50861], [143.238008, 42.508696], [143.239995, 42.509369], [143.242686, 42.510236], [143.243088, 42.51031], [143.243152, 42.510322], [143.243541, 42.510374], [143.246189, 42.510241], [143.247001, 42.510418], [143.247548, 42.510455], [143.247991, 42.51043], [143.248286, 42.510357], [143.248501, 42.510203], [143.248803, 42.50977], [143.248939, 42.509454], [143.249196, 42.508416], [143.249196, 42.507974], [143.249131, 42.507624], [143.248833, 42.506848], [143.248158, 42.505302], [143.247446, 42.504151], [143.24716, 42.503586], [143.24694, 42.503151], [143.246481, 42.502575], [143.246518, 42.501183], [143.246706, 42.500519], [143.247047, 42.500014], [143.248304, 42.499252], [143.24982, 42.498687], [143.251305, 42.498499], [143.252391, 42.498507], [143.25438, 42.498692], [143.254522, 42.498705], [143.256272, 42.499225], [143.258132, 42.50015], [143.258984, 42.500545], [143.259892, 42.500959], [143.260861, 42.501497], [143.261462, 42.502008], [143.261893, 42.502214], [143.262548, 42.502268], [143.263155, 42.502135], [143.264001, 42.501634], [143.264277, 42.501471], [143.265903, 42.500563], [143.26663, 42.499944], [143.267295, 42.499008], [143.267806, 42.498309], [143.268292, 42.497796], [143.269306, 42.497088], [143.269827, 42.496747], [143.271112, 42.49562], [143.27162, 42.49523], [143.271695, 42.495172], [143.273044, 42.494634], [143.274418, 42.494204], [143.275799, 42.493657], [143.277213, 42.493089], [143.279106, 42.492497], [143.281174, 42.492021], [143.281873, 42.4919], [143.282673, 42.491761], [143.283714, 42.491663], [143.284387, 42.491573], [143.286026, 42.491104], [143.286722, 42.49094]]}, "properties": {"name": "歴舟川", "system": "歴舟川水系", "river_code": "0100510001"}}, {"type": "Feature", "geometry": {"type": "LineString", "coordinates": [[143.221482, 42.518496], [143.222085, 42.51842], [143.223758, 42.518501], [143.225944, 42.518748], [143.227242, 42.518729], [143.228046, 42.518697], [143.228496, 42.518615], [143.228997, 42.518425], [143.229421, 42.518209], [143.229725, 42.518001], [143.230029, 42.517665], [143.230315, 42.51726], [143.230894, 42.516145], [143.231229, 42.515499], [143.231831, 42.513683], [143.232321, 42.51103], [143.232567, 42.509757], [143.232608, 42.509609], [143.232698, 42.509445], [143.232775, 42.509312]]}, "properties": {"name": "歴舟川", "system": "歴舟川水系", "river_code": "0100510001"}}, {"type": "Feature", "geometry": {"type": "LineString", "coordinates": [[143.2169, 42.521168], [143.217604, 42.520911], [143.218659, 42.520328], [143.219264, 42.51989], [143.219629, 42.519558], [143.220396, 42.518944], [143.220861, 42.518692], [143.221186, 42.518555], [143.221482, 42.518496]]}, "properties": {"name": "歴舟川", "system": "歴舟川水系", "river_code": "0100510001"}}, {"type": "Feature", "geometry": {"type": "LineString", "coordinates": [[143.20176, 42.527119], [143.203968, 42.528194], [143.207088, 42.529172], [143.207552, 42.529199], [143.208127, 42.529135], [143.209166, 42.528921], [143.209861, 42.528597], [143.210399, 42.528208], [143.210622, 42.52793], [143.210961, 42.527404], [143.211898, 42.525953], [143.212186, 42.525332], [143.212948, 42.523305], [143.213217, 42.522814], [143.213644, 42.522387], [143.214006, 42.522128], [143.214441, 42.521887], [143.215958, 42.521336], [143.2169, 42.521168]]}, "properties": {"name": "歴舟川", "system": "歴舟川水系", "river_code": "0100510001"}}, {"type": "Feature", "geometry": {"type": "LineString", "coordinates": [[143.186213, 42.52575], [143.186234, 42.525581], [143.186486, 42.525104], [143.186709, 42.524789], [143.187024, 42.524594], [143.187553, 42.524409], [143.18835, 42.524205], [143.190795, 42.523832], [143.191255, 42.523766], [143.19189, 42.523675], [143.192418, 42.523693], [143.192938, 42.52386], [143.194079, 42.524324], [143.196126, 42.525409], [143.1976, 42.525937], [143.201213, 42.526896], [143.201411, 42.526977], [143.20176, 42.527119]]}, "properties": {"name": "歴舟川", "system": "歴舟川水系", "river_code": "0100510001"}}, {"type": "Feature", "geometry": {"type": "LineString", "coordinates": [[143.318809, 42.54324], [143.319487, 42.543302], [143.320107, 42.543337], [143.320733, 42.543278], [143.32163, 42.543241], [143.322127, 42.543176], [143.322773, 42.543155], [143.323335, 42.543102], [143.324105, 42.543083], [143.324721, 42.543035], [143.325282, 42.542989], [143.325761, 42.54288], [143.326181, 42.542786], [143.327028, 42.542556], [143.327399, 42.542457], [143.328689, 42.542393], [143.329701, 42.54235], [143.330618, 42.542238], [143.331546, 42.541973], [143.332423, 42.541749], [143.33344, 42.541529], [143.334439, 42.541409], [143.335617, 42.540978], [143.336322, 42.540503], [143.337157, 42.540192], [143.337652, 42.54013], [143.33828, 42.539938], [143.338642, 42.539773], [143.339193, 42.53934], [143.339711, 42.539204], [143.340085, 42.539206], [143.340763, 42.539286], [143.341404, 42.539548], [143.341955, 42.539802], [143.342878, 42.540358], [143.343744, 42.540809]]}, "properties": {"name": "三の沢川", "system": "アイホシマ川水系", "river_code": "0105880004"}}, {"type": "Feature", "geometry": {"type": "LineString", "coordinates": [[143.349036, 42.530395], [143.349029, 42.530451], [143.349075, 42.530496], [143.349204, 42.530507], [143.349234, 42.53053], [143.349234, 42.530563], [143.349181, 42.530642], [143.349181, 42.530727], [143.349226, 42.530738], [143.349325, 42.530749], [143.349356, 42.530783], [143.349371, 42.53094], [143.34944, 42.531053], [143.3495, 42.531104], [143.349645, 42.53116], [143.349683, 42.531165], [143.349789, 42.531205], [143.349918, 42.531284], [143.350223, 42.531576], [143.350314, 42.531632], [143.350519, 42.531717], [143.350618, 42.531784], [143.350679, 42.531846]]}, "properties": {"name": "一の沢川", "system": "アイホシマ川水系", "river_code": "0105880002"}}, {"type": "Feature", "geometry": {"type": "LineString", "coordinates": [[143.345311, 42.519397], [143.343046, 42.519876], [143.341565, 42.520928], [143.341579, 42.521581], [143.341978, 42.522024], [143.342263, 42.522309], [143.342498, 42.522512], [143.342529, 42.522557], [143.342513, 42.522579], [143.342384, 42.522652], [143.342384, 42.522714], [143.342415, 42.522748], [143.342491, 42.522782], [143.342795, 42.522799], [143.34284, 42.522816], [143.343137, 42.523018], [143.34351, 42.523249], [143.343563, 42.523305], [143.343654, 42.523536], [143.3437, 42.523604], [143.343783, 42.523795], [143.343912, 42.523963], [143.343958, 42.524093], [143.344011, 42.524138], [143.344163, 42.524183], [143.344194, 42.524222], [143.344118, 42.524301], [143.34411, 42.524346], [143.344178, 42.524425], [143.344224, 42.524442], [143.344323, 42.524447], [143.344406, 42.524408], [143.344475, 42.524408], [143.344498, 42.524515], [143.344521, 42.524543], [143.344718, 42.524627], [143.344749, 42.524667], [143.344756, 42.524835], [143.344673, 42.525145], [143.344673, 42.525342], [143.344749, 42.525483], [143.34487, 42.525584], [143.345235, 42.525725], [143.34544, 42.525826], [143.345646, 42.525961], [143.346003, 42.526248], [143.346087, 42.526287], [143.346581, 42.526664], [143.346984, 42.527086], [143.347311, 42.527384], [143.347371, 42.527474], [143.347371, 42.527643], [143.34725, 42.527919], [143.34725, 42.528099], [143.347273, 42.528189], [143.347364, 42.528279], [143.347813, 42.528543], [143.348124, 42.528588], [143.348231, 42.528639], [143.348254, 42.528673], [143.348238, 42.528791], [143.348238, 42.528887], [143.348299, 42.528932], [143.348406, 42.528937], [143.348497, 42.528898], [143.34855, 42.528915], [143.348619, 42.528949], [143.348649, 42.529005], [143.348634, 42.529061], [143.348573, 42.529174], [143.348596, 42.529219], [143.348672, 42.529252], [143.348809, 42.529269], [143.348877, 42.52932], [143.348885, 42.52937], [143.348793, 42.529494], [143.348793, 42.52959], [143.348816, 42.529624], [143.348831, 42.529669], [143.348885, 42.529714], [143.349006, 42.529775], [143.349136, 42.529798], [143.349204, 42.52982], [143.349211, 42.529837], [143.349189, 42.529905], [143.349303, 42.529944], [143.349333, 42.529989], [143.349326, 42.53], [143.349257, 42.530085], [143.34925, 42.530203], [143.349173, 42.530321], [143.349036, 42.530395]]}, "properties": {"name": "一の沢川", "system": "アイホシマ川水系", "river_code": "0105880002"}}, {"type": "Feature", "geometry": {"type": "LineString", "coordinates": [[143.327892, 42.535194], [143.328534, 42.534606], [143.328984, 42.533568], [143.329177, 42.533333], [143.32953, 42.533108], [143.329915, 42.532969], [143.33044, 42.532937], [143.33166, 42.532969], [143.33303, 42.53314], [143.33421, 42.533334], [143.335184, 42.533537], [143.336008, 42.533601], [143.336715, 42.533494], [143.337635, 42.533205], [143.338454, 42.532786], [143.339396, 42.532144], [143.340348, 42.531791], [143.341825, 42.531342], [143.34297, 42.531021], [143.344729, 42.530505], [143.346024, 42.530291], [143.347373, 42.53027], [143.349036, 42.530395]]}, "properties": {"name": "二の沢川", "system": "アイホシマ川水系", "river_code": "0105880003"}}, {"type": "Feature", "geometry": {"type": "LineString", "coordinates": [[143.41264, 42.478746], [143.412988, 42.478689], [143.413479, 42.478614], [143.413994, 42.478529], [143.414663, 42.478429], [143.415754, 42.478262], [143.416902, 42.478074], [143.41761, 42.477936], [143.418139, 42.477872], [143.418676, 42.477758], [143.419003, 42.477708], [143.419853, 42.477587], [143.420788, 42.477438], [143.422057, 42.477221], [143.423494, 42.477004], [143.423511, 42.477], [143.423833, 42.476908], [143.423955, 42.476895], [143.424334, 42.476882], [143.424484, 42.476866], [143.424713, 42.476827], [143.42541, 42.476696], [143.42629, 42.476534], [143.42684, 42.476431], [143.427662, 42.476253], [143.427886, 42.476222], [143.42814, 42.476203], [143.428711, 42.476207], [143.428931, 42.476245], [143.429162, 42.476311], [143.42947, 42.476426], [143.430165, 42.476685], [143.431198, 42.47711], [143.431403, 42.477177], [143.43156, 42.477195], [143.432253, 42.477062], [143.433326, 42.476845], [143.433675, 42.476803]]}, "properties": {"name": "アイホシマ川", "system": "アイホシマ川水系", "river_code": "0105880001"}}, {"type": "Feature", "geometry": {"type": "LineString", "coordinates": [[143.40582, 42.480582], [143.406081, 42.480203], [143.406642, 42.479421], [143.40682, 42.479193], [143.406927, 42.47909], [143.407026, 42.479027], [143.407101, 42.479005], [143.407229, 42.478995], [143.407339, 42.479009], [143.407649, 42.479073], [143.408217, 42.479222], [143.409124, 42.479428], [143.409384, 42.479467], [143.409646, 42.479531], [143.409956, 42.479602], [143.410112, 42.479616], [143.410329, 42.479606], [143.410564, 42.479567], [143.410716, 42.479517], [143.41093, 42.479432], [143.411591, 42.479094], [143.411791, 42.478994], [143.41206, 42.478902], [143.41232, 42.478817], [143.41264, 42.478746]]}, "properties": {"name": "アイホシマ川", "system": "アイホシマ川水系", "river_code": "0105880001"}}, {"type": "Feature", "geometry": {"type": "LineString", "coordinates": [[143.384588, 42.498849], [143.38455, 42.498236], [143.384558, 42.497173], [143.38458, 42.496925], [143.384634, 42.496796], [143.385553, 42.495384], [143.385568, 42.495328], [143.385568, 42.495114], [143.385515, 42.494512], [143.385477, 42.494377], [143.385279, 42.494095], [143.385249, 42.494], [143.385234, 42.493477], [143.385256, 42.493207], [143.385287, 42.493088], [143.385477, 42.492796], [143.385808, 42.492013], [143.385902, 42.491855], [143.385961, 42.491785], [143.386211, 42.491601], [143.386513, 42.491446], [143.38676, 42.49135], [143.387033, 42.491283], [143.387712, 42.491156], [143.387937, 42.491114], [143.388174, 42.491056], [143.388333, 42.490989], [143.388613, 42.490788], [143.389008, 42.490495], [143.390405, 42.489364], [143.39083, 42.489055], [143.39159, 42.48842], [143.392038, 42.488093], [143.392165, 42.488026], [143.392309, 42.48794], [143.392578, 42.487794], [143.392677, 42.487738], [143.392791, 42.487697], [143.392926, 42.487642], [143.393109, 42.487574], [143.3933, 42.487513], [143.393461, 42.487473], [143.393712, 42.48742], [143.394104, 42.487351], [143.394341, 42.487292], [143.395003, 42.487106], [143.395305, 42.487014], [143.395536, 42.486918], [143.395803, 42.486793], [143.396105, 42.486644], [143.396513, 42.486446], [143.397171, 42.486104], [143.397746, 42.48582], [143.398767, 42.485308], [143.399457, 42.484967], [143.400424, 42.484491], [143.401313, 42.484046], [143.40187, 42.483774], [143.402493, 42.48347], [143.403353, 42.483022], [143.404114, 42.48262], [143.404278, 42.48252], [143.404416, 42.482432], [143.404516, 42.482354], [143.404591, 42.482283], [143.404896, 42.481881], [143.405323, 42.481245], [143.405633, 42.480853], [143.40582, 42.480582]]}, "properties": {"name": "アイホシマ川", "system": "アイホシマ川水系", "river_code": "0105880001"}}, {"type": "Feature", "geometry": {"type": "LineString", "coordinates": [[143.350679, 42.531846], [143.350823, 42.531964], [143.350922, 42.532015], [143.351021, 42.532037], [143.351082, 42.532088], [143.351105, 42.532144], [143.351196, 42.532218], [143.351295, 42.532223], [143.351492, 42.532178], [143.35172, 42.532178], [143.35191, 42.532274], [143.35204, 42.532285], [143.352169, 42.532285], [143.352625, 42.532184], [143.352755, 42.532167], [143.35296, 42.532167], [143.352998, 42.532189], [143.353036, 42.53224], [143.353043, 42.532336], [143.353104, 42.532381], [143.353188, 42.532398], [143.353302, 42.53237], [143.35337, 42.532381], [143.353393, 42.53242], [143.353408, 42.53251], [143.353507, 42.532589], [143.353621, 42.532589], [143.353705, 42.532516], [143.353766, 42.532499], [143.353895, 42.532544], [143.353994, 42.532516], [143.354017, 42.532471], [143.354032, 42.532358], [143.354055, 42.532319], [143.354131, 42.532268], [143.354192, 42.532274], [143.354313, 42.532364], [143.35442, 42.532364], [143.354571, 42.532319], [143.35464, 42.532325], [143.354693, 42.532409], [143.354777, 42.53246], [143.354891, 42.53246], [143.354906, 42.532454], [143.355096, 42.532499], [143.355157, 42.532544], [143.355203, 42.532657], [143.355233, 42.532696], [143.355385, 42.532696], [143.355568, 42.532668], [143.355644, 42.532696], [143.355773, 42.532775], [143.356009, 42.53282], [143.356199, 42.532904], [143.356293, 42.5329], [143.356313, 42.532899], [143.356351, 42.532882], [143.356442, 42.532786], [143.35646, 42.532744], [143.356526, 42.532583], [143.356936, 42.532032], [143.357073, 42.531886], [143.357347, 42.53166], [143.357606, 42.53148], [143.357765, 42.531396], [143.357887, 42.531357], [143.359172, 42.531087], [143.360297, 42.530862], [143.361088, 42.530715], [143.361612, 42.530637], [143.362523, 42.530538], [143.363118, 42.530474], [143.363262, 42.530434], [143.364502, 42.529692], [143.365026, 42.529388], [143.365055, 42.529372], [143.366022, 42.528848], [143.36771, 42.527948], [143.367824, 42.527852], [143.367931, 42.527734], [143.368159, 42.527385], [143.368425, 42.527053], [143.368562, 42.526873], [143.368585, 42.526834], [143.368706, 42.526687], [143.368767, 42.526597], [143.36879, 42.526496], [143.36882, 42.526209], [143.368858, 42.526102], [143.368881, 42.526069], [143.36901, 42.525979], [143.369064, 42.525956], [143.36917, 42.525934], [143.369216, 42.525917], [143.369231, 42.5259], [143.369223, 42.525844], [143.36914, 42.525737], [143.369193, 42.525703], [143.369292, 42.525709], [143.369512, 42.525815], [143.369596, 42.525827], [143.36971, 42.525804], [143.369763, 42.525776], [143.369824, 42.525725], [143.369877, 42.525703], [143.369961, 42.525703], [143.37009, 42.52577], [143.370197, 42.525799], [143.37028, 42.525793], [143.370508, 42.525714], [143.370675, 42.525697], [143.370843, 42.525652], [143.370926, 42.525602], [143.370965, 42.525562], [143.371018, 42.525416], [143.371018, 42.525146], [143.370957, 42.525028], [143.370934, 42.525005], [143.370904, 42.524876], [143.370927, 42.524786], [143.37101, 42.524628], [143.371079, 42.524515], [143.371063, 42.524409], [143.371033, 42.524347], [143.370965, 42.524285], [143.370904, 42.524189], [143.370866, 42.524099], [143.370866, 42.524004], [143.370934, 42.523919], [143.371071, 42.523796], [143.371071, 42.523762], [143.371026, 42.523705], [143.37093, 42.523669], [143.37082, 42.523627], [143.370744, 42.523531], [143.370706, 42.523469], [143.370721, 42.523357], [143.370767, 42.523222], [143.370866, 42.523064], [143.370889, 42.523002], [143.370911, 42.522772], [143.370965, 42.522687], [143.371071, 42.522625], [143.371178, 42.522594], [143.371368, 42.522594], [143.37152, 42.522639], [143.371611, 42.522639], [143.371641, 42.522628], [143.37168, 42.522589], [143.371672, 42.522516], [143.371619, 42.522442], [143.371512, 42.522341], [143.371558, 42.522274], [143.371619, 42.522223], [143.371892, 42.522127], [143.372227, 42.521987], [143.372394, 42.521987], [143.372485, 42.52202], [143.372576, 42.522065], [143.372706, 42.522065], [143.372805, 42.522032], [143.37282, 42.522022], [143.37301, 42.521897], [143.373078, 42.521869], [143.373268, 42.521858], [143.373481, 42.521813], [143.37358, 42.521846], [143.373656, 42.521891], [143.373778, 42.521886], [143.373892, 42.521835], [143.37393, 42.521756], [143.373945, 42.521565], [143.374006, 42.521509], [143.374158, 42.521509], [143.374234, 42.521548], [143.374264, 42.521588], [143.374287, 42.521711], [143.37434, 42.521711], [143.374447, 42.52165], [143.374561, 42.521554], [143.374606, 42.521469], [143.374606, 42.521126], [143.37466, 42.521076], [143.374766, 42.521076], [143.374895, 42.521121], [143.374956, 42.521121], [143.375002, 42.521092], [143.37501, 42.521036], [143.374987, 42.520957], [143.374873, 42.520817], [143.374819, 42.5208], [143.374645, 42.520805], [143.374431, 42.520879], [143.374181, 42.520879], [143.37415, 42.520896], [143.374188, 42.521014], [143.374181, 42.521132], [143.374127, 42.521177], [143.374006, 42.521188], [143.37393, 42.521143], [143.373884, 42.521059], [143.373884, 42.520924], [143.373899, 42.5208], [143.373823, 42.520704], [143.373725, 42.52062], [143.373694, 42.520558], [143.373694, 42.520457], [143.373725, 42.520378], [143.373846, 42.520198], [143.373838, 42.520069], [143.373816, 42.519967], [143.373823, 42.519872], [143.373892, 42.519793], [143.373983, 42.519619], [143.374013, 42.519534], [143.374029, 42.519354], [143.374158, 42.519028], [143.374417, 42.51837], [143.374941, 42.517397], [143.375071, 42.5172], [143.3752, 42.517059], [143.37545, 42.516868], [143.375605, 42.516769], [143.376431, 42.516238], [143.376675, 42.516063], [143.376728, 42.516002], [143.376728, 42.515838], [143.376682, 42.515805], [143.376386, 42.515709], [143.37631, 42.515653], [143.376196, 42.515495], [143.375869, 42.515304], [143.375808, 42.515231], [143.375808, 42.515096], [143.375915, 42.514921], [143.37596, 42.514736], [143.375998, 42.514685], [143.376074, 42.514651], [143.376135, 42.514662], [143.376287, 42.514764], [143.376356, 42.514781], [143.376454, 42.514781], [143.376553, 42.514713], [143.376598, 42.514634], [143.376629, 42.514376], [143.376705, 42.51432], [143.376804, 42.514314], [143.376888, 42.514331], [143.376971, 42.514331], [143.37704, 42.514292], [143.377055, 42.514235], [143.377032, 42.514185], [143.376941, 42.514066], [143.37691, 42.514021], [143.37691, 42.513898], [143.377001, 42.513796], [143.377116, 42.513734], [143.377199, 42.513633], [143.377215, 42.513504], [143.377245, 42.513453], [143.37729, 42.513436], [143.377298, 42.513425], [143.377397, 42.513447], [143.377541, 42.513515], [143.37764, 42.513515], [143.377693, 42.513481], [143.377747, 42.513414], [143.377747, 42.513301], [143.377724, 42.513262], [143.377572, 42.513093], [143.377534, 42.513014], [143.377541, 42.512896], [143.377602, 42.512812], [143.377648, 42.512783], [143.377716, 42.512767], [143.377929, 42.51275], [143.378013, 42.512722], [143.37821, 42.512615], [143.378286, 42.512502], [143.378309, 42.512418], [143.378302, 42.512249], [143.378256, 42.51212], [143.378264, 42.511951], [143.378309, 42.51185], [143.378385, 42.511782], [143.378545, 42.511715], [143.378796, 42.51163], [143.379093, 42.511495], [143.37913, 42.511473], [143.379634, 42.511028], [143.37964, 42.511023], [143.379708, 42.510938], [143.379716, 42.510775], [143.379686, 42.510685], [143.379678, 42.510539], [143.379655, 42.510477], [143.37961, 42.510438], [143.379549, 42.510421], [143.379488, 42.510421], [143.379412, 42.51046], [143.379321, 42.510556], [143.379206, 42.510758], [143.379146, 42.51082], [143.379047, 42.51086], [143.378994, 42.510865], [143.37894, 42.510837], [143.378918, 42.510798], [143.378933, 42.510488], [143.378857, 42.510382], [143.378675, 42.510235], [143.378652, 42.510185], [143.378667, 42.510128], [143.378682, 42.5101], [143.378728, 42.510072], [143.378819, 42.510055], [143.379146, 42.510055], [143.379351, 42.509994], [143.37948, 42.509909], [143.379673, 42.509626], [143.380035, 42.509093], [143.381837, 42.506455], [143.3824, 42.505651], [143.384556, 42.502579], [143.384583, 42.502545], [143.384611, 42.502478], [143.384626, 42.502371], [143.384611, 42.501853], [143.384588, 42.498849]]}, "properties": {"name": "アイホシマ川", "system": "アイホシマ川水系", "river_code": "0105880001"}}, {"type": "Feature", "geometry": {"type": "LineString", "coordinates": [[143.343744, 42.540809], [143.344147, 42.540578], [143.344375, 42.540409], [143.34449, 42.540285], [143.344505, 42.540224], [143.344482, 42.540162], [143.344276, 42.540015], [143.344071, 42.539903], [143.343995, 42.53983], [143.343934, 42.53974], [143.343934, 42.539627], [143.343995, 42.539543], [143.344322, 42.539419], [143.344429, 42.539334], [143.344497, 42.539149], [143.344611, 42.538879], [143.344664, 42.538811], [143.34474, 42.538755], [143.345022, 42.538643], [143.345706, 42.538378], [143.345782, 42.538311], [143.345767, 42.538271], [143.345701, 42.538237], [143.34566, 42.538215], [143.345394, 42.538187], [143.345273, 42.53817], [143.345181, 42.538102], [143.345181, 42.538035], [143.345235, 42.53799], [143.345326, 42.537962], [143.345387, 42.537922], [143.345432, 42.537872], [143.34544, 42.537804], [143.345394, 42.537692], [143.345318, 42.53759], [143.345158, 42.537287], [143.345113, 42.537129], [143.345113, 42.536943], [143.345174, 42.536887], [143.345295, 42.536859], [143.345402, 42.536808], [143.345425, 42.536752], [143.345425, 42.536673], [143.345265, 42.536471], [143.345235, 42.536403], [143.345235, 42.536319], [143.345311, 42.536268], [143.345371, 42.536262], [143.345676, 42.536262], [143.34598, 42.53619], [143.346033, 42.536133], [143.346025, 42.536066], [143.345957, 42.535965], [143.345957, 42.535863], [143.346003, 42.535751], [143.345987, 42.535683], [143.345881, 42.53561], [143.345775, 42.535503], [143.345749, 42.535434], [143.345768, 42.535392], [143.34582, 42.535374], [143.345965, 42.535385], [143.346223, 42.53539], [143.346489, 42.535345], [143.346763, 42.535278], [143.34709, 42.535154], [143.347227, 42.53507], [143.347364, 42.535025], [143.347691, 42.534918], [143.347782, 42.53485], [143.347858, 42.534749], [143.347972, 42.534676], [143.348238, 42.534603], [143.348443, 42.534513], [143.348474, 42.534445], [143.348459, 42.534344], [143.348383, 42.534271], [143.348101, 42.534024], [143.348078, 42.533967], [143.348078, 42.533877], [143.348147, 42.53377], [143.348223, 42.533725], [143.348474, 42.533641], [143.348748, 42.533585], [143.349021, 42.533523], [143.34928, 42.533467], [143.3495, 42.533467], [143.349782, 42.533545], [143.349911, 42.533545], [143.349995, 42.533523], [143.35, 42.533517], [143.350078, 42.533438], [143.350086, 42.533337], [143.349972, 42.533157], [143.349964, 42.533061], [143.349979, 42.533022], [143.349979, 42.532898], [143.349843, 42.532712], [143.349843, 42.532645], [143.349865, 42.532617], [143.349918, 42.532594], [143.350078, 42.532572], [143.350344, 42.532538], [143.350367, 42.532527], [143.35042, 42.53247], [143.350474, 42.532364], [143.350474, 42.532296], [143.350443, 42.532234], [143.35039, 42.532184], [143.35039, 42.532161], [143.350451, 42.532116], [143.350565, 42.532116], [143.350664, 42.532139], [143.350702, 42.532116], [143.350702, 42.532032], [143.350656, 42.531964], [143.350656, 42.531874], [143.350679, 42.531857], [143.350679, 42.531846]]}, "properties": {"name": "アイホシマ川", "system": "アイホシマ川水系", "river_code": "0105880001"}}, {"type": "Feature", "geometry": {"type": "LineString", "coordinates": [[143.464079, 42.511717], [143.464662, 42.512036], [143.465493, 42.512452], [143.466142, 42.512756], [143.466595, 42.512813]]}, "properties": {"name": "当縁川", "system": "当縁川水系", "river_code": "0100500001"}}, {"type": "Feature", "geometry": {"type": "LineString", "coordinates": [[143.460353, 42.508678], [143.460815, 42.508938], [143.461088, 42.509077], [143.461686, 42.509152], [143.461757, 42.509237], [143.461795, 42.509265], [143.461864, 42.50931], [143.461924, 42.509332], [143.462023, 42.509389], [143.462077, 42.509468], [143.462092, 42.509659], [143.462122, 42.509721], [143.462297, 42.509935], [143.462753, 42.510447], [143.46283, 42.510548], [143.463376, 42.511234], [143.464079, 42.511717]]}, "properties": {"name": "当縁川", "system": "当縁川水系", "river_code": "0100500001"}}, {"type": "Feature", "geometry": {"type": "LineString", "coordinates": [[143.457729, 42.508247], [143.458512, 42.507968], [143.458973, 42.5076], [143.459337, 42.507198], [143.459413, 42.506859], [143.459703, 42.507013], [143.459992, 42.507302], [143.460275, 42.507673], [143.460374, 42.508323], [143.460353, 42.508678]]}, "properties": {"name": "当縁川", "system": "当縁川水系", "river_code": "0100500001"}}, {"type": "Feature", "geometry": {"type": "LineString", "coordinates": [[143.454148, 42.510695], [143.455129, 42.509994], [143.45649, 42.5089], [143.456812, 42.508665], [143.457632, 42.508282], [143.457729, 42.508247]]}, "properties": {"name": "当縁川", "system": "当縁川水系", "river_code": "0100500001"}}, {"type": "Feature", "geometry": {"type": "LineString", "coordinates": [[143.438269, 42.511801], [143.438731, 42.511926], [143.439673, 42.512038], [143.440158, 42.512147], [143.440693, 42.512363], [143.441445, 42.512718], [143.441685, 42.512784], [143.441796, 42.512795], [143.442175, 42.512765], [143.442482, 42.512698], [143.443251, 42.512495], [143.443825, 42.512415], [143.444727, 42.512387], [143.44518, 42.512383], [143.445467, 42.512432], [143.44574, 42.51253], [143.446526, 42.512892], [143.44675, 42.512962], [143.446989, 42.512982], [143.44856, 42.512972], [143.448878, 42.512975], [143.450145, 42.512986], [143.450306, 42.512958], [143.45044, 42.51291], [143.450578, 42.512792], [143.450868, 42.512448], [143.451055, 42.512325], [143.451262, 42.512217], [143.451838, 42.512019], [143.452942, 42.51148], [143.453885, 42.510883], [143.454148, 42.510695]]}, "properties": {"name": "当縁川", "system": "当縁川水系", "river_code": "0100500001"}}, {"type": "Feature", "geometry": {"type": "LineString", "coordinates": [[143.388906, 42.527949], [143.389002, 42.527817], [143.389166, 42.527298], [143.389337, 42.526437], [143.389419, 42.526063], [143.389538, 42.525826], [143.38973, 42.525598], [143.390795, 42.524838], [143.391216, 42.524462], [143.391773, 42.52376], [143.391882, 42.523459], [143.391961, 42.523082], [143.392025, 42.522945], [143.392189, 42.522845], [143.393742, 42.52216], [143.393971, 42.522123], [143.395023, 42.522201], [143.395214, 42.522173], [143.395607, 42.521982], [143.395623, 42.521967], [143.39579, 42.521818], [143.39599, 42.521727], [143.397261, 42.521378], [143.397947, 42.521076], [143.398431, 42.520766], [143.400131, 42.52009], [143.401073, 42.519838], [143.401713, 42.51972], [143.402014, 42.519592], [143.403559, 42.518797], [143.40535, 42.51802], [143.405465, 42.51797], [143.406074, 42.517708], [143.406266, 42.517544], [143.406385, 42.517388], [143.406403, 42.5173], [143.406467, 42.517005], [143.406677, 42.516595], [143.406778, 42.515953], [143.406796, 42.515461], [143.406787, 42.515132], [143.406686, 42.514883], [143.406348, 42.514409], [143.405983, 42.514163], [143.405874, 42.514017], [143.405718, 42.513682], [143.405635, 42.513463], [143.405508, 42.513235], [143.405498, 42.513034], [143.40559, 42.512284], [143.405544, 42.512092], [143.405343, 42.511755], [143.404635, 42.510767], [143.404425, 42.51021], [143.404274, 42.509546], [143.404203, 42.508876], [143.404192, 42.508771], [143.404077, 42.508275], [143.403868, 42.507883], [143.403667, 42.507445], [143.403594, 42.507172], [143.403566, 42.506772], [143.403639, 42.505969], [143.403639, 42.504985], [143.403684, 42.504793], [143.403803, 42.504602], [143.403995, 42.504458], [143.404255, 42.504336], [143.40459, 42.504223], [143.405093, 42.504094], [143.405237, 42.504008], [143.406224, 42.503104], [143.406846, 42.50258], [143.407243, 42.502262], [143.407598, 42.50202], [143.407777, 42.501869], [143.407929, 42.501796], [143.408193, 42.501728], [143.40851, 42.501671], [143.408869, 42.501643], [143.409302, 42.50166], [143.409662, 42.501688], [143.409984, 42.50175], [143.410394, 42.501846], [143.410905, 42.502014], [143.411428, 42.502261], [143.411671, 42.502391], [143.411778, 42.502487], [143.411872, 42.50258], [143.412036, 42.502739], [143.413526, 42.504273], [143.41428, 42.504531], [143.415238, 42.504981], [143.415551, 42.505179], [143.415732, 42.50539], [143.416095, 42.505622], [143.416528, 42.505762], [143.416852, 42.505773], [143.417174, 42.505712], [143.417567, 42.505481], [143.417698, 42.505461], [143.418575, 42.505647], [143.419561, 42.505919], [143.42049, 42.506277], [143.420951, 42.506604], [143.421043, 42.50667], [143.421416, 42.50679], [143.422394, 42.507058], [143.423664, 42.50733], [143.42455, 42.50736], [143.425227, 42.50725], [143.425982, 42.507069], [143.426475, 42.507059], [143.42831, 42.506983], [143.429246, 42.507084], [143.42956, 42.507038], [143.430083, 42.506837], [143.430236, 42.506813], [143.43042, 42.506813], [143.430526, 42.506849], [143.431507, 42.507444], [143.431609, 42.507506], [143.432725, 42.508551], [143.43303, 42.508686], [143.433176, 42.508697], [143.433323, 42.508697], [143.43364, 42.508867], [143.435177, 42.509884], [143.436839, 42.510992], [143.437395, 42.511314], [143.437729, 42.511581], [143.438013, 42.511732], [143.438269, 42.511801]]}, "properties": {"name": "当縁川", "system": "当縁川水系", "river_code": "0100500001"}}, {"type": "Feature", "geometry": {"type": "LineString", "coordinates": [[143.131864, 42.489402], [143.132494, 42.48973], [143.132525, 42.489746], [143.132816, 42.489985], [143.132874, 42.490065], [143.132973, 42.490199], [143.133088, 42.490443], [143.133088, 42.490629], [143.132987, 42.490844], [143.132873, 42.490944], [143.132257, 42.491115], [143.131984, 42.49118], [143.131846, 42.491213], [143.131712, 42.491245], [143.131166, 42.491374], [143.130394, 42.491571], [143.130322, 42.491589], [143.129964, 42.491847], [143.129792, 42.492004], [143.129792, 42.492147], [143.129849, 42.492376], [143.129964, 42.49248], [143.130437, 42.492752], [143.130594, 42.492795], [143.13068, 42.492795], [143.130881, 42.492767], [143.131196, 42.492638], [143.131425, 42.492595], [143.131568, 42.492666], [143.131625, 42.492724], [143.132084, 42.493182], [143.132142, 42.493299], [143.132142, 42.493542], [143.132142, 42.4939], [143.132214, 42.494129], [143.132342, 42.4944], [143.132715, 42.494987], [143.132926, 42.495185], [143.132944, 42.495202], [143.133116, 42.495274], [143.133316, 42.495316], [143.133517, 42.495331], [143.133689, 42.495316], [143.13386, 42.495274], [143.134003, 42.49523], [143.134193, 42.495218], [143.134365, 42.495275], [143.134479, 42.495318], [143.13478, 42.495447], [143.135067, 42.49549], [143.135339, 42.495504], [143.136356, 42.495533], [143.137876, 42.495505], [143.138535, 42.495548], [143.13875, 42.495548], [143.138965, 42.495648], [143.139308, 42.495834], [143.140214, 42.496194]]}, "properties": {"name": "ヌビナイ川", "system": "歴舟川水系", "river_code": "0100510005"}}, {"type": "Feature", "geometry": {"type": "LineString", "coordinates": [[143.1266, 42.483199], [143.12637, 42.484315], [143.126275, 42.484643], [143.126274, 42.48489], [143.126322, 42.485017], [143.126418, 42.485121], [143.126521, 42.485224], [143.126633, 42.485304], [143.126792, 42.485344], [143.127461, 42.485535], [143.127718, 42.485639], [143.127973, 42.485743], [143.128108, 42.485838], [143.128243, 42.486005], [143.128355, 42.486149], [143.12857, 42.486554], [143.129033, 42.487282], [143.129622, 42.488196], [143.129926, 42.488398], [143.130268, 42.488589], [143.130489, 42.488696], [143.13081, 42.488852], [143.131864, 42.489402]]}, "properties": {"name": "ヌビナイ川", "system": "歴舟川水系", "river_code": "0100510005"}}, {"type": "Feature", "geometry": {"type": "LineString", "coordinates": [[143.116765, 42.473269], [143.116755, 42.473379], [143.116795, 42.473558], [143.116849, 42.473707], [143.116969, 42.473832], [143.117664, 42.474412], [143.118596, 42.47505], [143.11924, 42.47533], [143.119489, 42.47542], [143.119649, 42.475445], [143.119808, 42.475435], [143.119978, 42.47541], [143.120122, 42.47537], [143.120616, 42.475121], [143.1208, 42.475081], [143.12106, 42.475147], [143.121204, 42.475427], [143.121218, 42.475427], [143.121707, 42.475554], [143.122018, 42.475658], [143.122241, 42.475777], [143.1224, 42.475912], [143.122519, 42.47608], [143.122702, 42.476589], [143.123062, 42.47718], [143.123126, 42.477411], [143.12311, 42.477562], [143.123038, 42.477682], [143.122934, 42.477873], [143.122895, 42.477992], [143.122919, 42.478161], [143.123086, 42.478949], [143.123158, 42.479084], [143.123253, 42.479148], [143.123396, 42.47918], [143.123571, 42.47918], [143.123874, 42.47922], [143.124049, 42.479291], [143.124288, 42.479459], [143.124585, 42.479692], [143.125747, 42.48044], [143.126769, 42.481095], [143.126984, 42.481286], [143.127127, 42.481453], [143.127191, 42.481612], [143.127199, 42.481723], [143.127199, 42.481811], [143.127141, 42.481897], [143.127119, 42.48193], [143.126944, 42.482081], [143.126752, 42.482259], [143.12668, 42.482426], [143.126656, 42.482633], [143.1266, 42.483199]]}, "properties": {"name": "ヌビナイ川", "system": "歴舟川水系", "river_code": "0100510005"}}, {"type": "Feature", "geometry": {"type": "LineString", "coordinates": [[143.108192, 42.459265], [143.108316, 42.459365], [143.108414, 42.459507], [143.108458, 42.459659], [143.108488, 42.459747], [143.108624, 42.459889], [143.109066, 42.460267], [143.109522, 42.460704], [143.109625, 42.460851], [143.109659, 42.460964], [143.109669, 42.46112], [143.109699, 42.461487], [143.109728, 42.46158], [143.109787, 42.461639], [143.10986, 42.461688], [143.109993, 42.461703], [143.110269, 42.461713], [143.110455, 42.461713], [143.111366, 42.461542], [143.111474, 42.461551], [143.111577, 42.46161], [143.111685, 42.461747], [143.111778, 42.46184], [143.111891, 42.461884], [143.112293, 42.462007], [143.112569, 42.462141], [143.112789, 42.462258], [143.11302, 42.46242], [143.113377, 42.462679], [143.113642, 42.462914], [143.113809, 42.463101], [143.11399, 42.463377], [143.114211, 42.463783], [143.114318, 42.463954], [143.114465, 42.464121], [143.114681, 42.464323], [143.114799, 42.464479], [143.114862, 42.46468], [143.114901, 42.46493], [143.114934, 42.465161], [143.114985, 42.465519], [143.115053, 42.46573], [143.115176, 42.46592], [143.115475, 42.466283], [143.115558, 42.466425], [143.115558, 42.466527], [143.115539, 42.467049], [143.115534, 42.467475], [143.115563, 42.467857], [143.115642, 42.468187], [143.115817, 42.46846], [143.115985, 42.46884], [143.116276, 42.469367], [143.117074, 42.470514], [143.117153, 42.47085], [143.117034, 42.471255], [143.11694, 42.471589], [143.11691, 42.471798], [143.116915, 42.471972], [143.11693, 42.472151], [143.116979, 42.472296], [143.117114, 42.472525], [143.117129, 42.47262], [143.117119, 42.472674], [143.117079, 42.472739], [143.116999, 42.472839], [143.116819, 42.47312], [143.116765, 42.473269]]}, "properties": {"name": "ヌビナイ川", "system": "歴舟川水系", "river_code": "0100510005"}}, {"type": "Feature", "geometry": {"type": "LineString", "coordinates": [[143.094688, 42.454647], [143.094738, 42.454698], [143.094748, 42.454759], [143.094679, 42.455158], [143.094672, 42.45526], [143.094672, 42.45535], [143.094679, 42.455423], [143.094694, 42.455495], [143.094725, 42.455554], [143.094782, 42.455612], [143.094913, 42.455724], [143.095059, 42.455809], [143.095193, 42.455872], [143.095366, 42.455923], [143.095504, 42.45595], [143.095659, 42.455972], [143.095871, 42.455972], [143.096063, 42.455962], [143.096148, 42.455951], [143.096258, 42.455932], [143.096404, 42.455895], [143.096793, 42.455756], [143.097082, 42.455661], [143.097304, 42.455587], [143.09774, 42.45547], [143.098281, 42.455321], [143.098771, 42.455158], [143.099345, 42.45498], [143.099688, 42.45487], [143.099942, 42.454807], [143.100401, 42.45473], [143.100802, 42.454691], [143.10109, 42.454696], [143.101261, 42.454716], [143.101547, 42.454772], [143.10172, 42.454845], [143.101913, 42.454949], [143.102049, 42.455039], [143.102164, 42.455166], [143.102233, 42.455271], [143.102272, 42.455388], [143.102291, 42.455552], [143.102274, 42.455807], [143.102201, 42.456079], [143.102064, 42.456519], [143.101994, 42.45664], [143.101794, 42.456986], [143.101711, 42.457202], [143.101672, 42.457392], [143.101647, 42.457588], [143.101726, 42.457745], [143.101946, 42.45799], [143.102358, 42.458457], [143.102471, 42.45856], [143.102598, 42.458604], [143.102681, 42.458619], [143.102833, 42.458604], [143.103127, 42.458531], [143.103254, 42.458516], [143.103914, 42.458522], [143.10433, 42.458557], [143.105319, 42.458684], [143.105643, 42.458718], [143.106738, 42.458786], [143.1071, 42.458835], [143.107433, 42.458909], [143.107791, 42.459046], [143.108164, 42.459243], [143.108192, 42.459265]]}, "properties": {"name": "ヌビナイ川", "system": "歴舟川水系", "river_code": "0100510005"}}, {"type": "Feature", "geometry": {"type": "LineString", "coordinates": [[143.079114, 42.451339], [143.07927, 42.451355], [143.079731, 42.451398], [143.080091, 42.451432], [143.080219, 42.451459], [143.080253, 42.45147], [143.080447, 42.451534], [143.080943, 42.451696], [143.081079, 42.45174], [143.081209, 42.451778], [143.081441, 42.451824], [143.081623, 42.451853], [143.081817, 42.45188], [143.082078, 42.451895], [143.082236, 42.451892], [143.082405, 42.451863], [143.082652, 42.451793], [143.083039, 42.451629], [143.083127, 42.451611], [143.083187, 42.4516], [143.083714, 42.451552], [143.084675, 42.451469], [143.085278, 42.451404], [143.085743, 42.451382], [143.086082, 42.451375], [143.086363, 42.451367], [143.086706, 42.451404], [143.08696, 42.451479], [143.087345, 42.451643], [143.087745, 42.451933], [143.087867, 42.452021], [143.088075, 42.452229], [143.088196, 42.452326], [143.088371, 42.452399], [143.088902, 42.452546], [143.089226, 42.452595], [143.089401, 42.452575], [143.089755, 42.452498], [143.089846, 42.452487], [143.089963, 42.452474], [143.090224, 42.452459], [143.090515, 42.452469], [143.090956, 42.452512], [143.091686, 42.452634], [143.091943, 42.45272], [143.092084, 42.452817], [143.092181, 42.452953], [143.092229, 42.453069], [143.092302, 42.453297], [143.092379, 42.453413], [143.092472, 42.453524], [143.092612, 42.453616], [143.092757, 42.453699], [143.09303, 42.453807], [143.093485, 42.453957], [143.093771, 42.454059], [143.093979, 42.454141], [143.094222, 42.454272], [143.094469, 42.454423], [143.094688, 42.454647]]}, "properties": {"name": "ヌビナイ川", "system": "歴舟川水系", "river_code": "0100510005"}}, {"type": "Feature", "geometry": {"type": "LineString", "coordinates": [[143.077919, 42.451239], [143.078303, 42.451222], [143.078581, 42.451265], [143.07898, 42.451326], [143.079114, 42.451339]]}, "properties": {"name": "ヌビナイ川", "system": "歴舟川水系", "river_code": "0100510005"}}, {"type": "Feature", "geometry": {"type": "LineString", "coordinates": [[143.066185, 42.448052], [143.066776, 42.447917], [143.067218, 42.447859], [143.067769, 42.447824], [143.067984, 42.44785], [143.068226, 42.447906], [143.068439, 42.448005], [143.069139, 42.448419], [143.069431, 42.448571], [143.069596, 42.448648], [143.069779, 42.448706], [143.069978, 42.448749], [143.07009, 42.44875], [143.070243, 42.448743], [143.070368, 42.448731], [143.070487, 42.448699], [143.070666, 42.448634], [143.071308, 42.44838], [143.071532, 42.448308], [143.071648, 42.448274], [143.071738, 42.448267], [143.071806, 42.448265], [143.071876, 42.448284], [143.071951, 42.44832], [143.072074, 42.448407], [143.072279, 42.448603], [143.072368, 42.448671], [143.072523, 42.44875], [143.072682, 42.448818], [143.072878, 42.448883], [143.073316, 42.44898], [143.073506, 42.449015], [143.073861, 42.44907], [143.074047, 42.449121], [143.07418, 42.44917], [143.074294, 42.44922], [143.074454, 42.449297], [143.074586, 42.449399], [143.074974, 42.449699], [143.075187, 42.449864], [143.075293, 42.449963], [143.075306, 42.449981], [143.075363, 42.450062], [143.075426, 42.45018], [143.075497, 42.450353], [143.075591, 42.450493], [143.075788, 42.450721], [143.075901, 42.450817], [143.075983, 42.450868], [143.07618, 42.450956], [143.076629, 42.451139], [143.076813, 42.451212], [143.076944, 42.451263], [143.077056, 42.451289], [143.077189, 42.451302], [143.077438, 42.451297], [143.077833, 42.451244], [143.077919, 42.451239]]}, "properties": {"name": "ヌビナイ川", "system": "歴舟川水系", "river_code": "0100510005"}}, {"type": "Feature", "geometry": {"type": "LineString", "coordinates": [[143.060591, 42.447104], [143.060636, 42.447124], [143.060728, 42.447155], [143.060774, 42.447167], [143.060861, 42.447177], [143.06095, 42.447172], [143.061615, 42.447102], [143.061897, 42.44708], [143.062114, 42.447071], [143.062341, 42.447064], [143.062608, 42.447069], [143.062762, 42.447085], [143.0629, 42.447112], [143.063091, 42.447162], [143.063214, 42.447215], [143.063305, 42.447273], [143.06338, 42.447367], [143.063598, 42.447707], [143.063701, 42.447832], [143.063815, 42.447931], [143.063931, 42.447984], [143.064103, 42.448027], [143.064383, 42.448064], [143.064942, 42.448097], [143.065306, 42.448134], [143.06559, 42.448139], [143.065836, 42.448112], [143.066099, 42.448071], [143.066185, 42.448052]]}, "properties": {"name": "ヌビナイ川", "system": "歴舟川水系", "river_code": "0100510005"}}, {"type": "Feature", "geometry": {"type": "LineString", "coordinates": [[143.060309, 42.444245], [143.060342, 42.444296], [143.060412, 42.444453], [143.060462, 42.444624], [143.060477, 42.444742], [143.060469, 42.444876], [143.060416, 42.445035], [143.060269, 42.445365], [143.060189, 42.445632], [143.060107, 42.445798], [143.059987, 42.44593], [143.059878, 42.4461], [143.059844, 42.44619], [143.059846, 42.446267], [143.059859, 42.446349], [143.059904, 42.446429], [143.059996, 42.446534], [143.060212, 42.446745], [143.060301, 42.446847], [143.060373, 42.446953], [143.060458, 42.447027], [143.060535, 42.447078], [143.060591, 42.447104]]}, "properties": {"name": "ヌビナイ川", "system": "歴舟川水系", "river_code": "0100510005"}}, {"type": "Feature", "geometry": {"type": "LineString", "coordinates": [[143.048842, 42.437787], [143.048954, 42.437993], [143.049165, 42.438159], [143.049492, 42.438332], [143.049776, 42.438453], [143.050113, 42.438573], [143.050433, 42.438677], [143.050831, 42.43879], [143.051174, 42.438881], [143.051283, 42.438929], [143.051447, 42.439023], [143.051701, 42.439202], [143.051944, 42.439368], [143.052149, 42.439491], [143.052348, 42.439598], [143.052473, 42.439641], [143.052599, 42.439682], [143.052789, 42.439728], [143.053041, 42.439774], [143.053811, 42.439892], [143.054019, 42.439936], [143.054039, 42.439942], [143.054217, 42.439992], [143.05434, 42.44004], [143.054424, 42.440088], [143.054516, 42.440151], [143.054622, 42.440274], [143.054874, 42.440603], [143.055166, 42.440955], [143.055339, 42.441112], [143.055449, 42.441187], [143.055611, 42.441238], [143.055738, 42.441277], [143.056179, 42.441313], [143.056341, 42.441349], [143.056471, 42.441397], [143.056611, 42.441462], [143.056806, 42.441597], [143.057071, 42.441766], [143.057282, 42.44189], [143.057468, 42.441972], [143.057678, 42.442051], [143.057954, 42.442152], [143.058198, 42.442219], [143.058323, 42.442248], [143.058432, 42.442255], [143.058543, 42.442255], [143.058676, 42.442275], [143.058803, 42.442315], [143.059011, 42.442398], [143.059128, 42.442424], [143.059328, 42.442451], [143.059408, 42.442481], [143.059424, 42.442487], [143.059513, 42.442557], [143.059581, 42.442647], [143.059615, 42.442724], [143.059632, 42.442799], [143.059641, 42.442883], [143.059658, 42.443254], [143.059673, 42.443358], [143.059721, 42.44348], [143.05981, 42.443603], [143.059953, 42.443764], [143.060078, 42.443924], [143.060226, 42.444115], [143.060309, 42.444245]]}, "properties": {"name": "ヌビナイ川", "system": "歴舟川水系", "river_code": "0100510005"}}, {"type": "Feature", "geometry": {"type": "LineString", "coordinates": [[143.033496, 42.432023], [143.033635, 42.432012], [143.033754, 42.431985], [143.033922, 42.431929], [143.034316, 42.431798], [143.034465, 42.431756], [143.034617, 42.431715], [143.034753, 42.431699], [143.035031, 42.431682], [143.03541, 42.431663], [143.036123, 42.431665], [143.036358, 42.431685], [143.0365, 42.431713], [143.036583, 42.431746], [143.036666, 42.431805], [143.036739, 42.431888], [143.036894, 42.432138], [143.037027, 42.432283], [143.037245, 42.432531], [143.037373, 42.432692], [143.037492, 42.432833], [143.037568, 42.432914], [143.037676, 42.433011], [143.037835, 42.433113], [143.038088, 42.433277], [143.038176, 42.433334], [143.038296, 42.433441], [143.038489, 42.433602], [143.038633, 42.433694], [143.038733, 42.433744], [143.038813, 42.433762], [143.038964, 42.433783], [143.039133, 42.433802], [143.039358, 42.433837], [143.039555, 42.433871], [143.039813, 42.433932], [143.039985, 42.433982], [143.040165, 42.434034], [143.040314, 42.434087], [143.040407, 42.434132], [143.040563, 42.434224], [143.040786, 42.434383], [143.040914, 42.434461], [143.04099, 42.434492], [143.041094, 42.434511], [143.041274, 42.434516], [143.042144, 42.4345], [143.043097, 42.434495], [143.043112, 42.434497], [143.043808, 42.4346], [143.044477, 42.434712], [143.045641, 42.434927], [143.046156, 42.435147], [143.046576, 42.435414], [143.047302, 42.435891], [143.047817, 42.436282], [143.04842, 42.436753], [143.048783, 42.437678], [143.048842, 42.437787]]}, "properties": {"name": "ヌビナイ川", "system": "歴舟川水系", "river_code": "0100510005"}}, {"type": "Feature", "geometry": {"type": "LineString", "coordinates": [[143.005495, 42.433228], [143.005603, 42.43328], [143.006028, 42.433474], [143.006233, 42.433561], [143.006557, 42.433667], [143.006882, 42.433779], [143.007168, 42.433852], [143.007302, 42.433883], [143.007406, 42.433888], [143.007581, 42.433888], [143.008092, 42.433852], [143.008349, 42.43382], [143.008579, 42.433787], [143.009282, 42.433652], [143.009744, 42.433569], [143.010235, 42.433479], [143.010424, 42.433437], [143.010525, 42.433404], [143.010606, 42.433359], [143.010667, 42.433298], [143.010925, 42.432969], [143.011015, 42.432877], [143.011109, 42.432796], [143.011208, 42.432719], [143.011317, 42.432652], [143.011421, 42.432591], [143.011545, 42.432531], [143.011723, 42.432463], [143.011883, 42.432419], [143.011963, 42.432414], [143.012058, 42.432409], [143.012138, 42.432407], [143.012235, 42.432414], [143.012403, 42.432433], [143.012521, 42.432463], [143.012664, 42.432506], [143.012816, 42.432565], [143.012992, 42.432635], [143.013072, 42.432673], [143.013159, 42.432704], [143.01328, 42.43273], [143.013405, 42.43273], [143.013618, 42.432716], [143.013809, 42.432685], [143.013993, 42.432621], [143.014506, 42.43243], [143.014634, 42.432397], [143.014766, 42.432373], [143.014865, 42.432364], [143.014948, 42.432369], [143.015031, 42.432385], [143.015116, 42.432432], [143.015203, 42.432529], [143.015329, 42.43266], [143.015433, 42.432775], [143.015527, 42.432879], [143.01565, 42.433002], [143.015749, 42.433075], [143.015848, 42.433125], [143.015929, 42.433148], [143.016016, 42.433151], [143.016123, 42.433139], [143.016633, 42.433054], [143.016834, 42.43303], [143.017006, 42.43303], [143.017197, 42.43304], [143.017304, 42.433057], [143.017511, 42.433111], [143.017626, 42.433165], [143.017749, 42.433233], [143.017834, 42.433285], [143.018044, 42.433467], [143.018143, 42.433535], [143.018186, 42.433553], [143.018259, 42.433583], [143.018375, 42.433635], [143.018545, 42.433675], [143.018783, 42.43373], [143.018887, 42.433751], [143.019097, 42.433767], [143.019266, 42.433782], [143.019717, 42.433789], [143.020141, 42.43378], [143.020309, 42.433799], [143.020514, 42.43382], [143.020689, 42.433849], [143.020944, 42.433894], [143.021079, 42.433898], [143.021194, 42.433868], [143.02193, 42.43362], [143.022488, 42.433425], [143.022793, 42.433347], [143.022984, 42.43331], [143.023213, 42.433265], [143.023534, 42.43322], [143.023833, 42.433172], [143.024008, 42.433158], [143.024305, 42.433147], [143.024818, 42.433158], [143.025161, 42.433165], [143.025329, 42.433168], [143.02544, 42.43316], [143.025605, 42.43313], [143.026189, 42.432991], [143.026314, 42.432974], [143.026658, 42.432972], [143.027123, 42.433003], [143.027501, 42.433055], [143.027777, 42.433116], [143.027907, 42.433135], [143.028368, 42.433147], [143.028772, 42.433165], [143.028897, 42.433187], [143.028999, 42.433208], [143.029032, 42.433215], [143.029552, 42.433362], [143.029663, 42.433364], [143.029934, 42.433348], [143.030384, 42.433255], [143.030788, 42.433189], [143.031008, 42.433154], [143.031171, 42.433114], [143.031377, 42.433033], [143.031656, 42.432905], [143.031868, 42.432759], [143.03218, 42.432509], [143.032365, 42.432366], [143.032507, 42.432276], [143.032599, 42.432226], [143.032706, 42.432189], [143.032889, 42.432145], [143.033225, 42.432082], [143.033496, 42.432023]]}, "properties": {"name": "ヌビナイ川", "system": "歴舟川水系", "river_code": "0100510005"}}, {"type": "Feature", "geometry": {"type": "LineString", "coordinates": [[142.992627, 42.423626], [142.992749, 42.423716], [142.992939, 42.4238], [142.993068, 42.423918], [142.993151, 42.423958], [142.993288, 42.424054], [142.993364, 42.424087], [142.993508, 42.424093], [142.99391, 42.424149], [142.994078, 42.424189], [142.994321, 42.4242], [142.994404, 42.424189], [142.994829, 42.424177], [142.994989, 42.424155], [142.995186, 42.424155], [142.995407, 42.424217], [142.995505, 42.424228], [142.995649, 42.424273], [142.995764, 42.424335], [142.995885, 42.424442], [142.995976, 42.424492], [142.996189, 42.424605], [142.996219, 42.42462], [142.996303, 42.424656], [142.996781, 42.424976], [142.996903, 42.425156], [142.997062, 42.425494], [142.997411, 42.425871], [142.99754, 42.425972], [142.997708, 42.426056], [142.997799, 42.426068], [142.997874, 42.426068], [142.997936, 42.426058], [142.998038, 42.426038], [142.998224, 42.425984], [142.998301, 42.425962], [142.998379, 42.425947], [142.998669, 42.425886], [142.998789, 42.425877], [142.998919, 42.42586], [142.999029, 42.42586], [142.999121, 42.425882], [142.999213, 42.425933], [142.999282, 42.425992], [142.999338, 42.426086], [142.999423, 42.426272], [142.999489, 42.426457], [142.999546, 42.426669], [142.999584, 42.426829], [142.999603, 42.42718], [142.999598, 42.428098], [142.999602, 42.428234], [142.99964, 42.428371], [142.999758, 42.428628], [142.999855, 42.428827], [142.999954, 42.429002], [143.000032, 42.429206], [143.000098, 42.429321], [143.000202, 42.429482], [143.000314, 42.42962], [143.000389, 42.429716], [143.000458, 42.429804], [143.000524, 42.429867], [143.000607, 42.429924], [143.000737, 42.429998], [143.000865, 42.430062], [143.001006, 42.43012], [143.001155, 42.430182], [143.001365, 42.43026], [143.001526, 42.430324], [143.001667, 42.430371], [143.001864, 42.430433], [143.002006, 42.430482], [143.002169, 42.430534], [143.002315, 42.430591], [143.002535, 42.430683], [143.00279, 42.430817], [143.002991, 42.430931], [143.003194, 42.431049], [143.003395, 42.43117], [143.003541, 42.431266], [143.003685, 42.431387], [143.003806, 42.431506], [143.003986, 42.431706], [143.004172, 42.431928], [143.00419, 42.431952], [143.004308, 42.432114], [143.004494, 42.432359], [143.004614, 42.432502], [143.004778, 42.432685], [143.004927, 42.432817], [143.005061, 42.432921], [143.005326, 42.433119], [143.00547, 42.433216], [143.005495, 42.433228]]}, "properties": {"name": "ヌビナイ川", "system": "歴舟川水系", "river_code": "0100510005"}}, {"type": "Feature", "geometry": {"type": "LineString", "coordinates": [[142.966614, 42.402058], [142.966127, 42.403037], [142.965476, 42.40403], [142.965006, 42.405152], [142.964739, 42.405835], [142.964536, 42.406369], [142.963955, 42.408835], [142.963756, 42.409745], [142.963771, 42.410165], [142.963966, 42.410646], [142.964252, 42.411081], [142.964838, 42.411697], [142.965213, 42.412223], [142.965424, 42.412793], [142.965529, 42.413394], [142.965589, 42.413754], [142.965768, 42.414089], [142.966257, 42.414577], [142.966548, 42.415053], [142.966654, 42.415528], [142.966548, 42.416228], [142.966125, 42.417271], [142.96561, 42.418671], [142.965425, 42.418975], [142.965267, 42.419635], [142.965221, 42.419849], [142.965175, 42.41995], [142.965153, 42.420141], [142.965138, 42.420203], [142.965138, 42.42044], [142.965221, 42.420805], [142.965198, 42.421239], [142.965221, 42.421363], [142.965251, 42.421993], [142.965282, 42.422201], [142.965388, 42.422477], [142.965426, 42.4226], [142.965502, 42.422735], [142.965729, 42.423017], [142.965897, 42.423163], [142.965957, 42.423253], [142.965965, 42.423563], [142.966041, 42.42372], [142.966124, 42.423782], [142.966223, 42.423822], [142.966436, 42.423855], [142.966618, 42.423912], [142.966686, 42.423957], [142.966747, 42.42403], [142.966891, 42.42417], [142.967043, 42.424255], [142.96718, 42.424294], [142.967544, 42.424311], [142.967673, 42.424339], [142.967788, 42.424379], [142.967939, 42.424469], [142.968038, 42.424548], [142.96822, 42.424778], [142.968289, 42.424846], [142.968615, 42.425009], [142.968927, 42.425105], [142.969048, 42.425127], [142.969268, 42.4252], [142.969374, 42.425245], [142.969511, 42.425274], [142.969724, 42.425313], [142.96983, 42.42538], [142.970179, 42.425763], [142.970263, 42.42587], [142.970423, 42.42605], [142.970605, 42.426213], [142.970668, 42.426249], [142.970969, 42.426422], [142.971136, 42.426557], [142.971296, 42.426709], [142.971493, 42.426804], [142.971668, 42.426866], [142.971987, 42.42695], [142.972496, 42.427164], [142.972716, 42.427237], [142.973012, 42.427395], [142.973194, 42.427496], [142.973665, 42.427648], [142.973999, 42.427677], [142.974098, 42.427688], [142.974242, 42.427727], [142.974781, 42.427947], [142.974872, 42.427975], [142.97491, 42.427997], [142.975108, 42.428031], [142.975419, 42.428054], [142.975791, 42.428115], [142.975996, 42.428177], [142.976095, 42.428245], [142.976353, 42.428459], [142.976459, 42.42865], [142.976528, 42.428718], [142.976664, 42.428774], [142.976786, 42.428802], [142.977181, 42.428819], [142.977325, 42.428825], [142.977508, 42.428841], [142.977591, 42.428836], [142.977857, 42.42878], [142.978145, 42.428678], [142.978274, 42.428656], [142.978479, 42.428588], [142.978661, 42.42856], [142.978859, 42.428566], [142.97895, 42.428599], [142.979072, 42.428678], [142.979261, 42.428886], [142.979413, 42.428971], [142.979466, 42.428988], [142.979861, 42.428988], [142.98037, 42.429067], [142.980501, 42.429097], [142.980636, 42.429129], [142.980811, 42.429151], [142.981122, 42.429202], [142.981274, 42.429213], [142.981486, 42.429252], [142.981737, 42.429252], [142.981874, 42.429207], [142.982071, 42.429089], [142.982185, 42.428988], [142.9822, 42.428909], [142.982193, 42.428836], [142.98217, 42.428769], [142.982185, 42.428662], [142.982474, 42.428318], [142.982542, 42.428256], [142.982702, 42.4282], [142.98296, 42.428172], [142.983286, 42.428071], [142.983416, 42.428003], [142.983666, 42.4278], [142.983818, 42.427722], [142.984069, 42.427655], [142.98435, 42.42766], [142.984494, 42.427694], [142.984676, 42.42775], [142.984866, 42.427745], [142.984942, 42.427722], [142.9852, 42.427536], [142.985329, 42.427486], [142.985405, 42.427435], [142.985473, 42.427277], [142.985496, 42.42717], [142.985542, 42.427092], [142.985846, 42.426889], [142.98599, 42.426765], [142.9864, 42.426495], [142.986552, 42.426456], [142.986711, 42.426439], [142.986894, 42.426456], [142.987038, 42.42649], [142.987197, 42.426512], [142.987281, 42.426501], [142.987364, 42.426428], [142.987395, 42.426326], [142.987402, 42.426124], [142.987425, 42.426062], [142.987501, 42.425961], [142.987577, 42.425905], [142.987645, 42.425882], [142.987782, 42.425865], [142.987942, 42.425871], [142.988116, 42.425899], [142.98861, 42.425905], [142.988906, 42.425972], [142.989088, 42.426023], [142.989111, 42.426029], [142.989217, 42.426017], [142.989257, 42.425994], [142.989286, 42.425978], [142.989339, 42.425922], [142.989384, 42.425798], [142.989384, 42.425635], [142.989248, 42.425319], [142.989256, 42.424903], [142.989286, 42.424807], [142.989347, 42.424712], [142.989582, 42.424549], [142.98984, 42.424273], [142.99003, 42.424115], [142.990152, 42.42407], [142.990197, 42.424054], [142.990751, 42.42407], [142.991116, 42.424082], [142.991313, 42.42407], [142.99142, 42.424048], [142.99164, 42.423935], [142.991891, 42.423755], [142.99202, 42.423682], [142.992209, 42.423643], [142.992361, 42.423598], [142.992506, 42.423598], [142.992627, 42.423626]]}, "properties": {"name": "ヌビナイ川", "system": "歴舟川水系", "river_code": "0100510005"}}, {"type": "Feature", "geometry": {"type": "LineString", "coordinates": [[143.149992, 42.445539], [143.150024, 42.445543], [143.150108, 42.445571], [143.150221, 42.445588], [143.150389, 42.445582], [143.150449, 42.445565], [143.150723, 42.445537], [143.150981, 42.445464], [143.151079, 42.44543], [143.151193, 42.445414], [143.151299, 42.445419], [143.151467, 42.445464], [143.15171, 42.445459], [143.152355, 42.445301], [143.152439, 42.445267], [143.153061, 42.44511], [143.153343, 42.445054], [143.153836, 42.444879], [143.154284, 42.444688], [143.15436, 42.444626], [143.154421, 42.444525], [143.154421, 42.444367], [143.154246, 42.44381], [143.154246, 42.443405], [143.154307, 42.443315], [143.154497, 42.44318], [143.154679, 42.443119], [143.154816, 42.443085], [143.155104, 42.443085], [143.155279, 42.443113], [143.155826, 42.443242], [143.156008, 42.443242], [143.156068, 42.443231], [143.156182, 42.44318], [143.156486, 42.443006], [143.156577, 42.442916], [143.156593, 42.442804], [143.156554, 42.44255], [143.156479, 42.442336], [143.156494, 42.441836], [143.156479, 42.441628], [143.156486, 42.441493], [143.156547, 42.44138], [143.156646, 42.441268], [143.156752, 42.441178], [143.15678, 42.441159], [143.156988, 42.441014], [143.157185, 42.440908], [143.157481, 42.440795], [143.157534, 42.440795], [143.15761, 42.440778], [143.1578, 42.440761], [143.158013, 42.440688], [143.158362, 42.440694], [143.158537, 42.44066], [143.158757, 42.440581], [143.159113, 42.440418], [143.159378, 42.440265], [143.159394, 42.440182], [143.159345, 42.439985], [143.158982, 42.439597], [143.158951, 42.439465], [143.158951, 42.439373], [143.159016, 42.439267], [143.159124, 42.439197], [143.160096, 42.438833], [143.161286, 42.438358], [143.161493, 42.438218], [143.161646, 42.438047], [143.161728, 42.437869], [143.161735, 42.437669], [143.161695, 42.437555], [143.161708, 42.437484], [143.161782, 42.437382]]}, "properties": {"name": "紋別川", "system": "紋別川水系", "river_code": "0100520001"}}, {"type": "Feature", "geometry": {"type": "LineString", "coordinates": [[143.085502, 42.426604], [143.086633, 42.426695], [143.088468, 42.427019], [143.089489, 42.427283], [143.090494, 42.427318], [143.092606, 42.427231], [143.093904, 42.427231], [143.095116, 42.427335], [143.095791, 42.427474], [143.096795, 42.427543], [143.097557, 42.427789], [143.098151, 42.428185], [143.09911, 42.428931], [143.099795, 42.429403], [143.100282, 42.429616], [143.10141, 42.430145], [143.101418, 42.430162], [143.101631, 42.430252], [143.10179, 42.430337], [143.101934, 42.430449], [143.102003, 42.430522], [143.102109, 42.430595], [143.102291, 42.430691], [143.102618, 42.430922], [143.102967, 42.431068], [143.103096, 42.431113], [143.103536, 42.431158], [143.103658, 42.43117], [143.103977, 42.431248], [143.104174, 42.43126], [143.104372, 42.431327], [143.104661, 42.431333], [143.104789, 42.431372], [143.105131, 42.431519], [143.105298, 42.43158], [143.105572, 42.43162], [143.105655, 42.431642], [143.105754, 42.431687], [143.105807, 42.431738], [143.10586, 42.431834], [143.105944, 42.431912], [143.106073, 42.431997], [143.106217, 42.432126], [143.106339, 42.432188], [143.106453, 42.432222], [143.10684, 42.432255], [143.106946, 42.432289], [143.107075, 42.432368], [143.107159, 42.43248], [143.107174, 42.432728], [143.107159, 42.432919], [143.107227, 42.432981], [143.107296, 42.433009], [143.107402, 42.433032], [143.107554, 42.433043], [143.107759, 42.433082], [143.107941, 42.433156], [143.10807, 42.433184], [143.108184, 42.433178], [143.108366, 42.433105], [143.10867, 42.433049], [143.108898, 42.433026], [143.10911, 42.433037], [143.1093, 42.433088], [143.109369, 42.433111], [143.109391, 42.433127], [143.109543, 42.433184], [143.109657, 42.433195], [143.109801, 42.433201], [143.109946, 42.433133], [143.110014, 42.433071], [143.110189, 42.432959], [143.110478, 42.432829], [143.110614, 42.432784], [143.110713, 42.432769], [143.110721, 42.432768], [143.110728, 42.432756], [143.110933, 42.432723], [143.111108, 42.432723], [143.111259, 42.432773], [143.111343, 42.432835], [143.111411, 42.432998], [143.11148, 42.43306], [143.111631, 42.433161], [143.111943, 42.433291], [143.112004, 42.433308], [143.112171, 42.433437], [143.1123, 42.433538], [143.112391, 42.433561], [143.112566, 42.433561], [143.112756, 42.433454], [143.11312, 42.43328], [143.113257, 42.433252], [143.113439, 42.433257], [143.113788, 42.433342], [143.114145, 42.43346], [143.114608, 42.433628], [143.114791, 42.433668], [143.114996, 42.433657], [143.115178, 42.433567], [143.115307, 42.433516], [143.11552, 42.433477], [143.115672, 42.433482], [143.115687, 42.433494], [143.115823, 42.433527], [143.116013, 42.433612], [143.116203, 42.433657], [143.116309, 42.433662], [143.116575, 42.433702], [143.116682, 42.433713], [143.116909, 42.433752], [143.117175, 42.433758], [143.117327, 42.433735], [143.117433, 42.433679], [143.117524, 42.433645], [143.117654, 42.433645], [143.117828, 42.433724], [143.117973, 42.433758], [143.118086, 42.433758], [143.118193, 42.433719], [143.118345, 42.433629], [143.118496, 42.433629], [143.118618, 42.433662], [143.118724, 42.433696], [143.118899, 42.433724], [143.11921, 42.433735], [143.119317, 42.433758], [143.1194, 42.433758], [143.11956, 42.433707], [143.11975, 42.433707], [143.119818, 42.433719], [143.120175, 42.43373], [143.120236, 42.433741], [143.120691, 42.433735], [143.120907, 42.433722], [143.121208, 42.433703], [143.121481, 42.433745], [143.121792, 42.433807], [143.122081, 42.433891], [143.123235, 42.434319], [143.123273, 42.434324], [143.123577, 42.434426], [143.123843, 42.434499], [143.124769, 42.434707], [143.124974, 42.434769], [143.125323, 42.434893], [143.125801, 42.43518], [143.12631, 42.435433], [143.126393, 42.435464]]}, "properties": {"name": "紋別川", "system": "紋別川水系", "river_code": "0100520001"}}, {"type": "Feature", "geometry": {"type": "LineString", "coordinates": [[143.126393, 42.435464], [143.126766, 42.435607], [143.127093, 42.435669], [143.127259, 42.435686], [143.127996, 42.435815], [143.128998, 42.436035], [143.129704, 42.436147], [143.12997, 42.43622], [143.130008, 42.43622], [143.130024, 42.436243], [143.130259, 42.436339], [143.130479, 42.43644], [143.130806, 42.436637], [143.130919, 42.436766], [143.131223, 42.436997], [143.131301, 42.437059], [143.131823, 42.437475], [143.131983, 42.437576], [143.132127, 42.437627], [143.132431, 42.437695], [143.132621, 42.437712], [143.132879, 42.437757], [143.133, 42.437802], [143.133091, 42.437858], [143.133251, 42.438054], [143.133364, 42.43815], [143.133554, 42.438251], [143.133729, 42.438313], [143.133888, 42.438341], [143.134184, 42.438409], [143.134336, 42.438482], [143.13442, 42.438583], [143.134488, 42.438713], [143.134579, 42.438848], [143.134671, 42.438921], [143.134807, 42.438989], [143.135088, 42.439073], [143.135445, 42.439152], [143.135749, 42.439152], [143.135954, 42.439118], [143.135999, 42.439101], [143.136219, 42.439034], [143.136296, 42.439022], [143.136926, 42.438848], [143.137154, 42.438809], [143.13748, 42.438809], [143.13764, 42.438837], [143.138012, 42.438932], [143.138141, 42.438944], [143.138262, 42.438915], [143.138483, 42.438775], [143.138634, 42.438702], [143.138779, 42.438679], [143.138991, 42.438685], [143.139196, 42.438741], [143.139447, 42.438797], [143.139674, 42.438831], [143.139796, 42.438859], [143.139887, 42.438915], [143.139978, 42.438994], [143.140054, 42.439118], [143.140069, 42.439349], [143.140145, 42.439557], [143.140229, 42.439624], [143.140274, 42.439641], [143.140305, 42.439664], [143.140426, 42.439669], [143.140518, 42.43963], [143.140536, 42.439617], [143.140578, 42.439585], [143.140829, 42.43927], [143.140905, 42.439202], [143.141011, 42.43914], [143.141057, 42.439129], [143.141201, 42.439129], [143.141376, 42.439191], [143.141543, 42.439276], [143.141664, 42.43936], [143.14193, 42.439574], [143.142173, 42.439821], [143.142317, 42.439985], [143.142492, 42.440243], [143.142591, 42.440457], [143.142659, 42.4408], [143.142719, 42.440913], [143.142803, 42.441025], [143.142932, 42.441059], [143.14313, 42.441059], [143.143228, 42.441036], [143.143555, 42.44093], [143.143691, 42.440907], [143.143821, 42.440907], [143.143942, 42.44093], [143.144496, 42.441104], [143.144671, 42.441194], [143.144762, 42.441284], [143.1448, 42.441369], [143.1448, 42.44147], [143.144777, 42.441605], [143.144762, 42.441768], [143.144815, 42.441841], [143.144899, 42.441914], [143.144959, 42.441987], [143.145036, 42.44219], [143.145073, 42.442229], [143.145165, 42.442314], [143.145309, 42.442589], [143.145415, 42.442696], [143.145582, 42.442764], [143.145726, 42.442775], [143.145855, 42.442747], [143.145954, 42.442741], [143.146136, 42.442797], [143.146357, 42.442797], [143.146623, 42.442758], [143.146835, 42.442752], [143.146979, 42.442764], [143.147199, 42.442814], [143.147435, 42.442859], [143.147609, 42.442921], [143.147647, 42.442977], [143.147655, 42.443028], [143.147587, 42.443253], [143.147587, 42.4434], [143.147617, 42.443467], [143.147693, 42.443529], [143.147745, 42.443547], [143.147837, 42.44358], [143.147989, 42.443647], [143.148065, 42.44372], [143.148171, 42.443872], [143.148255, 42.444097], [143.148276, 42.44413], [143.148355, 42.444196], [143.148437, 42.44426], [143.148589, 42.444401], [143.148733, 42.444558], [143.14884, 42.444643], [143.148931, 42.444677], [143.149147, 42.44476], [143.149234, 42.4448], [143.14931, 42.444857], [143.149341, 42.444896], [143.149348, 42.445127], [143.149379, 42.445189], [143.14947, 42.445307], [143.149705, 42.44543], [143.149884, 42.445505], [143.149992, 42.445539]]}, "properties": {"name": "紋別川", "system": "紋別川水系", "river_code": "0100520001"}}, {"type": "Feature", "geometry": {"type": "LineString", "coordinates": [[143.161782, 42.437382], [143.162004, 42.437178], [143.16218, 42.437057], [143.162412, 42.436919], [143.162894, 42.436733], [143.163229, 42.43664], [143.163563, 42.436612], [143.163767, 42.43664], [143.163943, 42.436723], [143.164416, 42.437029], [143.164546, 42.437066], [143.164724, 42.437122], [143.165141, 42.43714], [143.165345, 42.437196], [143.165474, 42.43727], [143.165818, 42.43753], [143.166244, 42.437928], [143.166376, 42.438031], [143.16644, 42.438068], [143.166635, 42.438087], [143.166802, 42.438096], [143.167265, 42.438142], [143.167562, 42.438226], [143.167738, 42.43829], [143.167923, 42.438383], [143.16852, 42.438765], [143.168873, 42.438969], [143.169113, 42.439061], [143.16954, 42.439274], [143.169809, 42.439487], [143.169957, 42.439682], [143.170022, 42.439747], [143.170337, 42.439969], [143.170517, 42.440086]]}, "properties": {"name": "紋別川", "system": "紋別川水系", "river_code": "0100520001"}}, {"type": "Feature", "geometry": {"type": "LineString", "coordinates": [[143.170517, 42.440086], [143.170812, 42.440278], [143.170961, 42.440361], [143.170974, 42.440366], [143.171155, 42.440435], [143.171452, 42.440509], [143.171767, 42.440565], [143.171962, 42.440602], [143.172147, 42.440602], [143.172286, 42.440584], [143.172398, 42.440565], [143.172611, 42.440509], [143.172694, 42.440463], [143.17287, 42.440361], [143.173188, 42.440212], [143.173299, 42.440175], [143.173438, 42.440175], [143.17354, 42.440212], [143.173836, 42.440369], [143.174142, 42.440462], [143.1743, 42.44049], [143.174606, 42.44049], [143.174904, 42.440472], [143.175219, 42.440444], [143.175423, 42.440416], [143.175534, 42.440425], [143.175627, 42.440462], [143.175711, 42.440518], [143.175738, 42.440583], [143.175738, 42.44061], [143.17572, 42.440657], [143.175618, 42.44074], [143.175414, 42.440953], [143.175389, 42.441015], [143.175396, 42.4411], [143.175409, 42.441269], [143.175448, 42.441452], [143.175526, 42.441569], [143.175565, 42.441595], [143.175696, 42.441608], [143.175852, 42.441621], [143.176061, 42.441628], [143.176211, 42.441602], [143.176696, 42.441504], [143.176891, 42.441497], [143.176996, 42.44151], [143.177087, 42.441549], [143.177283, 42.441647], [143.177602, 42.441875], [143.177949, 42.442184], [143.17838, 42.44249], [143.178817, 42.442751], [143.179132, 42.442914], [143.179448, 42.443009], [143.179523, 42.443032], [143.180309, 42.443287], [143.180498, 42.443359], [143.180693, 42.443405], [143.180824, 42.443418], [143.181, 42.443418], [143.181228, 42.443392], [143.181359, 42.443372], [143.181711, 42.443242], [143.181894, 42.443203], [143.182024, 42.44319], [143.182102, 42.443203], [143.182528, 42.443196], [143.183031, 42.443131], [143.183552, 42.443066], [143.184011, 42.443059], [143.184324, 42.443065], [143.184904, 42.443137], [143.185133, 42.443215], [143.185396, 42.443385], [143.185761, 42.443594], [143.186048, 42.443835], [143.186218, 42.443914], [143.186459, 42.443966], [143.186661, 42.443979], [143.186863, 42.443979], [143.187237, 42.443914], [143.187492, 42.443855], [143.187701, 42.443751], [143.187916, 42.443601], [143.188072, 42.443451], [143.18819, 42.443288], [143.188268, 42.443086], [143.188301, 42.442779], [143.188347, 42.442616], [143.188392, 42.442518], [143.188464, 42.44244], [143.188536, 42.442387], [143.188673, 42.442335], [143.188779, 42.442301], [143.188848, 42.442304], [143.188929, 42.442308], [143.189033, 42.44234], [143.189118, 42.442425], [143.189255, 42.442575], [143.189568, 42.442992], [143.189654, 42.443072], [143.18972, 42.443131], [143.189811, 42.443177], [143.189974, 42.443216], [143.190287, 42.443235], [143.190678, 42.443235], [143.191259, 42.443235], [143.192057, 42.443222], [143.192585, 42.443209], [143.192783, 42.443209], [143.192887, 42.443235], [143.192966, 42.44328], [143.192985, 42.443385], [143.192991, 42.443502], [143.193018, 42.443639], [143.193044, 42.443691], [143.193096, 42.44373], [143.193187, 42.443763], [143.193481, 42.443763], [143.193986, 42.443771], [143.194284, 42.443845], [143.194466, 42.443928], [143.194995, 42.444159], [143.195213, 42.444269], [143.195387, 42.444335], [143.195511, 42.444425], [143.19561, 42.444549], [143.195684, 42.444748], [143.195784, 42.444847], [143.195858, 42.444896], [143.195949, 42.444946], [143.196429, 42.445153], [143.196911, 42.445436], [143.197109, 42.445635], [143.197357, 42.445891], [143.19749, 42.446106], [143.197573, 42.446246], [143.197604, 42.446274], [143.197639, 42.446304], [143.197705, 42.446354], [143.197928, 42.446478], [143.198087, 42.446604], [143.198203, 42.446745], [143.198238, 42.44683], [143.198308, 42.447045], [143.198366, 42.44715], [143.198418, 42.447208], [143.198483, 42.447266], [143.198646, 42.447376], [143.198867, 42.447475], [143.19903, 42.44751], [143.199222, 42.447533], [143.199676, 42.447574], [143.20005, 42.447569], [143.200393, 42.447569], [143.200516, 42.447569], [143.200626, 42.447598], [143.200696, 42.447633], [143.20101, 42.447842], [143.201402, 42.448082], [143.201495, 42.448188], [143.201548, 42.448403], [143.201548, 42.448607], [143.201577, 42.448717], [143.201623, 42.448793], [143.201676, 42.448839], [143.201961, 42.449037], [143.20209, 42.44912], [143.202195, 42.449155], [143.202346, 42.449166], [143.202491, 42.449149], [143.202573, 42.449108], [143.203149, 42.448934], [143.203482, 42.448828], [143.203645, 42.448782], [143.203779, 42.448706], [143.204228, 42.448485], [143.204531, 42.448304], [143.204671, 42.448199], [143.204892, 42.448007], [143.205214, 42.447745], [143.2054, 42.447605], [143.205574, 42.447495], [143.205743, 42.447407], [143.205888, 42.447367], [143.206022, 42.447372], [143.206109, 42.447372], [143.206146, 42.447382], [143.206156, 42.447384], [143.206302, 42.447419], [143.206577, 42.447552], [143.206758, 42.447628], [143.206839, 42.447645], [143.20695, 42.447651], [143.207089, 42.447634], [143.207241, 42.44761], [143.207322, 42.44761], [143.207415, 42.44764], [143.207497, 42.447669], [143.207801, 42.447838], [143.208092, 42.44803], [143.208202, 42.44814], [143.208266, 42.448245], [143.208371, 42.448443], [143.208791, 42.44923], [143.208926, 42.449464], [143.209083, 42.449662], [143.209176, 42.449761], [143.209263, 42.449825], [143.209386, 42.449912], [143.209548, 42.449953]]}, "properties": {"name": "紋別川", "system": "紋別川水系", "river_code": "0100520001"}}, {"type": "Feature", "geometry": {"type": "LineString", "coordinates": [[143.371158, 42.424905], [143.371183, 42.424893], [143.371307, 42.424819], [143.371498, 42.424682], [143.371635, 42.424591], [143.371772, 42.424528], [143.371955, 42.424452], [143.37203, 42.424421], [143.372156, 42.424341], [143.372264, 42.424258], [143.372367, 42.42415], [143.372463, 42.42408], [143.372679, 42.423951], [143.373012, 42.423793], [143.373676, 42.42356], [143.374027, 42.423435], [143.374209, 42.42334], [143.374579, 42.423112], [143.375289, 42.422667], [143.375734, 42.422371], [143.376162, 42.422031], [143.376642, 42.421631], [143.377004, 42.421294], [143.377325, 42.420995], [143.377537, 42.420815], [143.377739, 42.420667], [143.377874, 42.4206], [143.378086, 42.420519], [143.378597, 42.420383], [143.379164, 42.420243], [143.379571, 42.420103], [143.379855, 42.419995], [143.380256, 42.419788], [143.38054, 42.419657], [143.380721, 42.419603], [143.380901, 42.419576], [143.381026, 42.419569], [143.381153, 42.419562], [143.381526, 42.419603], [143.381803, 42.419657], [143.381965, 42.419675], [143.382088, 42.419662], [143.382383, 42.41963], [143.382835, 42.419567], [143.382911, 42.419546], [143.383114, 42.41949], [143.383443, 42.419396], [143.383887, 42.419256], [143.384124, 42.419204], [143.384328, 42.419154], [143.3845, 42.419087], [143.384699, 42.418974], [143.384933, 42.418821], [143.385295, 42.418542], [143.385525, 42.418326], [143.385761, 42.418087], [143.385939, 42.417899], [143.386073, 42.41781], [143.386392, 42.417668], [143.38664, 42.417559], [143.386784, 42.417468], [143.386926, 42.417378], [143.387069, 42.417312], [143.387326, 42.417248], [143.3875, 42.417185], [143.38774, 42.417049], [143.38796, 42.416963], [143.388284, 42.416921], [143.3886, 42.416872], [143.388938, 42.416824], [143.389051, 42.416808], [143.38926, 42.416819], [143.38941, 42.416894], [143.389651, 42.417097], [143.389898, 42.417413], [143.390107, 42.417622], [143.390371, 42.417735], [143.390773, 42.417918], [143.390954, 42.418021]]}, "properties": {"name": "紋別川", "system": "紋別川水系", "river_code": "0100520001"}}, {"type": "Feature", "geometry": {"type": "LineString", "coordinates": [[143.356237, 42.433023], [143.35643, 42.433073], [143.356795, 42.433111], [143.357111, 42.433277], [143.357262, 42.433412], [143.357451, 42.433466], [143.357837, 42.433458], [143.358266, 42.433373], [143.358669, 42.43326], [143.358787, 42.433227], [143.359111, 42.433076], [143.359157, 42.433008], [143.359227, 42.432906], [143.359354, 42.432737], [143.359604, 42.432639], [143.35977, 42.432632], [143.35992, 42.432689], [143.360052, 42.432693], [143.360291, 42.432601], [143.360542, 42.432458], [143.360696, 42.432339], [143.361001, 42.432254], [143.361022, 42.432249], [143.361341, 42.432172], [143.362164, 42.432021], [143.362469, 42.43199], [143.363185, 42.431808], [143.363895, 42.431704], [143.364478, 42.431623], [143.364767, 42.431573], [143.364952, 42.431473], [143.365139, 42.431085], [143.365188, 42.430901], [143.365255, 42.430645], [143.365344, 42.430422], [143.365441, 42.430283], [143.365668, 42.430125], [143.366233, 42.429736], [143.366642, 42.429301], [143.367183, 42.428738], [143.36755, 42.428288], [143.368736, 42.426834], [143.369328, 42.426202], [143.369621, 42.426017], [143.370019, 42.425708], [143.370793, 42.425117], [143.371158, 42.424905]]}, "properties": {"name": "紋別川", "system": "紋別川水系", "river_code": "0100520001"}}, {"type": "Feature", "geometry": {"type": "LineString", "coordinates": [[143.298875, 42.44541], [143.298953, 42.445403], [143.299018, 42.445398], [143.299436, 42.445371], [143.299676, 42.445371], [143.299853, 42.445398], [143.300089, 42.445498], [143.300149, 42.445528], [143.300278, 42.445591], [143.300398, 42.445714], [143.300498, 42.445861], [143.300875, 42.446082], [143.301176, 42.446221], [143.301422, 42.446325], [143.301523, 42.446367], [143.301739, 42.446437], [143.301773, 42.446438], [143.301858, 42.446439], [143.301921, 42.446441], [143.302098, 42.446437], [143.302519, 42.446552], [143.302783, 42.446634], [143.302999, 42.44663], [143.303744, 42.446506], [143.304142, 42.446398], [143.304601, 42.446205], [143.305163, 42.445892], [143.305403, 42.445683], [143.30556, 42.445545], [143.306055, 42.444993], [143.306429, 42.444561], [143.306773, 42.444181], [143.306978, 42.443954], [143.307179, 42.443622], [143.307314, 42.443494], [143.307465, 42.443433], [143.307627, 42.443433], [143.307889, 42.443467], [143.308351, 42.443602], [143.308629, 42.443772], [143.308806, 42.44398], [143.308969, 42.444131], [143.309131, 42.4442], [143.30918, 42.444172], [143.309293, 42.444107], [143.309699, 42.443702], [143.310263, 42.443042], [143.310541, 42.442625], [143.310954, 42.441965], [143.311043, 42.441799], [143.311317, 42.441285], [143.311429, 42.441065], [143.311549, 42.440965], [143.311664, 42.440907], [143.311815, 42.440872], [143.312129, 42.440809], [143.312438, 42.440755], [143.312701, 42.44072], [143.312739, 42.440722], [143.313203, 42.440751], [143.313534, 42.440794], [143.314386, 42.440813], [143.314599, 42.440836], [143.314764, 42.440886], [143.314923, 42.440944], [143.31522, 42.440975], [143.315644, 42.440933], [143.315976, 42.440848], [143.316254, 42.44062], [143.316642, 42.440195], [143.317024, 42.43979], [143.317519, 42.439434], [143.317658, 42.439333], [143.317805, 42.439225], [143.318075, 42.439106], [143.318404, 42.438982], [143.318678, 42.43892], [143.318963, 42.43892], [143.319393, 42.438939], [143.319898, 42.43902], [143.320335, 42.439117], [143.320864, 42.439256], [143.321314, 42.439403], [143.321619, 42.439526], [143.322004, 42.439746], [143.322422, 42.440021], [143.323113, 42.440464], [143.323488, 42.440681], [143.323727, 42.440755], [143.324202, 42.440778], [143.324745, 42.440771], [143.325046, 42.440813], [143.325324, 42.440894], [143.325486, 42.440952], [143.325582, 42.441048], [143.325652, 42.441218], [143.325716, 42.441318], [143.32576, 42.441388], [143.32586, 42.441457], [143.326111, 42.441449], [143.326421, 42.4414], [143.326977, 42.441161], [143.32699, 42.441153], [143.327389, 42.440891], [143.327986, 42.440388], [143.328303, 42.440017], [143.328628, 42.439782], [143.328762, 42.439685], [143.329219, 42.439376], [143.329478, 42.439187], [143.32969, 42.438975], [143.329945, 42.438649], [143.330231, 42.43841], [143.330802, 42.438075], [143.331188, 42.437888], [143.331335, 42.43775], [143.331656, 42.437363], [143.33203, 42.436962], [143.332237, 42.436865], [143.332406, 42.436846], [143.332727, 42.436869], [143.333086, 42.436962], [143.333645, 42.437031], [143.334029, 42.437007], [143.334288, 42.436907], [143.334515, 42.43666], [143.334608, 42.436367], [143.334623, 42.436097], [143.334666, 42.435885], [143.334747, 42.435762], [143.33491, 42.435628], [143.335169, 42.435408], [143.33552, 42.435145], [143.335948, 42.434864], [143.3363, 42.434772], [143.336598, 42.434728], [143.336643, 42.434721], [143.336881, 42.434662], [143.33719, 42.434503], [143.337479, 42.434276], [143.33763, 42.434076], [143.337765, 42.433682], [143.337768, 42.433658], [143.337811, 42.433341], [143.337811, 42.43304], [143.337842, 42.43297], [143.337919, 42.432924], [143.338851, 42.432943], [143.33933, 42.432955], [143.339993, 42.432971], [143.340362, 42.433052], [143.340609, 42.433103], [143.340961, 42.433175], [143.341404, 42.433303], [143.341586, 42.433318], [143.341783, 42.433206], [143.342112, 42.432971], [143.342314, 42.432785], [143.342552, 42.432566], [143.342741, 42.432273], [143.342881, 42.431861], [143.343024, 42.431518], [143.343089, 42.431263], [143.343128, 42.431136], [143.343209, 42.43104], [143.343356, 42.43099], [143.343545, 42.430975], [143.343834, 42.431075], [143.344108, 42.431202], [143.344282, 42.431214], [143.344516, 42.431171], [143.34504, 42.431024], [143.345349, 42.430936], [143.345704, 42.43092], [143.346029, 42.43092], [143.346082, 42.430923], [143.346331, 42.430939], [143.346717, 42.43104], [143.347007, 42.431163], [143.347254, 42.431313], [143.347428, 42.431402], [143.347651, 42.431464], [143.348256, 42.431522], [143.348827, 42.431514], [143.349067, 42.431456], [143.349356, 42.431341], [143.349692, 42.431167], [143.349964, 42.431012], [143.350129, 42.430939], [143.350132, 42.430939], [143.350458, 42.430923], [143.350809, 42.430982], [143.351137, 42.431078], [143.351633, 42.431298], [143.352026, 42.431506], [143.352401, 42.431777], [143.352748, 42.432027], [143.353038, 42.432127], [143.353476, 42.432205], [143.353815, 42.432282], [143.354108, 42.432271], [143.354409, 42.432255], [143.354561, 42.432245], [143.354846, 42.432225], [143.355168, 42.432221], [143.355422, 42.432267], [143.355623, 42.432375], [143.355708, 42.432507], [143.355793, 42.432692], [143.355963, 42.432873], [143.356237, 42.433023]]}, "properties": {"name": "紋別川", "system": "紋別川水系", "river_code": "0100520001"}}, {"type": "Feature", "geometry": {"type": "LineString", "coordinates": [[143.227153, 42.454171], [143.227609, 42.454362], [143.227899, 42.45442], [143.229044, 42.454611], [143.229226, 42.454642], [143.230421, 42.454851], [143.231998, 42.455134], [143.232553, 42.455249], [143.233159, 42.455449], [143.233433, 42.455507], [143.233634, 42.455559], [143.234015, 42.455625], [143.234296, 42.455625], [143.234586, 42.455625], [143.234876, 42.45565], [143.235407, 42.455749], [143.235865, 42.455857], [143.236296, 42.45599], [143.236793, 42.456164], [143.237066, 42.456214], [143.237872, 42.456305], [143.238436, 42.456355], [143.238585, 42.456347], [143.238876, 42.45628], [143.239075, 42.456264], [143.239265, 42.456264], [143.239531, 42.456297], [143.239997, 42.456382], [143.24003, 42.456388], [143.240171, 42.456455], [143.240262, 42.456512], [143.240428, 42.456587], [143.24071, 42.456604], [143.241513, 42.456653], [143.242519, 42.456728], [143.242782, 42.456727], [143.243339, 42.45672], [143.243651, 42.456738], [143.243783, 42.456745], [143.244584, 42.456794], [143.245164, 42.456794], [143.245789, 42.456777], [143.246013, 42.456794], [143.246193, 42.456844], [143.246451, 42.456944], [143.246818, 42.456982], [143.247084, 42.457044], [143.247528, 42.457233], [143.247721, 42.457321], [143.248246, 42.457387], [143.250121, 42.45755], [143.250534, 42.457558], [143.250696, 42.457507], [143.250873, 42.457404], [143.250981, 42.457334], [143.251101, 42.457315], [143.25124, 42.457342], [143.25141, 42.457446], [143.251518, 42.457539], [143.251664, 42.457577], [143.251814, 42.457589], [143.251949, 42.457569], [143.252219, 42.457492], [143.252454, 42.457465], [143.252806, 42.457458], [143.25306, 42.457473], [143.253257, 42.457461], [143.253454, 42.457415], [143.254213, 42.457373], [143.255089, 42.45735], [143.255901, 42.457377], [143.25653, 42.457454], [143.256887, 42.457544], [143.257078, 42.457593], [143.257375, 42.457647], [143.257822, 42.457682], [143.258459, 42.457659], [143.259115, 42.457632], [143.259728, 42.457555], [143.260333, 42.457458], [143.26063, 42.457462], [143.261043, 42.457462], [143.261494, 42.457478], [143.26183, 42.457535], [143.26217, 42.457609], [143.262488, 42.457651], [143.262908, 42.457663], [143.263198, 42.457655], [143.263449, 42.45764], [143.263682, 42.457601], [143.263964, 42.457504], [143.26428, 42.457431], [143.264531, 42.457393], [143.264801, 42.457362], [143.265213, 42.45735], [143.265584, 42.457408], [143.265935, 42.457481], [143.266271, 42.457497], [143.266695, 42.457431], [143.26722, 42.457208], [143.267558, 42.457092], [143.26773, 42.457057], [143.267805, 42.457042], [143.268118, 42.457034], [143.268465, 42.457061], [143.268691, 42.457119], [143.268976, 42.457215], [143.269389, 42.457374], [143.269586, 42.457462], [143.269872, 42.457466], [143.270258, 42.457435], [143.270648, 42.457389], [143.270926, 42.457343], [143.271308, 42.457285], [143.271559, 42.457274], [143.271796, 42.457235], [143.272085, 42.45715], [143.272564, 42.457088], [143.273473, 42.45698], [143.273782, 42.456957], [143.274006, 42.457038], [143.274499, 42.457089], [143.274731, 42.457019], [143.275679, 42.456694], [143.276049, 42.456548], [143.276289, 42.456363], [143.276381, 42.456193], [143.276425, 42.45607], [143.276699, 42.45592], [143.277707, 42.455392], [143.277857, 42.455299], [143.278588, 42.454846], [143.278716, 42.454792], [143.278943, 42.454746], [143.279136, 42.454677], [143.279272, 42.454596], [143.279364, 42.454461], [143.279464, 42.454334], [143.27958, 42.454222], [143.279696, 42.454149], [143.280192, 42.453866], [143.280984, 42.453441], [143.281316, 42.453256], [143.28169, 42.453079], [143.281904, 42.452985], [143.282258, 42.452889], [143.282842, 42.452715], [143.283216, 42.452556], [143.283464, 42.452432], [143.283831, 42.452204], [143.284368, 42.451854], [143.284684, 42.451641], [143.284886, 42.451498], [143.285233, 42.451224], [143.285388, 42.451116], [143.285513, 42.451038], [143.28564, 42.450988], [143.28586, 42.450953], [143.286006, 42.45093], [143.286114, 42.450857], [143.286149, 42.450737], [143.286165, 42.450478], [143.286204, 42.45035], [143.286262, 42.450216], [143.286399, 42.450067], [143.286412, 42.450054], [143.28654, 42.449942], [143.286671, 42.449853], [143.286809, 42.449799], [143.287154, 42.449694], [143.287494, 42.44957], [143.287779, 42.449424], [143.288263, 42.449195], [143.288664, 42.449061], [143.289047, 42.448972], [143.289445, 42.448918], [143.28968, 42.448883], [143.290362, 42.448847], [143.290767, 42.44887], [143.291366, 42.448882], [143.291844, 42.448944], [143.292257, 42.449013], [143.292728, 42.448975], [143.292899, 42.448952], [143.293216, 42.448844], [143.29371, 42.448624], [143.294177, 42.448435], [143.294393, 42.448339], [143.294808, 42.448191], [143.295263, 42.448025], [143.295809, 42.447778], [143.296056, 42.447527], [143.296291, 42.447311], [143.29645, 42.447217], [143.296511, 42.44718], [143.296751, 42.447087], [143.296978, 42.446964], [143.297141, 42.44677], [143.297373, 42.446434], [143.29752, 42.44626], [143.297686, 42.446059], [143.297894, 42.445994], [143.298049, 42.445948], [143.298374, 42.445768], [143.298644, 42.445591], [143.298771, 42.445467], [143.298875, 42.44541]]}, "properties": {"name": "紋別川", "system": "紋別川水系", "river_code": "0100520001"}}, {"type": "Feature", "geometry": {"type": "LineString", "coordinates": [[143.216128, 42.451078], [143.216215, 42.451119], [143.216716, 42.451345], [143.217037, 42.45151], [143.217258, 42.451574], [143.217445, 42.451597], [143.217619, 42.451597], [143.21773, 42.451585], [143.217811, 42.45158], [143.217904, 42.451533], [143.217998, 42.451457], [143.218396, 42.451189], [143.218692, 42.450927], [143.218809, 42.450811], [143.218937, 42.450735], [143.219007, 42.450707], [143.219198, 42.450689], [143.219309, 42.450683], [143.219407, 42.450687], [143.219468, 42.450689], [143.219626, 42.450718], [143.220132, 42.450857], [143.220685, 42.451014], [143.220902, 42.451108], [143.221193, 42.451247], [143.222008, 42.451684], [143.22273, 42.452022], [143.223698, 42.452564], [143.224, 42.452698], [143.224753, 42.453007], [143.224998, 42.453141], [143.225178, 42.453287], [143.225446, 42.453484], [143.225754, 42.45363], [143.22615, 42.453749], [143.226639, 42.453972], [143.227153, 42.454171]]}, "properties": {"name": "紋別川", "system": "紋別川水系", "river_code": "0100520001"}}, {"type": "Feature", "geometry": {"type": "LineString", "coordinates": [[143.209548, 42.449953], [143.210142, 42.450069], [143.211093, 42.450198], [143.211483, 42.450279], [143.21209, 42.450449], [143.212305, 42.45053], [143.212462, 42.45064], [143.212707, 42.450821], [143.212941, 42.451067], [143.213185, 42.451294], [143.213284, 42.451357], [143.21336, 42.451375], [143.21347, 42.451375], [143.213587, 42.451369], [143.213726, 42.45134], [143.214011, 42.451276], [143.214886, 42.451014], [143.215108, 42.450979], [143.215428, 42.450956], [143.215732, 42.450973], [143.215948, 42.45102], [143.216128, 42.451078]]}, "properties": {"name": "紋別川", "system": "紋別川水系", "river_code": "0100520001"}}, {"type": "Feature", "geometry": {"type": "LineString", "coordinates": [[143.159062, 42.511938], [143.159668, 42.512202], [143.160041, 42.512301], [143.16073, 42.512485], [143.162063, 42.512884], [143.162487, 42.513043], [143.162656, 42.513155], [143.162909, 42.513369], [143.16337, 42.513976], [143.163646, 42.514207], [143.163811, 42.514332], [143.164064, 42.51445], [143.164818, 42.514551], [143.165212, 42.514636], [143.165623, 42.514737], [143.165882, 42.514844], [143.166205, 42.515053], [143.166959, 42.515643], [143.167359, 42.51595], [143.167984, 42.516726], [143.168361, 42.517266], [143.168468, 42.517384], [143.168538, 42.517457], [143.168603, 42.517525], [143.168805, 42.517643], [143.170272, 42.518082], [143.171099, 42.518262], [143.171532, 42.518352], [143.171949, 42.518532], [143.172478, 42.518819], [143.173624, 42.51979], [143.174483, 42.52052], [143.175365, 42.5213], [143.175741, 42.521616], [143.176188, 42.521901], [143.176597, 42.522122], [143.177206, 42.522326], [143.177484, 42.522409], [143.177972, 42.522555], [143.178343, 42.522724], [143.178739, 42.523013], [143.178863, 42.523152], [143.178986, 42.523373], [143.179077, 42.523598], [143.179103, 42.5238], [143.179084, 42.524018], [143.179065, 42.524212], [143.179088, 42.52438], [143.179396, 42.525174], [143.179741, 42.525841], [143.180102, 42.526353], [143.180248, 42.526521], [143.18041, 42.526665], [143.18133, 42.527175], [143.182009, 42.527672], [143.182171, 42.527852], [143.182291, 42.52802], [143.182429, 42.528343], [143.18252, 42.528528], [143.182693, 42.528697], [143.183289, 42.529008], [143.183654, 42.529315]]}, "properties": {"name": "ヌビナイ川", "system": "歴舟川水系", "river_code": "0100510005"}}, {"type": "Feature", "geometry": {"type": "LineString", "coordinates": [[143.140214, 42.496194], [143.140773, 42.496462], [143.141178, 42.496564], [143.14149, 42.496614], [143.141903, 42.496685], [143.142145, 42.496795], [143.142326, 42.496906], [143.142488, 42.497037], [143.14277, 42.497319], [143.142961, 42.497642], [143.142964, 42.497664], [143.142993, 42.497865], [143.142962, 42.497997], [143.142922, 42.498037], [143.142851, 42.498047], [143.142741, 42.498017], [143.142549, 42.497946], [143.142216, 42.497946], [143.142025, 42.497976], [143.141904, 42.498017], [143.141824, 42.498117], [143.141773, 42.498268], [143.141743, 42.49843], [143.141693, 42.498621], [143.141561, 42.498752], [143.141451, 42.498863], [143.14141, 42.499084], [143.141461, 42.499359], [143.141561, 42.49953], [143.141753, 42.499902], [143.141974, 42.500225], [143.142308, 42.500599], [143.14257, 42.500982], [143.142781, 42.501385], [143.142963, 42.50178], [143.143165, 42.502042], [143.143286, 42.502153], [143.143427, 42.502254], [143.143628, 42.502334], [143.143739, 42.502344], [143.144001, 42.502344], [143.144183, 42.502304], [143.144324, 42.502254], [143.144717, 42.502082], [143.145233, 42.50185], [143.145445, 42.50183], [143.145667, 42.5018], [143.146463, 42.501669], [143.146866, 42.501568], [143.146887, 42.501562], [143.147272, 42.501447], [143.147403, 42.501376], [143.147484, 42.501276], [143.147544, 42.501155], [143.147856, 42.500652], [143.148048, 42.50037], [143.148251, 42.500106], [143.148402, 42.499995], [143.148583, 42.499885], [143.148694, 42.499814], [143.148815, 42.499754], [143.149087, 42.499673], [143.149339, 42.499633], [143.149571, 42.499603], [143.149833, 42.499593], [143.150308, 42.499633], [143.150611, 42.499683], [143.150863, 42.499754], [143.151034, 42.499864], [143.151296, 42.500076], [143.151376, 42.500156], [143.151669, 42.50061], [143.151841, 42.500783], [143.152083, 42.501004], [143.152224, 42.501155], [143.152315, 42.501286], [143.152386, 42.501427], [143.152407, 42.501611], [143.152417, 42.502014], [143.152447, 42.502235], [143.152487, 42.502295], [143.152598, 42.502465], [143.152613, 42.502528], [143.152622, 42.502572], [143.152499, 42.502969], [143.152375, 42.503537], [143.152294, 42.503703], [143.15221, 42.503793], [143.152075, 42.503861], [143.151343, 42.504029], [143.151146, 42.504108], [143.150966, 42.504198], [143.150814, 42.504316], [143.150679, 42.504485], [143.150561, 42.504653], [143.15033, 42.505353], [143.150228, 42.505859], [143.1502, 42.506157], [143.150217, 42.506599], [143.150149, 42.507183], [143.150082, 42.507363], [143.149941, 42.507565], [143.149896, 42.50765], [143.149891, 42.507762], [143.149902, 42.508665], [143.15011, 42.509752], [143.150188, 42.509986], [143.150211, 42.510056], [143.150312, 42.510287], [143.150633, 42.510607], [143.151068, 42.511014], [143.151248, 42.511132], [143.151608, 42.511272], [143.151928, 42.511385], [143.15221, 42.511441], [143.152812, 42.511497], [143.153172, 42.511582], [143.15345, 42.511701], [143.153951, 42.511994], [143.154154, 42.512089], [143.154407, 42.512134], [143.154885, 42.51214], [143.155645, 42.512117], [143.157158, 42.511898], [143.157985, 42.511724], [143.158249, 42.511701], [143.158469, 42.511724], [143.158789, 42.511819], [143.159062, 42.511938]]}, "properties": {"name": "ヌビナイ川", "system": "歴舟川水系", "river_code": "0100510005"}}, {"type": "Feature", "geometry": {"type": "LineString", "coordinates": [[143.197052, 42.471957], [143.197752, 42.472117], [143.198292, 42.472321], [143.199079, 42.472759], [143.19994, 42.473568], [143.200268, 42.473837], [143.201262, 42.474365], [143.202064, 42.474788], [143.202947, 42.475175], [143.203545, 42.475539], [143.204121, 42.475852], [143.205298, 42.476343], [143.206246, 42.47662], [143.206844, 42.476766], [143.207472, 42.477204], [143.20796, 42.477524], [143.208779, 42.478344], [143.20937, 42.479058], [143.209822, 42.47951], [143.210706, 42.480111], [143.211107, 42.480351], [143.211669, 42.480716], [143.211968, 42.481087], [143.212325, 42.481634], [143.212439, 42.481848], [143.212689, 42.482174], [143.212963, 42.482467], [143.213198, 42.482686], [143.213282, 42.482855], [143.213396, 42.483001], [143.213586, 42.483153], [143.213753, 42.483243], [143.213965, 42.483327], [143.214109, 42.483367], [143.214428, 42.483429], [143.214633, 42.48349], [143.214755, 42.483541], [143.21496, 42.48367], [143.215241, 42.483907], [143.21534, 42.483974], [143.215461, 42.484008], [143.215643, 42.484014], [143.21578, 42.484048], [143.215916, 42.484149], [143.216175, 42.48438], [143.216289, 42.484453], [143.21641, 42.484486], [143.216653, 42.48461], [143.216987, 42.48474], [143.217488, 42.485021], [143.217686, 42.485094], [143.217739, 42.485105], [143.217891, 42.485162], [143.218058, 42.485207], [143.218088, 42.485207], [143.218149, 42.485224], [143.218369, 42.485269], [143.218521, 42.485342], [143.218567, 42.485398], [143.218612, 42.485522], [143.218673, 42.485584], [143.218916, 42.485719], [143.21922, 42.48582], [143.219516, 42.485893], [143.219789, 42.486017], [143.219994, 42.486141], [143.220093, 42.486174]]}, "properties": {"name": "振別川", "system": "歴舟川水系", "river_code": "0100510002"}}, {"type": "Feature", "geometry": {"type": "LineString", "coordinates": [[143.220093, 42.486174], [143.220245, 42.486174], [143.220321, 42.486157], [143.220419, 42.486163], [143.220548, 42.486197], [143.220936, 42.486337], [143.22108, 42.48636], [143.22117, 42.486353], [143.221232, 42.486349], [143.221376, 42.486287], [143.221452, 42.486236], [143.221528, 42.486202], [143.221611, 42.486208], [143.221748, 42.486298], [143.221854, 42.486433], [143.221938, 42.486501], [143.222074, 42.486557], [143.222188, 42.486591], [143.222318, 42.486647], [143.222553, 42.486799], [143.222705, 42.48685], [143.223054, 42.486844], [143.22329, 42.486816], [143.223609, 42.48672], [143.223851, 42.48672], [143.223943, 42.486749], [143.22417, 42.486866], [143.22433, 42.486912], [143.224846, 42.486912], [143.225249, 42.486884], [143.225681, 42.486884], [143.225773, 42.486912], [143.226228, 42.487199], [143.226403, 42.487277], [143.227033, 42.48744], [143.227094, 42.487497], [143.227162, 42.487587], [143.227268, 42.487649], [143.227329, 42.487666], [143.22761, 42.487688], [143.227777, 42.487727], [143.227952, 42.487812], [143.228058, 42.487902], [143.228248, 42.488127], [143.228377, 42.488256], [143.228506, 42.488352], [143.228703, 42.488419], [143.229015, 42.488476], [143.229212, 42.488476], [143.229326, 42.488442], [143.229455, 42.488375], [143.229676, 42.488172], [143.229759, 42.488133], [143.229911, 42.488133], [143.230101, 42.488172], [143.230351, 42.488172], [143.230458, 42.488144], [143.230632, 42.488071], [143.230875, 42.488071], [143.230963, 42.488088], [143.231019, 42.488099], [143.231133, 42.488161], [143.231308, 42.488335], [143.231551, 42.4886], [143.231688, 42.488701], [143.231862, 42.488791], [143.232128, 42.488892], [143.232409, 42.488971], [143.233206, 42.489123], [143.23354, 42.489151], [143.233799, 42.489207], [143.233973, 42.489258], [143.234377, 42.48932], [143.234776, 42.489319], [143.235636, 42.489213], [143.236084, 42.489213], [143.236426, 42.489247], [143.236714, 42.489325], [143.237102, 42.489505], [143.237428, 42.48968], [143.237565, 42.48973], [143.237686, 42.489759], [143.238043, 42.489804], [143.238316, 42.489871], [143.238696, 42.489927], [143.239106, 42.489961], [143.23966, 42.489961], [143.240192, 42.489922], [143.24023, 42.489911], [143.240458, 42.489894], [143.24083, 42.489899], [143.24102, 42.489922], [143.241368, 42.489998], [143.241407, 42.490006], [143.241923, 42.490141], [143.242736, 42.490327], [143.243116, 42.490406], [143.243328, 42.490389], [143.243958, 42.490271], [143.244482, 42.490147], [143.245113, 42.489945], [143.2455, 42.489838], [143.245879, 42.489765], [143.246191, 42.489734], [143.248339, 42.48946], [143.248355, 42.489466], [143.248484, 42.489443], [143.249388, 42.489359], [143.249957, 42.489331], [143.25203, 42.489319], [143.252637, 42.489286], [143.253267, 42.489218], [143.254004, 42.489111], [143.25427, 42.489066], [143.254331, 42.489066], [143.25452, 42.489038], [143.255432, 42.488858], [143.255712, 42.488791], [143.257049, 42.488315], [143.257231, 42.488251], [143.25815, 42.487947], [143.258719, 42.487806], [143.25919, 42.487733], [143.259577, 42.487699], [143.260223, 42.487671], [143.260883, 42.487655], [143.262235, 42.487643], [143.262387, 42.487632], [143.263351, 42.487621], [143.264247, 42.487593], [143.264718, 42.487564], [143.265264, 42.487508], [143.265576, 42.487458], [143.265993, 42.487362], [143.266419, 42.487244], [143.266882, 42.487097], [143.267603, 42.486822], [143.267816, 42.486735], [143.268977, 42.486259], [143.269114, 42.486197], [143.269175, 42.486175], [143.269448, 42.486057], [143.269494, 42.486051], [143.270496, 42.48568], [143.271817, 42.48519], [143.271886, 42.485179], [143.272128, 42.485168], [143.272888, 42.484977], [143.273176, 42.484937], [143.273533, 42.484909], [143.274194, 42.48487], [143.274733, 42.48492], [143.274809, 42.48492], [143.275014, 42.484937], [143.275295, 42.484965], [143.275484, 42.48496], [143.275811, 42.484954], [143.276282, 42.484937], [143.276449, 42.48492], [143.276707, 42.484864], [143.277033, 42.484746], [143.277649, 42.484454], [143.278162, 42.484158], [143.278469, 42.483981], [143.27878, 42.483818], [143.278985, 42.483739], [143.279099, 42.483711], [143.279349, 42.48361], [143.279547, 42.483559], [143.279896, 42.483463], [143.280557, 42.483278], [143.280701, 42.483227], [143.281802, 42.482963], [143.282151, 42.482845], [143.283169, 42.482631], [143.283374, 42.482603], [143.283913, 42.482513], [143.284915, 42.482355], [143.284983, 42.482338], [143.285014, 42.482333], [143.285409, 42.482305], [143.285447, 42.482293], [143.286266, 42.482192], [143.287261, 42.482119], [143.287664, 42.482074], [143.288393, 42.482063], [143.288814, 42.482075], [143.288955, 42.48208], [143.289099, 42.482063], [143.294627, 42.482114], [143.294968, 42.482131], [143.295113, 42.482153], [143.295766, 42.482249], [143.296092, 42.482311], [143.296669, 42.482496], [143.296813, 42.482553], [143.297542, 42.4828], [143.298704, 42.483239], [143.299546, 42.483559], [143.299547, 42.48356], [143.299706, 42.483627], [143.299866, 42.483689], [143.300086, 42.4837], [143.30023, 42.483678], [143.300238, 42.483667], [143.300359, 42.483639], [143.30045, 42.483599], [143.300708, 42.483464], [143.301156, 42.483144], [143.301316, 42.483087], [143.301566, 42.483031], [143.301749, 42.482969], [143.30184, 42.482907], [143.30187, 42.482896], [143.30206, 42.482682], [143.302227, 42.482418], [143.302394, 42.482092], [143.302629, 42.481855], [143.302819, 42.481625], [143.302979, 42.481479], [143.303131, 42.48136], [143.303412, 42.48118], [143.303639, 42.481085], [143.303807, 42.48104], [143.30408, 42.48095], [143.30427, 42.480865], [143.304467, 42.480736], [143.304801, 42.480522], [143.305044, 42.480376], [143.305363, 42.480128], [143.305553, 42.479869], [143.305629, 42.479802], [143.305773, 42.479706], [143.306176, 42.479543], [143.306791, 42.479267], [143.306996, 42.479194], [143.307421, 42.47907], [143.307839, 42.478969], [143.308173, 42.478908], [143.308311, 42.478898], [143.309745, 42.478801], [143.310853, 42.47875], [143.311043, 42.478727], [143.311559, 42.478559], [143.311901, 42.478469], [143.313139, 42.478328], [143.313921, 42.478266], [143.314126, 42.47825], [143.314353, 42.478182], [143.314505, 42.478109], [143.315083, 42.477737], [143.31512, 42.477692], [143.315424, 42.477439], [143.316259, 42.477012], [143.316495, 42.47686], [143.31654, 42.476815], [143.317049, 42.476415], [143.317353, 42.476224], [143.317619, 42.4761], [143.318006, 42.475971], [143.318345, 42.475891], [143.318628, 42.475825], [143.319281, 42.475712], [143.319431, 42.47571], [143.32168, 42.476305]]}, "properties": {"name": "振別川", "system": "歴舟川水系", "river_code": "0100510002"}}, {"type": "Feature", "geometry": {"type": "LineString", "coordinates": [[142.994014, 42.395457], [142.994059, 42.39557], [142.994151, 42.395722], [142.994309, 42.395919], [142.994552, 42.396127], [142.994628, 42.396205], [142.99503, 42.396656], [142.995174, 42.396774], [142.995432, 42.39692], [142.995857, 42.397275], [142.995925, 42.397387], [142.996008, 42.39755], [142.996076, 42.397646], [142.996182, 42.397725], [142.996221, 42.397758], [142.996265, 42.397782], [142.996349, 42.397822], [142.996615, 42.397929], [142.99688, 42.398025], [142.997404, 42.398104], [142.997662, 42.39821], [142.997715, 42.398216]]}, "properties": {"name": "クマの沢川", "system": "歴舟川水系", "river_code": "0100510000"}}, {"type": "Feature", "geometry": {"type": "LineString", "coordinates": [[143.430555, 42.520205], [143.431429, 42.51809], [143.432319, 42.515947], [143.432372, 42.515835], [143.432403, 42.515733], [143.432912, 42.514507], [143.433158, 42.513911], [143.433657, 42.512701], [143.433726, 42.512538], [143.433764, 42.512448], [143.43387, 42.51237], [143.433954, 42.512341], [143.434075, 42.512336], [143.434417, 42.512437], [143.434737, 42.512505], [143.434973, 42.512538], [143.435064, 42.512561], [143.435451, 42.512606], [143.435665, 42.5126], [143.435984, 42.512561], [143.436425, 42.512471], [143.436683, 42.512409], [143.436919, 42.512313], [143.437778, 42.511914], [143.437991, 42.511852], [143.438094, 42.511833], [143.438269, 42.511801]]}, "properties": {"name": null, "system": "当縁川水系", "river_code": "0100500000"}}, {"type": "Feature", "geometry": {"type": "LineString", "coordinates": [[143.430555, 42.520205], [143.4309, 42.519901], [143.431236, 42.519709], [143.431753, 42.519649], [143.432306, 42.519697], [143.432927, 42.519832], [143.433938, 42.520037], [143.433961, 42.520043], [143.434067, 42.520048], [143.434121, 42.520031], [143.434204, 42.520026], [143.434225, 42.520034], [143.434233, 42.520053], [143.434227, 42.52011], [143.434197, 42.520189], [143.434188, 42.520244], [143.434197, 42.520324], [143.434242, 42.520397], [143.434379, 42.520526], [143.434516, 42.520622], [143.434653, 42.520717], [143.434676, 42.520869], [143.434714, 42.520943], [143.434775, 42.520988], [143.434806, 42.520998], [143.434995, 42.52101], [143.435007, 42.521024], [143.435, 42.521195], [143.43501, 42.521224], [143.435063, 42.521275], [143.435147, 42.521308], [143.435218, 42.52132], [143.435421, 42.521314], [143.435725, 42.521303], [143.4359, 42.521275], [143.436035, 42.521222], [143.436115, 42.521167], [143.436325, 42.520993], [143.436424, 42.520943], [143.436759, 42.520881], [143.437108, 42.520892], [143.437367, 42.520932], [143.437511, 42.520977], [143.437588, 42.521016], [143.437663, 42.521095], [143.437709, 42.521196], [143.437719, 42.52131], [143.437709, 42.521415], [143.437663, 42.521533], [143.437527, 42.521781], [143.437466, 42.521927], [143.437457, 42.522051], [143.437466, 42.522186], [143.437496, 42.522394], [143.437565, 42.522546], [143.437853, 42.522934]]}, "properties": {"name": "サカ川", "system": "当縁川水系", "river_code": "0100500000"}}, {"type": "Feature", "geometry": {"type": "LineString", "coordinates": [[143.094199, 42.520823], [143.094313, 42.520738], [143.094381, 42.520671], [143.094427, 42.520643], [143.094473, 42.520631], [143.094503, 42.520659], [143.09451, 42.520901], [143.094526, 42.520963], [143.094601, 42.521031], [143.094716, 42.521076], [143.094784, 42.521082], [143.095172, 42.521048], [143.095324, 42.521014], [143.095385, 42.52098], [143.095438, 42.520919], [143.095446, 42.520868], [143.095461, 42.520739], [143.095476, 42.520525], [143.095506, 42.520395], [143.095583, 42.520322], [143.095887, 42.520198], [143.09594, 42.520159], [143.095986, 42.520097], [143.096039, 42.519939], [143.096092, 42.519838], [143.096252, 42.519748], [143.09648, 42.519664], [143.096579, 42.519602], [143.096723, 42.519472], [143.096837, 42.519275], [143.096982, 42.519146], [143.097233, 42.519], [143.097484, 42.518915], [143.097659, 42.518876], [143.097818, 42.518887], [143.097978, 42.518966], [143.098138, 42.519084], [143.098267, 42.519242], [143.098267, 42.519377], [143.098198, 42.519444], [143.09813, 42.519489], [143.097834, 42.519568], [143.097689, 42.51963], [143.097628, 42.519697], [143.097628, 42.51981], [143.097666, 42.519872], [143.097712, 42.519906], [143.097833, 42.519968], [143.09794, 42.519979], [143.098008, 42.520046], [143.098016, 42.52008], [143.098001, 42.520114], [143.097902, 42.520249], [143.097795, 42.520407], [143.097795, 42.52057], [143.097841, 42.520643], [143.098107, 42.52089], [143.098198, 42.52102], [143.098274, 42.521059], [143.098419, 42.521076], [143.098609, 42.521138], [143.098784, 42.521138], [143.099027, 42.521087], [143.099293, 42.521093], [143.099408, 42.521138], [143.099598, 42.521245], [143.099757, 42.521397], [143.099826, 42.521492], [143.099871, 42.521554], [143.100122, 42.521802], [143.100183, 42.52183], [143.100304, 42.52183], [143.100396, 42.521802], [143.100502, 42.521796], [143.100616, 42.521813], [143.100746, 42.521903], [143.100844, 42.522039], [143.100875, 42.522129], [143.10089, 42.522303], [143.100875, 42.522365], [143.100867, 42.522477], [143.100883, 42.522522], [143.100959, 42.522595], [143.101035, 42.522652], [143.10127, 42.522736], [143.101476, 42.52286], [143.101628, 42.523045], [143.101666, 42.523057], [143.101803, 42.523051], [143.101916, 42.523017], [143.101977, 42.522984], [143.102175, 42.522809], [143.102274, 42.522804], [143.102365, 42.522832], [143.102887, 42.523052], [143.102965, 42.523085]]}, "properties": {"name": "西コウエイ川", "system": "歴舟川水系", "river_code": "0100510000"}}, {"type": "Feature", "geometry": {"type": "LineString", "coordinates": [[142.967524, 42.401694], [142.970646, 42.401671], [142.97371, 42.401637], [142.97601, 42.401621], [142.976525, 42.401588], [142.976911, 42.40146], [142.977426, 42.401363], [142.978487, 42.401251], [142.97979, 42.401219], [142.98045, 42.401154], [142.981093, 42.400961], [142.982188, 42.400436], [142.982839, 42.400195], [142.983362, 42.399969], [142.983702, 42.399644], [142.983815, 42.399361], [142.983843, 42.398866], [142.98397, 42.398357], [142.984352, 42.397777], [142.984522, 42.397381], [142.984663, 42.396886], [142.984776, 42.396236], [142.984989, 42.395755], [142.985178, 42.395687], [142.985489, 42.395614], [142.985709, 42.395552], [142.985762, 42.395519], [142.985853, 42.395434], [142.986088, 42.39517], [142.986225, 42.395069], [142.986437, 42.394962], [142.986581, 42.394911], [142.986733, 42.394883], [142.98712, 42.394889], [142.987347, 42.394922], [142.987529, 42.39499], [142.987726, 42.395091], [142.987848, 42.395181], [142.988022, 42.395265], [142.988159, 42.395271], [142.98825, 42.39522], [142.988424, 42.395097], [142.988675, 42.394973], [142.988834, 42.394945], [142.989304, 42.394945], [142.989448, 42.394934], [142.98966, 42.394928], [142.989751, 42.394939], [142.989896, 42.394967], [142.990093, 42.395029], [142.990343, 42.395091], [142.990495, 42.395153], [142.990669, 42.39526], [142.991079, 42.395418], [142.991276, 42.395418], [142.991466, 42.395395], [142.991693, 42.395333], [142.991996, 42.395322], [142.992292, 42.395255], [142.992459, 42.395255], [142.992618, 42.395288], [142.992891, 42.395316], [142.993036, 42.39535], [142.993233, 42.395378], [142.993445, 42.395407], [142.99387, 42.395423], [142.994014, 42.395457]]}, "properties": {"name": "クマの沢川", "system": "歴舟川水系", "river_code": "0100510000"}}, {"type": "Feature", "geometry": {"type": "LineString", "coordinates": [[143.120715, 42.576319], [143.122452, 42.576126], [143.123417, 42.576007], [143.124902, 42.575844], [143.126446, 42.575369], [143.127159, 42.575191], [143.128555, 42.574894], [143.130381, 42.574493], [143.131821, 42.574404], [143.133909, 42.574403], [143.135498, 42.57421], [143.13679, 42.573973], [143.137532, 42.573899], [143.138141, 42.573825], [143.139314, 42.573765], [143.140294, 42.573795], [143.141601, 42.573899], [143.142699, 42.574018], [143.143145, 42.574018], [143.144403, 42.574017], [143.145784, 42.57375], [143.147506, 42.573246], [143.149243, 42.572712], [143.150862, 42.572266], [143.152391, 42.572088], [143.154024, 42.572133], [143.15548, 42.572222], [143.157016, 42.572399], [143.158174, 42.572384], [143.159852, 42.57228], [143.161055, 42.572028], [143.162287, 42.571627], [143.164285, 42.570792], [143.164968, 42.570629], [143.166899, 42.570495], [143.168428, 42.570332], [143.169319, 42.570006], [143.170908, 42.569353], [143.172214, 42.568996], [143.173031, 42.568893], [143.174041, 42.568685], [143.175133, 42.56822], [143.176677, 42.567671], [143.17782, 42.567552], [143.180315, 42.567463], [143.181488, 42.567241], [143.182364, 42.567092], [143.183581, 42.566959], [143.184903, 42.566884], [143.186427, 42.566778], [143.187882, 42.566718], [143.189099, 42.566837], [143.190733, 42.567163], [143.192678, 42.567401], [143.193751, 42.56743], [143.195102, 42.56737], [143.196587, 42.567162], [143.197478, 42.56694], [143.199794, 42.566717], [143.200967, 42.566391], [143.202947, 42.565617], [143.204387, 42.565335], [143.206912, 42.564712], [143.207461, 42.56446], [143.208594, 42.563982], [143.209945, 42.563878], [143.210391, 42.563774], [143.210984, 42.563388], [143.211757, 42.562958], [143.212766, 42.562602], [143.214419, 42.562184], [143.215161, 42.561842], [143.216097, 42.56156], [143.217151, 42.561427], [143.218487, 42.561516], [143.219768, 42.561486], [143.220971, 42.5611], [143.221832, 42.56061], [143.22253, 42.560061], [143.223945, 42.559464], [143.225697, 42.558811], [143.226988, 42.558499], [143.228566, 42.558231], [143.230081, 42.558202], [143.231952, 42.557994], [143.233876, 42.558041]]}, "properties": {"name": null, "system": "当縁川水系", "river_code": "0100500000"}}, {"type": "Feature", "geometry": {"type": "LineString", "coordinates": [[142.919851, 42.478559], [142.919919, 42.478548], [142.920215, 42.478441], [142.920549, 42.47843], [142.920625, 42.478401], [142.920784, 42.478334], [142.920876, 42.478311], [142.921043, 42.478306], [142.921286, 42.478255], [142.921544, 42.478171], [142.921924, 42.478165], [142.922038, 42.478137], [142.922098, 42.478103], [142.922167, 42.478024], [142.922228, 42.477867], [142.922334, 42.477743], [142.922349, 42.477619], [142.922433, 42.477434], [142.92244, 42.477237], [142.922531, 42.477034], [142.922539, 42.476849], [142.922607, 42.476719], [142.922645, 42.476545], [142.922668, 42.476472], [142.922729, 42.476398], [142.92285, 42.476353], [142.922896, 42.476325], [142.922926, 42.476258], [142.922934, 42.476173], [142.922813, 42.476004], [142.922805, 42.475864], [142.922729, 42.475734], [142.922729, 42.47552], [142.922653, 42.475352], [142.922661, 42.475267], [142.922729, 42.475194], [142.922904, 42.47511], [142.923018, 42.475014], [142.923101, 42.474873], [142.923192, 42.474772], [142.923283, 42.474659], [142.923306, 42.474586], [142.923329, 42.474378], [142.923382, 42.474238], [142.92339, 42.474041], [142.923473, 42.473877], [142.923564, 42.47381], [142.923656, 42.473782], [142.923876, 42.47377], [142.924195, 42.473765], [142.924324, 42.473815], [142.924536, 42.473866], [142.924673, 42.473866], [142.924734, 42.473849], [142.925144, 42.473827], [142.925235, 42.473787], [142.925448, 42.473624], [142.925622, 42.473523], [142.925881, 42.473444], [142.92604, 42.47341], [142.926177, 42.473405], [142.926205, 42.473399], [142.92626, 42.473388], [142.926488, 42.473337], [142.926686, 42.473337], [142.926761, 42.473354], [142.926936, 42.473439], [142.927209, 42.473506], [142.927399, 42.473602], [142.927559, 42.473641], [142.927673, 42.473647], [142.927787, 42.47363], [142.927992, 42.47354], [142.928212, 42.473495], [142.928303, 42.473467], [142.92844, 42.473388], [142.92863, 42.473292], [142.928782, 42.473174], [142.92888, 42.47314], [142.929108, 42.473056], [142.92926, 42.472949], [142.929533, 42.472859], [142.929807, 42.472859], [142.930073, 42.472859], [142.930247, 42.472814], [142.93046, 42.47273], [142.930627, 42.472724], [142.930771, 42.472668], [142.93087, 42.472572], [142.930916, 42.47251], [142.931014, 42.472437], [142.931227, 42.472437], [142.931356, 42.472375], [142.931455, 42.472313], [142.931629, 42.472246], [142.931781, 42.472127], [142.931873, 42.472088], [142.932055, 42.472077], [142.9321, 42.472065], [142.932252, 42.47201], [142.932457, 42.471982], [142.932579, 42.471931], [142.932723, 42.471897], [142.932822, 42.471824], [142.93289, 42.471756], [142.932989, 42.471683], [142.933126, 42.471621], [142.933156, 42.471599], [142.933657, 42.47143], [142.9339, 42.471272], [142.933946, 42.471261], [142.933961, 42.471244], [142.934097, 42.471188], [142.934303, 42.471132], [142.9345, 42.471109], [142.934606, 42.471059], [142.934682, 42.470991], [142.934766, 42.470884], [142.934826, 42.470834], [142.934933, 42.470755], [142.935024, 42.470609], [142.935244, 42.470367], [142.935343, 42.470277], [142.935464, 42.470147], [142.935632, 42.470012], [142.935639, 42.470007], [142.9357, 42.469939], [142.935745, 42.469855], [142.935768, 42.469736], [142.935783, 42.469556], [142.935882, 42.469309], [142.935897, 42.469129], [142.935981, 42.468842], [142.935981, 42.468724], [142.935882, 42.468589], [142.935874, 42.468499], [142.935844, 42.468414], [142.935859, 42.46829], [142.93595, 42.468082], [142.936034, 42.467986], [142.936163, 42.467913], [142.936284, 42.46788], [142.936482, 42.467863], [142.936566, 42.467834], [142.936801, 42.467654], [142.9369, 42.467559], [142.936953, 42.467474], [142.937105, 42.4673], [142.937166, 42.46721], [142.937219, 42.467041], [142.937264, 42.466962], [142.937363, 42.466861], [142.937462, 42.466737], [142.9375, 42.46663], [142.937515, 42.466422], [142.937636, 42.466192], [142.937644, 42.465983], [142.937743, 42.465758], [142.937773, 42.46564], [142.937815, 42.465449], [142.937821, 42.465425]]}, "properties": {"name": "支六の沢川", "system": "歴舟川水系", "river_code": "0100510000"}}, {"type": "Feature", "geometry": {"type": "LineString", "coordinates": [[142.906766, 42.480736], [142.906941, 42.480629], [142.907206, 42.480444], [142.907282, 42.480359], [142.907404, 42.480264], [142.907723, 42.480151], [142.907913, 42.480112], [142.908406, 42.480123], [142.908619, 42.480106], [142.908695, 42.480084], [142.908862, 42.479999], [142.909037, 42.479825], [142.909303, 42.4796], [142.909629, 42.479374], [142.909819, 42.479273], [142.910206, 42.479132], [142.910464, 42.478975], [142.910631, 42.47889], [142.910745, 42.478862], [142.91092, 42.478801], [142.911026, 42.47875], [142.911307, 42.478553], [142.911687, 42.478384], [142.911801, 42.47839], [142.911892, 42.478435], [142.912044, 42.478474], [142.912446, 42.478502], [142.912598, 42.478497], [142.912879, 42.478463], [142.913335, 42.478446], [142.913472, 42.478412], [142.913563, 42.478379], [142.913813, 42.478221], [142.913897, 42.478137], [142.913912, 42.478047], [142.913889, 42.477951], [142.91392, 42.477692], [142.913965, 42.477591], [142.914056, 42.477484], [142.914133, 42.47745], [142.914322, 42.477428], [142.914467, 42.477394], [142.914671, 42.477394], [142.915173, 42.477546], [142.915423, 42.477546], [142.915461, 42.477535], [142.915613, 42.477524], [142.915674, 42.477507], [142.915978, 42.4775], [142.916236, 42.477495], [142.916358, 42.477479], [142.916517, 42.477428], [142.916654, 42.477377], [142.916775, 42.477366], [142.916897, 42.477377], [142.917003, 42.477417], [142.917276, 42.477501], [142.91739, 42.477574], [142.917489, 42.477715], [142.917641, 42.477833], [142.917785, 42.478058], [142.917838, 42.47812], [142.91799, 42.478244], [142.918339, 42.478525], [142.918529, 42.478643], [142.918575, 42.478654], [142.918916, 42.47866], [142.919038, 42.478632], [142.919243, 42.478621], [142.919334, 42.478604], [142.919554, 42.478531], [142.919653, 42.478531], [142.919851, 42.478559]]}, "properties": {"name": "支六の沢川", "system": "歴舟川水系", "river_code": "0100510000"}}, {"type": "Feature", "geometry": {"type": "LineString", "coordinates": [[142.886554, 42.49667], [142.887523, 42.496847], [142.888861, 42.496929], [142.890786, 42.497065], [142.891823, 42.497052], [142.892178, 42.496929], [142.893475, 42.496929], [142.894144, 42.496861], [142.894512, 42.49667], [142.894858, 42.496465], [142.895909, 42.496151], [142.897028, 42.495823], [142.897997, 42.495469], [142.898175, 42.495387], [142.89898, 42.49525], [142.899581, 42.4951], [142.900236, 42.494896], [142.90102, 42.494485], [142.901348, 42.494198], [142.901757, 42.493871], [142.902604, 42.493612], [142.902918, 42.493489], [142.903109, 42.493052], [142.903327, 42.492602], [142.903382, 42.492234], [142.903436, 42.491893], [142.903546, 42.491838], [142.903698, 42.491765], [142.903728, 42.491742], [142.903918, 42.491652], [142.904199, 42.491455], [142.90432, 42.491393], [142.90454, 42.491298], [142.904783, 42.491134], [142.904897, 42.491072], [142.905345, 42.490893], [142.905565, 42.490848], [142.905755, 42.490769], [142.905846, 42.49069], [142.905907, 42.490499], [142.905915, 42.490442], [142.905884, 42.490381], [142.905808, 42.490319], [142.905558, 42.490189], [142.905216, 42.490009], [142.905087, 42.48997], [142.904966, 42.489902], [142.904913, 42.489852], [142.904844, 42.489689], [142.904852, 42.489587], [142.904874, 42.489508], [142.90489, 42.489334], [142.904928, 42.489216], [142.904996, 42.489131], [142.905057, 42.489086], [142.905262, 42.488979], [142.905383, 42.488873], [142.90549, 42.48871], [142.905513, 42.488625], [142.90552, 42.488529], [142.905558, 42.488411], [142.905566, 42.48809], [142.905596, 42.487989], [142.905642, 42.48791], [142.905771, 42.487798], [142.905847, 42.487759], [142.906074, 42.487708], [142.906135, 42.487663], [142.906151, 42.487612], [142.906151, 42.48746], [142.906242, 42.487353], [142.906287, 42.487235], [142.90631, 42.487128], [142.90634, 42.487038], [142.906401, 42.486909], [142.906431, 42.486667], [142.906469, 42.486554], [142.906508, 42.486487], [142.906614, 42.486374], [142.906713, 42.486217], [142.906751, 42.486059], [142.906918, 42.485806], [142.906918, 42.485632], [142.906849, 42.485446], [142.906751, 42.485305], [142.906621, 42.485221], [142.906553, 42.485192], [142.906462, 42.485136], [142.906433, 42.485094], [142.906424, 42.48508], [142.906424, 42.485007], [142.906568, 42.484805], [142.906659, 42.484653], [142.906758, 42.484579], [142.906956, 42.484478], [142.907009, 42.484439], [142.907092, 42.484354], [142.907168, 42.484242], [142.907297, 42.484095], [142.907366, 42.483932], [142.907366, 42.48373], [142.907404, 42.483578], [142.907396, 42.483488], [142.907358, 42.483364], [142.907343, 42.483212], [142.907244, 42.483065], [142.907085, 42.482919], [142.907009, 42.482767], [142.906918, 42.482537], [142.906918, 42.48239], [142.906903, 42.482289], [142.906849, 42.482115], [142.906857, 42.482036], [142.906888, 42.481963], [142.906888, 42.481879], [142.906819, 42.481738], [142.906796, 42.481637], [142.906819, 42.481496], [142.906925, 42.481282], [142.906948, 42.481186], [142.906948, 42.481068], [142.906789, 42.480792], [142.906766, 42.480736]]}, "properties": {"name": "支六の沢川", "system": "歴舟川水系", "river_code": "0100510000"}}, {"type": "Feature", "geometry": {"type": "LineString", "coordinates": [[142.913436, 42.444448], [142.913656, 42.444549], [142.914089, 42.444673], [142.914249, 42.444763], [142.914537, 42.445005], [142.914605, 42.445112], [142.914666, 42.445349], [142.914651, 42.445523], [142.914681, 42.445641], [142.914681, 42.445838], [142.914605, 42.446001], [142.91456, 42.44612], [142.91456, 42.446362], [142.914643, 42.446502], [142.914787, 42.446682], [142.914826, 42.4468], [142.914833, 42.446885], [142.914863, 42.447031], [142.914909, 42.447132], [142.915023, 42.44729], [142.915091, 42.447352], [142.915334, 42.447515], [142.915554, 42.447751], [142.91563, 42.44796], [142.915668, 42.448117], [142.915737, 42.448269], [142.915835, 42.448399], [142.915896, 42.448455], [142.915964, 42.448545], [142.916207, 42.448787], [142.916321, 42.448989], [142.916473, 42.449203], [142.916564, 42.449282], [142.916694, 42.449333], [142.916728, 42.449333], [142.916883, 42.449333], [142.917043, 42.449288], [142.917316, 42.449164], [142.917536, 42.449107], [142.917658, 42.449091], [142.918288, 42.449074], [142.91844, 42.44904], [142.918767, 42.448922], [142.918994, 42.448882], [142.91926, 42.448882], [142.919549, 42.44895], [142.919754, 42.449006], [142.919891, 42.449029], [142.920453, 42.449046], [142.920597, 42.449068], [142.920886, 42.449091], [142.921197, 42.449068], [142.921402, 42.449051], [142.921668, 42.449074], [142.92188, 42.449124], [142.922039, 42.449192], [142.922199, 42.449271], [142.922396, 42.449327], [142.922639, 42.449423], [142.922723, 42.449473], [142.92286, 42.449648], [142.923057, 42.449732], [142.923224, 42.449727], [142.923338, 42.449715], [142.923543, 42.449715], [142.923741, 42.449738], [142.924029, 42.449817], [142.924158, 42.449839], [142.924576, 42.449839], [142.924758, 42.44989], [142.925183, 42.450064], [142.925259, 42.450075], [142.925503, 42.450143], [142.925768, 42.450177], [142.92592, 42.450199], [142.926095, 42.450278], [142.926361, 42.450413], [142.926641, 42.450526], [142.926755, 42.450559], [142.926991, 42.450588], [142.927128, 42.45061], [142.927194, 42.45061], [142.927401, 42.45061], [142.927454, 42.450588], [142.927507, 42.450554], [142.927545, 42.450492], [142.927568, 42.450329], [142.927613, 42.450256], [142.927781, 42.450138], [142.927993, 42.450048], [142.928099, 42.450019], [142.928259, 42.450003], [142.928411, 42.450008], [142.928669, 42.45007], [142.92892, 42.450093], [142.929497, 42.450104], [142.92952, 42.450121]]}, "properties": {"name": "支七の沢川", "system": "歴舟川水系", "river_code": "0100510000"}}, {"type": "Feature", "geometry": {"type": "LineString", "coordinates": [[142.913094, 42.441894], [142.912965, 42.442051], [142.912654, 42.442299], [142.912578, 42.442377], [142.91254, 42.442451], [142.912532, 42.442648], [142.912426, 42.442822], [142.912426, 42.442957], [142.912464, 42.443075], [142.912517, 42.443188], [142.912525, 42.443284], [142.912555, 42.443396], [142.912684, 42.443554], [142.912813, 42.443689], [142.912942, 42.443936], [142.913056, 42.444088], [142.913201, 42.444223], [142.913292, 42.44433], [142.913436, 42.444448]]}, "properties": {"name": "支七の沢川", "system": "歴舟川水系", "river_code": "0100510000"}}, {"type": "Feature", "geometry": {"type": "LineString", "coordinates": [[142.92952, 42.450121], [142.929732, 42.450245], [142.929952, 42.450312], [142.930066, 42.450397], [142.930104, 42.450447], [142.930173, 42.450594], [142.930211, 42.450734], [142.930309, 42.450886], [142.930355, 42.450982], [142.930355, 42.451263], [142.93034, 42.451342], [142.930332, 42.451505], [142.930393, 42.451769], [142.9304, 42.451888], [142.93037, 42.451966], [142.930279, 42.452068], [142.930249, 42.452141], [142.930271, 42.452299], [142.930286, 42.45249], [142.930286, 42.452597], [142.930249, 42.452698], [142.930218, 42.452844], [142.930218, 42.45303], [142.930249, 42.453154], [142.930241, 42.453272], [142.930112, 42.453469], [142.930006, 42.453671], [142.929892, 42.453789], [142.92977, 42.454009], [142.929709, 42.454093], [142.929656, 42.454167], [142.929573, 42.454352], [142.929459, 42.454538], [142.92936, 42.454662], [142.929269, 42.45478], [142.929269, 42.455044], [142.929269, 42.455185], [142.929139, 42.455405], [142.929132, 42.455444], [142.929132, 42.45554], [142.9292, 42.455714], [142.929223, 42.455916], [142.929306, 42.456091], [142.929337, 42.456434], [142.929375, 42.456614], [142.92936, 42.456794], [142.929398, 42.457059], [142.929405, 42.45725], [142.929352, 42.457363], [142.929344, 42.457475], [142.92939, 42.457543], [142.929542, 42.457712], [142.929603, 42.45788], [142.929755, 42.458178], [142.929762, 42.458302], [142.929731, 42.458439], [142.929724, 42.458471], [142.929731, 42.458629], [142.929792, 42.458758], [142.929868, 42.458854], [142.929937, 42.458989], [142.929982, 42.459158], [142.930028, 42.459248], [142.930111, 42.459338], [142.930142, 42.459388], [142.930149, 42.459456], [142.930005, 42.459625], [142.929982, 42.459692], [142.930005, 42.459737], [142.930073, 42.459788], [142.930203, 42.459855], [142.930354, 42.459962], [142.93043, 42.460086], [142.930514, 42.460199], [142.930567, 42.460289], [142.930567, 42.460424], [142.930446, 42.460609], [142.930256, 42.460845], [142.93018, 42.460986], [142.930164, 42.461127]]}, "properties": {"name": "支七の沢川", "system": "歴舟川水系", "river_code": "0100510000"}}, {"type": "Feature", "geometry": {"type": "LineString", "coordinates": [[142.938215, 42.443003], [142.938162, 42.443138], [142.938139, 42.443222], [142.938109, 42.443307], [142.938109, 42.443459], [142.938223, 42.443774], [142.938208, 42.443931], [142.938193, 42.443982], [142.938193, 42.44428], [142.938086, 42.444562], [142.938071, 42.444747], [142.938033, 42.444837], [142.937942, 42.444961], [142.937714, 42.44518], [142.937501, 42.445316], [142.937266, 42.44553], [142.937038, 42.445659], [142.936841, 42.445738], [142.936788, 42.445772], [142.936658, 42.445934], [142.936499, 42.446047], [142.93637, 42.446092], [142.936188, 42.446115], [142.93577, 42.446154], [142.935603, 42.446199], [142.935117, 42.446452], [142.934942, 42.446576], [142.934722, 42.446812], [142.93438, 42.447082], [142.934221, 42.447251], [142.934069, 42.447476], [142.934046, 42.447538], [142.934046, 42.447802], [142.933924, 42.448078], [142.933833, 42.448168], [142.933552, 42.448292], [142.933469, 42.448354], [142.933294, 42.448484], [142.933013, 42.448579], [142.932702, 42.44863], [142.932504, 42.448675], [142.932155, 42.448804], [142.931775, 42.449052], [142.931676, 42.449102], [142.931619, 42.449125], [142.93119, 42.449294], [142.931031, 42.449339], [142.930628, 42.449339], [142.930568, 42.449327], [142.930272, 42.449333], [142.930112, 42.4494], [142.929991, 42.449507], [142.929938, 42.449631], [142.929786, 42.449867], [142.92952, 42.450121]]}, "properties": {"name": null, "system": "歴舟川水系", "river_code": "0100510000"}}, {"type": "Feature", "geometry": {"type": "LineString", "coordinates": [[142.936765, 42.439312], [142.936886, 42.439469], [142.937023, 42.439565], [142.937152, 42.43961], [142.937274, 42.439666], [142.937388, 42.439756], [142.937532, 42.439959], [142.937752, 42.440167], [142.937813, 42.44028], [142.937828, 42.440499], [142.93801, 42.440814], [142.938018, 42.44091], [142.937972, 42.441028], [142.937949, 42.44114], [142.937866, 42.44127], [142.937843, 42.441332], [142.937851, 42.441444], [142.937904, 42.441579], [142.937911, 42.441709], [142.937889, 42.441776], [142.937874, 42.442041], [142.937911, 42.442142], [142.938147, 42.442378], [142.938223, 42.442485], [142.938268, 42.442615], [142.938268, 42.442789], [142.938215, 42.443003]]}, "properties": {"name": null, "system": "歴舟川水系", "river_code": "0100510000"}}, {"type": "Feature", "geometry": {"type": "LineString", "coordinates": [[143.092804, 42.565278], [143.09288, 42.565194], [143.092903, 42.565047], [143.092941, 42.56498], [143.093123, 42.564873], [143.093344, 42.5648], [143.093694, 42.564727], [143.09377, 42.564699], [143.093823, 42.564626], [143.093823, 42.564339], [143.093747, 42.563979], [143.09361, 42.563517], [143.09358, 42.563326], [143.093618, 42.56327], [143.093717, 42.56327], [143.093899, 42.563303], [143.094028, 42.563315], [143.094188, 42.563303], [143.094294, 42.563241], [143.094439, 42.562876], [143.094561, 42.562724], [143.094621, 42.562679], [143.094774, 42.562628], [143.095101, 42.562583], [143.095367, 42.562527], [143.095549, 42.562454], [143.095816, 42.562234], [143.096104, 42.56206], [143.096181, 42.561998], [143.096249, 42.561908], [143.096249, 42.561773], [143.096234, 42.561705], [143.096196, 42.561548], [143.096226, 42.561486], [143.09634, 42.561402], [143.096515, 42.56134], [143.096599, 42.561289], [143.09669, 42.561205], [143.096743, 42.561036], [143.096728, 42.560918], [143.096683, 42.560738], [143.096667, 42.560248], [143.096652, 42.560141], [143.096667, 42.560074], [143.096705, 42.560046], [143.096781, 42.560034], [143.09707, 42.560046], [143.097215, 42.560074], [143.097458, 42.56017], [143.097648, 42.560192], [143.097998, 42.56022], [143.098196, 42.56022], [143.098257, 42.560203], [143.098371, 42.560113], [143.098462, 42.559967], [143.098468, 42.559962], [143.098546, 42.559905], [143.098692, 42.55991], [143.098786, 42.559833], [143.098849, 42.559635], [143.098873, 42.55959], [143.098933, 42.559528], [143.099154, 42.559421], [143.099329, 42.559298], [143.099423, 42.559157], [143.099454, 42.558939], [143.099372, 42.55868], [143.099347, 42.558602]]}, "properties": {"name": "パンケ目方川", "system": "歴舟川水系", "river_code": "0100510000"}}, {"type": "Feature", "geometry": {"type": "LineString", "coordinates": [[143.058027, 42.578482], [143.058355, 42.577999], [143.058736, 42.577705], [143.059997, 42.57717], [143.061413, 42.576635], [143.061758, 42.576376], [143.06257, 42.575461], [143.063123, 42.574926], [143.063659, 42.574718], [143.065092, 42.574114], [143.065593, 42.573924], [143.066146, 42.573579], [143.066474, 42.573458], [143.067044, 42.57351], [143.068063, 42.573752], [143.068655, 42.573889], [143.069467, 42.573768], [143.069581, 42.573768], [143.069931, 42.5737], [143.070417, 42.573639], [143.070919, 42.573616], [143.071026, 42.573599], [143.071223, 42.573594], [143.071588, 42.573537], [143.071809, 42.573537], [143.072128, 42.573729], [143.07228, 42.573785], [143.072539, 42.573841], [143.073109, 42.57392], [143.073223, 42.573925], [143.073687, 42.573976], [143.073771, 42.573993], [143.073869, 42.573999], [143.074158, 42.574038], [143.074356, 42.574089], [143.074478, 42.574156], [143.074584, 42.574196], [143.074941, 42.574258], [143.075375, 42.574303], [143.075596, 42.574291], [143.076044, 42.574286], [143.076074, 42.574274], [143.076211, 42.574258], [143.076417, 42.574224], [143.076508, 42.57419], [143.076782, 42.574004], [143.076873, 42.573965], [143.077033, 42.573926], [143.077154, 42.573853], [143.077231, 42.573757], [143.077238, 42.573363], [143.077284, 42.573256], [143.077367, 42.573127], [143.077405, 42.573031], [143.077436, 42.572469], [143.077481, 42.572378], [143.07758, 42.572311], [143.077748, 42.572243], [143.077816, 42.572204], [143.077923, 42.572114], [143.078006, 42.572035], [143.07809, 42.5719], [143.078105, 42.571816], [143.078075, 42.57176], [143.078075, 42.571709], [143.078115, 42.571679], [143.078128, 42.57167], [143.078417, 42.571563], [143.078531, 42.57149], [143.078653, 42.571321], [143.078774, 42.571236], [143.078835, 42.571174], [143.078911, 42.571022], [143.078972, 42.57096], [143.079078, 42.570887], [143.079314, 42.570775], [143.079421, 42.570679], [143.079504, 42.570561], [143.079542, 42.57046], [143.079542, 42.570257], [143.079497, 42.570128], [143.079489, 42.570015], [143.079512, 42.569976], [143.079565, 42.569937], [143.07974, 42.569869], [143.079839, 42.569813], [143.079968, 42.569661], [143.080151, 42.569363], [143.080249, 42.569278], [143.080356, 42.569233], [143.080516, 42.569211], [143.080645, 42.569166], [143.08082, 42.569036], [143.080987, 42.568811], [143.081063, 42.568755], [143.081177, 42.568682], [143.081246, 42.568592], [143.081246, 42.568462], [143.081223, 42.568361], [143.081208, 42.568215], [143.081223, 42.568097], [143.081314, 42.567945], [143.081444, 42.56786], [143.08174, 42.567776], [143.081877, 42.567714], [143.082074, 42.56759], [143.082166, 42.567472], [143.082196, 42.567371], [143.082242, 42.567315], [143.082333, 42.567259], [143.082424, 42.56723], [143.082592, 42.567236], [143.082835, 42.567309], [143.083033, 42.567309], [143.083094, 42.567292], [143.083154, 42.567253], [143.083192, 42.567208], [143.083284, 42.567146], [143.083413, 42.567118], [143.083618, 42.567118], [143.083793, 42.567169], [143.083907, 42.567169], [143.083983, 42.567129], [143.084052, 42.567045], [143.084143, 42.566983], [143.084295, 42.566949], [143.084379, 42.566904], [143.084797, 42.566572], [143.085124, 42.566145], [143.085206, 42.566076], [143.085238, 42.566049], [143.085405, 42.56597], [143.085679, 42.565902], [143.085862, 42.565897], [143.085976, 42.565908], [143.086204, 42.565931], [143.086348, 42.565964], [143.086401, 42.565987], [143.086447, 42.565998], [143.086698, 42.566043], [143.086911, 42.566049], [143.087458, 42.565931], [143.087527, 42.565919], [143.087709, 42.565908], [143.087869, 42.565919], [143.088029, 42.565953], [143.0885, 42.566015], [143.088591, 42.566043], [143.088812, 42.566145], [143.088888, 42.566161], [143.089025, 42.56615], [143.089451, 42.565953], [143.089565, 42.565959], [143.089717, 42.566015], [143.090158, 42.566212], [143.090165, 42.566223], [143.090219, 42.566246], [143.090333, 42.56633], [143.090439, 42.566398], [143.090584, 42.56651], [143.090675, 42.566561], [143.090781, 42.566561], [143.090858, 42.566516], [143.090918, 42.566403], [143.090971, 42.566358], [143.091215, 42.566257], [143.091314, 42.566162], [143.09139, 42.566083], [143.091534, 42.566021], [143.091747, 42.565959], [143.091838, 42.565914], [143.091945, 42.565802], [143.092013, 42.565762], [143.092059, 42.565729], [143.092234, 42.565638], [143.092325, 42.565565], [143.092371, 42.565486], [143.092447, 42.565402], [143.092523, 42.565346], [143.092667, 42.565301], [143.092804, 42.565278]]}, "properties": {"name": "パンケ目方川", "system": "歴舟川水系", "river_code": "0100510000"}}, {"type": "Feature", "geometry": {"type": "LineString", "coordinates": [[142.914836, 42.521531], [142.915018, 42.521531], [142.915505, 42.521626], [142.915725, 42.521694], [142.916182, 42.521863], [142.916387, 42.521953], [142.916623, 42.522082], [142.917064, 42.522403], [142.917163, 42.522532], [142.917208, 42.522628], [142.917284, 42.522881], [142.917262, 42.52296], [142.917178, 42.523055], [142.916996, 42.523252], [142.916615, 42.523747], [142.916585, 42.52386], [142.9166, 42.524034], [142.916638, 42.524192], [142.916843, 42.524704], [142.916904, 42.524935], [142.916927, 42.525396], [142.916904, 42.525464], [142.916836, 42.525565], [142.916691, 42.525644], [142.916471, 42.525711], [142.916265, 42.525756], [142.916151, 42.525795], [142.91606, 42.525863], [142.915976, 42.525987], [142.915763, 42.526448], [142.915634, 42.526803], [142.915558, 42.52691], [142.915231, 42.527152], [142.915178, 42.52723], [142.915109, 42.527405], [142.915079, 42.527438], [142.915026, 42.527478], [142.914957, 42.5275], [142.914539, 42.527534], [142.914448, 42.527557], [142.914379, 42.527596], [142.914181, 42.527787], [142.914083, 42.527838], [142.913986, 42.527858], [142.913976, 42.52786], [142.913558, 42.52786], [142.913383, 42.527832], [142.913269, 42.527804], [142.913025, 42.527815], [142.912835, 42.52786], [142.912424, 42.528024], [142.912158, 42.528181], [142.911915, 42.52831], [142.911756, 42.528361], [142.911634, 42.528384], [142.911428, 42.528412], [142.911276, 42.528446], [142.911018, 42.528524], [142.91082, 42.528626], [142.910607, 42.528766], [142.910029, 42.529121], [142.909862, 42.529199], [142.909687, 42.529272], [142.909519, 42.529272], [142.909428, 42.529261], [142.909284, 42.52925], [142.909018, 42.529211], [142.908736, 42.529149], [142.908531, 42.529115], [142.908424, 42.529064], [142.908386, 42.528997], [142.908379, 42.52853], [142.908341, 42.528474], [142.908288, 42.52844], [142.908234, 42.528429], [142.908074, 42.528423], [142.907976, 42.528462], [142.907497, 42.5288], [142.907345, 42.52889], [142.907003, 42.529019], [142.906676, 42.529188], [142.906227, 42.529497], [142.906052, 42.529666], [142.9059, 42.529824], [142.905725, 42.529936], [142.905558, 42.530066], [142.905268, 42.530353], [142.905139, 42.530517], [142.905048, 42.530634], [142.904911, 42.530775], [142.904531, 42.531135], [142.903953, 42.531551], [142.903732, 42.531754], [142.903466, 42.532069], [142.903223, 42.532232], [142.902911, 42.532361], [142.902622, 42.532508], [142.902226, 42.532772], [142.902089, 42.532907], [142.902013, 42.533003], [142.901945, 42.533149], [142.901937, 42.53334], [142.90196, 42.533498], [142.901953, 42.533762], [142.90193, 42.533858], [142.901846, 42.533993], [142.901823, 42.53401], [142.901648, 42.534212], [142.901321, 42.534539], [142.90123, 42.534601], [142.901108, 42.534657], [142.900766, 42.534657], [142.900599, 42.534668], [142.900508, 42.534702], [142.900302, 42.534825], [142.900089, 42.534977], [142.899899, 42.535152], [142.899892, 42.535259], [142.899975, 42.535456], [142.900104, 42.53567], [142.900348, 42.535889], [142.900431, 42.536002], [142.900424, 42.53612], [142.900363, 42.536289], [142.900257, 42.536665], [142.900234, 42.536784], [142.900226, 42.537059], [142.900287, 42.537217], [142.900355, 42.537284], [142.900374, 42.537293], [142.900477, 42.53734], [142.900849, 42.537442], [142.901123, 42.537515], [142.901336, 42.537611], [142.901481, 42.537729], [142.90161, 42.537903], [142.901656, 42.538123], [142.901595, 42.538331], [142.90142, 42.53868], [142.900933, 42.539411], [142.900933, 42.539518], [142.901009, 42.539648], [142.901131, 42.53976], [142.901245, 42.539822], [142.901351, 42.539817], [142.901846, 42.539637], [142.902195, 42.53949], [142.902446, 42.5394], [142.902796, 42.539254], [142.902895, 42.539175], [142.902926, 42.53913], [142.902994, 42.538837], [142.903093, 42.538505], [142.903176, 42.538264], [142.903298, 42.538044], [142.903504, 42.537814], [142.903633, 42.537729], [142.903747, 42.537679], [142.904279, 42.537673], [142.904386, 42.537656], [142.904515, 42.53765], [142.904698, 42.53756], [142.905184, 42.537195], [142.905367, 42.537105], [142.905542, 42.537071], [142.905755, 42.537065], [142.905808, 42.537076], [142.905861, 42.537082], [142.906211, 42.537161], [142.906446, 42.537161], [142.906472, 42.537155], [142.906629, 42.537116], [142.906743, 42.537065], [142.907146, 42.53684], [142.907306, 42.536779], [142.907519, 42.536745], [142.907747, 42.53675], [142.908059, 42.536784], [142.908181, 42.536773], [142.908264, 42.536756], [142.908409, 42.536666], [142.908599, 42.53648], [142.90869, 42.536418], [142.908873, 42.536328], [142.909108, 42.536255], [142.909283, 42.536255], [142.90961, 42.536278], [142.9098, 42.536249], [142.909869, 42.536221], [142.909945, 42.536171], [142.910104, 42.536008], [142.910287, 42.535648], [142.910363, 42.535445], [142.910409, 42.535366], [142.910531, 42.53527], [142.910698, 42.535164], [142.910911, 42.535074], [142.911124, 42.535006], [142.911413, 42.534927], [142.911573, 42.534927], [142.911694, 42.534967], [142.911899, 42.535135], [142.912028, 42.535259], [142.912211, 42.53549], [142.912721, 42.536008], [142.912933, 42.536165], [142.91323, 42.536272], [142.913314, 42.536334], [142.913359, 42.536419], [142.913428, 42.536677], [142.913481, 42.536959], [142.913511, 42.537049], [142.913869, 42.537499], [142.913945, 42.537656], [142.913945, 42.537752], [142.913831, 42.537988], [142.913784, 42.538063], [142.913739, 42.538135], [142.913633, 42.53836], [142.913587, 42.538422], [142.913351, 42.538635], [142.913291, 42.538714], [142.913291, 42.538832], [142.913351, 42.538917], [142.913473, 42.539029], [142.913534, 42.539057], [142.913724, 42.539097], [142.913853, 42.539085], [142.914317, 42.538922], [142.914971, 42.538647], [142.915184, 42.538568], [142.915466, 42.538489], [142.915618, 42.538461], [142.915762, 42.538461], [142.915823, 42.538478], [142.915869, 42.5385], [142.916165, 42.538635], [142.916241, 42.538647], [142.916416, 42.538658], [142.916644, 42.538624], [142.916812, 42.538562], [142.916979, 42.538439], [142.917177, 42.538259], [142.917778, 42.537567], [142.917975, 42.537403], [142.918165, 42.537291], [142.918234, 42.537268], [142.918652, 42.537268], [142.918933, 42.537325], [142.919055, 42.537347], [142.919139, 42.537381], [142.919223, 42.537437], [142.919671, 42.537876], [142.919823, 42.538129], [142.919831, 42.538247], [142.919716, 42.538444], [142.919701, 42.538602], [142.919724, 42.538692], [142.9198, 42.538827], [142.919968, 42.538996], [142.920234, 42.539193], [142.920424, 42.539311], [142.920486, 42.539352], [142.920781, 42.539547], [142.920827, 42.539609], [142.920827, 42.539693], [142.920766, 42.539783], [142.920728, 42.539812], [142.920538, 42.540037], [142.920492, 42.540115], [142.920477, 42.540177], [142.920446, 42.540369], [142.920431, 42.540684], [142.920446, 42.540881], [142.920507, 42.541078], [142.920523, 42.541196], [142.920545, 42.541927], [142.920652, 42.54218], [142.920857, 42.542507], [142.921062, 42.542917], [142.921229, 42.543171], [142.92129, 42.543221], [142.921321, 42.543232], [142.921655, 42.543232], [142.921845, 42.543266], [142.922005, 42.543328], [142.922157, 42.543429], [142.92221, 42.543477], [142.922257, 42.543516]]}, "properties": {"name": "マオロマップ川", "system": "歴舟川水系", "river_code": "0100510000"}}, {"type": "Feature", "geometry": {"type": "LineString", "coordinates": [[142.894934, 42.522548], [142.89501, 42.522582], [142.895041, 42.522588], [142.89517, 42.522677], [142.895223, 42.522751], [142.895284, 42.522807], [142.895725, 42.523026], [142.895893, 42.523071], [142.896098, 42.523105], [142.89644, 42.523145], [142.896691, 42.523156], [142.896774, 42.523167], [142.897307, 42.523167], [142.897505, 42.523145], [142.897657, 42.523105], [142.897794, 42.52301], [142.897908, 42.522875], [142.898044, 42.522751], [142.898166, 42.522689], [142.898463, 42.522577], [142.898752, 42.522402], [142.898851, 42.522306], [142.898927, 42.522143], [142.899048, 42.521884], [142.899094, 42.521637], [142.899147, 42.521434], [142.899231, 42.521204], [142.899345, 42.520866], [142.899452, 42.520658], [142.899581, 42.520371], [142.899642, 42.520287], [142.899832, 42.520061], [142.899946, 42.519999], [142.900189, 42.519988], [142.900425, 42.520028], [142.900592, 42.520044], [142.900813, 42.520044], [142.900897, 42.520078], [142.901011, 42.520157], [142.901102, 42.520287], [142.901216, 42.520613], [142.901299, 42.520934], [142.901383, 42.521226], [142.901528, 42.521643], [142.901664, 42.521918], [142.901707, 42.521969], [142.901786, 42.522065], [142.902068, 42.522279], [142.902486, 42.522487], [142.902805, 42.522672], [142.903094, 42.522847], [142.903193, 42.522942], [142.903512, 42.523325], [142.903641, 42.52342], [142.903733, 42.523443], [142.904105, 42.523443], [142.904334, 42.523426], [142.904455, 42.523398], [142.904531, 42.523342], [142.904653, 42.523229], [142.904843, 42.523089], [142.905284, 42.522796], [142.905474, 42.522627], [142.905649, 42.522453], [142.905999, 42.522138], [142.90625, 42.521958], [142.906372, 42.521874], [142.906569, 42.521755], [142.90679, 42.521592], [142.906904, 42.521474], [142.907011, 42.521395], [142.907208, 42.521272], [142.907824, 42.521035], [142.908113, 42.520878], [142.908266, 42.520816], [142.908417, 42.520782], [142.908904, 42.52072], [142.909094, 42.520658], [142.909178, 42.520596], [142.909261, 42.520557], [142.909338, 42.520552], [142.909398, 42.520574], [142.909581, 42.520619], [142.909801, 42.520715], [142.90981, 42.520722], [142.909817, 42.520737], [142.909817, 42.521018], [142.909847, 42.521086], [142.909969, 42.521204], [142.910091, 42.521272], [142.910211, 42.521319], [142.910349, 42.521373], [142.910509, 42.521418], [142.910821, 42.521418], [142.911186, 42.521395], [142.912387, 42.521379], [142.912524, 42.521429], [142.912714, 42.52157], [142.913246, 42.521958], [142.913459, 42.522082], [142.913581, 42.52211], [142.913611, 42.522127], [142.91368, 42.522127], [142.913839, 42.522082], [142.91406, 42.52197], [142.914357, 42.521756], [142.914509, 42.521666], [142.914691, 42.521598], [142.914745, 42.521576], [142.914836, 42.521531]]}, "properties": {"name": "マオロマップ川", "system": "歴舟川水系", "river_code": "0100510000"}}, {"type": "Feature", "geometry": {"type": "LineString", "coordinates": [[142.885033, 42.523454], [142.885048, 42.52342], [142.885109, 42.523386], [142.885162, 42.523341], [142.885322, 42.523139], [142.885626, 42.52261], [142.885786, 42.522373], [142.885938, 42.522165], [142.886014, 42.522132], [142.886234, 42.522098], [142.886448, 42.522098], [142.886676, 42.522143], [142.886835, 42.522216], [142.886949, 42.522289], [142.887299, 42.522486], [142.887672, 42.522604], [142.887915, 42.52261], [142.888006, 42.522587], [142.888455, 42.522419], [142.888584, 42.522396], [142.888729, 42.522407], [142.889026, 42.522447], [142.889406, 42.522447], [142.889565, 42.522407], [142.889694, 42.52239], [142.889831, 42.522368], [142.889946, 42.522357], [142.890311, 42.522239], [142.890493, 42.522182], [142.890661, 42.522154], [142.891064, 42.522132], [142.891261, 42.522098], [142.891474, 42.522014], [142.891573, 42.521985], [142.89174, 42.521985], [142.891991, 42.522053], [142.892334, 42.522115], [142.892676, 42.522182], [142.893178, 42.522261], [142.893391, 42.522306], [142.893649, 42.52234], [142.893839, 42.522379], [142.894288, 42.52243], [142.894486, 42.522464], [142.894784, 42.522515], [142.894813, 42.52252], [142.894934, 42.522548]]}, "properties": {"name": "マオロマップ川", "system": "歴舟川水系", "river_code": "0100510000"}}, {"type": "Feature", "geometry": {"type": "LineString", "coordinates": [[142.875801, 42.526199], [142.875831, 42.52621], [142.876113, 42.52621], [142.876402, 42.52616], [142.876668, 42.526098], [142.876873, 42.526075], [142.877261, 42.526075], [142.877451, 42.526115], [142.877702, 42.526199], [142.877999, 42.526199], [142.878265, 42.526132], [142.878721, 42.526132], [142.879124, 42.526149], [142.879383, 42.52621], [142.879649, 42.526323], [142.879885, 42.526402], [142.880021, 42.526402], [142.880333, 42.5263], [142.880439, 42.52625], [142.880614, 42.526149], [142.880957, 42.525924], [142.881124, 42.525862], [142.881558, 42.525772], [142.881945, 42.525732], [142.882052, 42.525727], [142.882273, 42.525738], [142.882447, 42.525738], [142.882584, 42.525721], [142.88282, 42.525704], [142.882873, 42.525676], [142.882934, 42.525625], [142.883041, 42.525468], [142.88317, 42.525215], [142.8832, 42.525125], [142.883193, 42.524984], [142.883109, 42.524815], [142.882987, 42.524641], [142.883018, 42.524551], [142.883094, 42.524494], [142.883147, 42.524478], [142.883322, 42.524455], [142.883535, 42.524461], [142.88371, 42.524534], [142.884029, 42.524613], [142.884272, 42.52463], [142.88431, 42.524613], [142.884348, 42.524551], [142.884386, 42.524314], [142.884417, 42.524224], [142.884543, 42.52402], [142.884576, 42.523966], [142.884881, 42.523673], [142.885033, 42.523454]]}, "properties": {"name": "マオロマップ川", "system": "歴舟川水系", "river_code": "0100510000"}}, {"type": "Feature", "geometry": {"type": "LineString", "coordinates": [[142.880113, 42.514204], [142.880387, 42.51431], [142.880463, 42.514378], [142.880714, 42.51476], [142.881003, 42.515216], [142.881072, 42.515295], [142.881299, 42.51547], [142.881619, 42.515599], [142.882053, 42.515729], [142.882319, 42.515779], [142.882418, 42.515824], [142.8826, 42.515942], [142.882843, 42.516179], [142.883049, 42.516404], [142.883178, 42.516595], [142.883208, 42.51669], [142.883223, 42.516809], [142.883277, 42.51696], [142.883269, 42.517079], [142.88314, 42.517366], [142.88314, 42.517647], [142.883117, 42.517692], [142.882927, 42.517833], [142.882911, 42.517867], [142.882881, 42.518007], [142.882866, 42.518227], [142.882858, 42.518446], [142.882919, 42.518564], [142.882972, 42.518682], [142.882972, 42.518924], [142.882919, 42.519093], [142.882896, 42.519262], [142.882934, 42.519385], [142.883117, 42.519672], [142.883193, 42.519819], [142.883269, 42.52005], [142.883314, 42.520157], [142.883428, 42.520309], [142.883535, 42.520511], [142.883543, 42.520747], [142.883504, 42.52113], [142.88352, 42.521428], [142.883543, 42.521541], [142.883543, 42.521603], [142.883597, 42.521747], [142.883702, 42.52203], [142.883763, 42.522266], [142.883801, 42.522379], [142.883877, 42.522492], [142.884486, 42.522936], [142.884592, 42.523043], [142.884851, 42.523257], [142.885033, 42.523454]]}, "properties": {"name": null, "system": "歴舟川水系", "river_code": "0100510000"}}, {"type": "Feature", "geometry": {"type": "LineString", "coordinates": [[142.873786, 42.515115], [142.8739, 42.515092], [142.873976, 42.51507], [142.874258, 42.515042], [142.874349, 42.515025], [142.874676, 42.515008], [142.875011, 42.515019], [142.875323, 42.514997], [142.8759, 42.514895], [142.876243, 42.514845], [142.876798, 42.514715], [142.876965, 42.514687], [142.877132, 42.514637], [142.877224, 42.514597], [142.87733, 42.514569], [142.877467, 42.514485], [142.877513, 42.51444], [142.877619, 42.514378], [142.87771, 42.514344], [142.877817, 42.514322], [142.878075, 42.514322], [142.878174, 42.514339], [142.878623, 42.51435], [142.878798, 42.514372], [142.879201, 42.514372], [142.879391, 42.514367], [142.879604, 42.514322], [142.880098, 42.514215], [142.880113, 42.514204]]}, "properties": {"name": null, "system": "歴舟川水系", "river_code": "0100510000"}}, {"type": "Feature", "geometry": {"type": "LineString", "coordinates": [[142.866034, 42.557582], [142.86611, 42.557599], [142.866597, 42.55783], [142.866711, 42.557909], [142.866879, 42.558061], [142.867015, 42.558156], [142.867137, 42.558212], [142.86738, 42.558241], [142.86757, 42.558252], [142.868057, 42.55828], [142.868392, 42.558331], [142.868628, 42.558387], [142.868894, 42.558488], [142.869076, 42.558572], [142.86919, 42.558657], [142.869228, 42.558724], [142.869281, 42.55891], [142.869342, 42.559017], [142.869509, 42.559141], [142.869623, 42.559175], [142.869776, 42.559203], [142.869973, 42.559299], [142.870156, 42.559332], [142.870294, 42.559413], [142.870437, 42.559557], [142.870511, 42.559592], [142.870612, 42.559619], [142.870787, 42.559664], [142.870901, 42.559709], [142.871114, 42.559832], [142.87122, 42.55988], [142.871319, 42.559914], [142.871464, 42.559942], [142.871789, 42.559975]]}, "properties": {"name": "ヤオロマップ左沢", "system": "歴舟川水系", "river_code": "0100510000"}}, {"type": "Feature", "geometry": {"type": "LineString", "coordinates": [[142.858111, 42.555151], [142.858126, 42.555173], [142.858255, 42.555235], [142.858369, 42.55528], [142.858628, 42.555348], [142.858764, 42.555398], [142.858947, 42.555539], [142.859076, 42.555601], [142.859148, 42.555674], [142.859206, 42.555809], [142.859282, 42.555899], [142.859449, 42.556006], [142.859806, 42.556147], [142.860057, 42.55622], [142.860202, 42.556254], [142.860346, 42.556276], [142.860726, 42.556287], [142.860886, 42.55631], [142.861023, 42.556361], [142.861137, 42.556439], [142.861388, 42.556693], [142.861487, 42.556766], [142.861829, 42.556946], [142.862187, 42.557171], [142.862417, 42.557258], [142.862803, 42.557272], [142.863122, 42.557329], [142.863236, 42.55734], [142.864719, 42.557346], [142.864848, 42.557312], [142.865015, 42.557301], [142.865144, 42.557334], [142.865342, 42.557469], [142.865437, 42.557512], [142.865555, 42.557537], [142.865882, 42.557554], [142.866034, 42.557582]]}, "properties": {"name": "ヤオロマップ左沢", "system": "歴舟川水系", "river_code": "0100510000"}}, {"type": "Feature", "geometry": {"type": "LineString", "coordinates": [[143.207061, 42.510788], [143.207183, 42.510894], [143.207373, 42.511103], [143.207518, 42.5113], [143.207609, 42.511379], [143.207768, 42.511457], [143.207905, 42.511485], [143.208057, 42.511502], [143.208293, 42.511497], [143.208536, 42.511395], [143.208939, 42.511204], [143.20919, 42.51108], [143.209449, 42.510985], [143.209616, 42.510951], [143.20973, 42.510945], [143.210088, 42.511069], [143.210354, 42.511137], [143.210536, 42.511215], [143.210612, 42.511255], [143.210741, 42.511339], [143.210779, 42.511401], [143.210802, 42.511491], [143.210787, 42.511576], [143.210719, 42.51166], [143.21062, 42.511694], [143.210217, 42.511761], [143.210042, 42.511772], [143.209897, 42.511795], [143.209456, 42.5118], [143.209251, 42.511829], [143.209183, 42.511868], [143.20916, 42.511913], [143.209152, 42.512037], [143.209373, 42.512414], [143.209464, 42.512605], [143.20954, 42.512701], [143.2097, 42.512785], [143.209852, 42.512841], [143.210011, 42.512881], [143.21027, 42.512864], [143.210543, 42.512808], [143.210726, 42.512746], [143.211388, 42.512385], [143.211836, 42.5122], [143.212026, 42.512161], [143.212133, 42.512161], [143.212171, 42.512178], [143.212201, 42.512234], [143.212201, 42.512318], [143.21211, 42.512504], [143.212118, 42.512644], [143.212165, 42.51271], [143.212171, 42.512718], [143.2123, 42.512779], [143.212483, 42.512836], [143.212581, 42.512892], [143.21265, 42.512948], [143.212764, 42.513072], [143.212817, 42.513202], [143.212901, 42.513415], [143.213037, 42.513663], [143.213174, 42.513798], [143.213395, 42.513961], [143.213463, 42.514034], [143.213758, 42.514222], [143.213836, 42.514259], [143.213904, 42.51431], [143.214163, 42.514456], [143.214429, 42.514603], [143.214703, 42.514681], [143.214877, 42.514704], [143.215029, 42.514721], [143.215181, 42.514755], [143.215539, 42.514867], [143.215706, 42.514974], [143.215759, 42.515036], [143.215729, 42.515115], [143.215645, 42.515165], [143.215501, 42.515199], [143.215318, 42.515205], [143.215204, 42.515239], [143.215098, 42.515317], [143.215128, 42.515452], [143.215235, 42.515554], [143.215394, 42.515644], [143.215516, 42.515689], [143.215752, 42.515717], [143.215927, 42.515767], [143.216064, 42.515829], [143.216193, 42.515919], [143.216261, 42.516037], [143.216269, 42.5162], [143.216246, 42.516302], [143.216185, 42.516397], [143.216163, 42.51647], [143.216109, 42.516583], [143.216109, 42.516718], [143.216162, 42.516791], [143.216238, 42.516859], [143.216406, 42.51692], [143.216634, 42.516965], [143.217158, 42.516971], [143.217478, 42.516932], [143.217751, 42.516955], [143.218048, 42.5171], [143.218109, 42.517179], [143.218109, 42.51732], [143.218078, 42.517444], [143.21798, 42.517573], [143.217957, 42.517624], [143.218003, 42.517742], [143.218038, 42.517781], [143.218048, 42.517793], [143.218071, 42.517798], [143.218139, 42.51786], [143.219401, 42.518367], [143.219645, 42.518367], [143.220208, 42.518254], [143.220375, 42.518249], [143.220573, 42.51831], [143.220785, 42.518339], [143.220975, 42.51835], [143.221109, 42.518355], [143.221482, 42.518496]]}, "properties": {"name": "ペンケタイキ川", "system": "歴舟川水系", "river_code": "0100510000"}}, {"type": "Feature", "geometry": {"type": "LineString", "coordinates": [[143.196797, 42.50681], [143.196903, 42.506877], [143.19701, 42.506984], [143.197154, 42.507277], [143.1972, 42.507327], [143.197283, 42.507457], [143.197352, 42.507614], [143.19745, 42.507721], [143.197564, 42.5078], [143.197739, 42.507873], [143.197914, 42.507907], [143.198272, 42.507912], [143.198561, 42.507985], [143.19885, 42.50807], [143.199199, 42.508132], [143.199473, 42.508154], [143.199633, 42.508154], [143.200043, 42.508036], [143.200211, 42.508036], [143.200401, 42.508126], [143.200591, 42.508289], [143.200713, 42.508362], [143.20088, 42.508424], [143.201503, 42.508621], [143.201671, 42.508649], [143.202241, 42.508661], [143.202529, 42.508684], [143.202781, 42.508712], [143.203054, 42.508757], [143.203313, 42.508796], [143.203404, 42.508826], [143.203556, 42.508875], [143.203693, 42.508937], [143.20383, 42.509027], [143.203906, 42.509117], [143.204028, 42.509291], [143.204164, 42.509426], [143.204408, 42.509572], [143.204484, 42.509589], [143.204643, 42.509584], [143.204879, 42.509533], [143.205084, 42.509533], [143.205389, 42.509555], [143.205563, 42.509595], [143.205814, 42.509668], [143.205928, 42.509719], [143.206179, 42.509893], [143.206499, 42.510338], [143.20662, 42.51045], [143.206749, 42.510546], [143.206772, 42.510574], [143.207061, 42.510788]]}, "properties": {"name": "ペンケタイキ川", "system": "歴舟川水系", "river_code": "0100510000"}}, {"type": "Feature", "geometry": {"type": "LineString", "coordinates": [[143.139645, 42.466992], [143.140679, 42.467462], [143.14201, 42.468035], [143.143218, 42.468445], [143.144027, 42.468997], [143.14545, 42.47001], [143.146545, 42.470696], [143.147517, 42.471269], [143.148121, 42.471657], [143.148749, 42.4724], [143.149486, 42.473167], [143.150315, 42.473924], [143.151359, 42.474518], [143.152322, 42.475091], [143.153586, 42.475997], [143.154251, 42.476426], [143.154773, 42.4766], [143.155572, 42.477071], [143.156503, 42.478002], [143.157448, 42.478856], [143.158031, 42.479347], [143.158687, 42.480237], [143.159475, 42.481087], [143.159513, 42.481188], [143.159596, 42.481306], [143.159801, 42.481599], [143.159968, 42.481773], [143.160249, 42.482004], [143.16031, 42.482077], [143.160394, 42.482229], [143.160447, 42.482336], [143.160599, 42.482493], [143.160689, 42.482544], [143.160841, 42.482595], [143.161031, 42.482595], [143.161358, 42.48251], [143.161532, 42.482415], [143.161692, 42.482381], [143.161851, 42.482386], [143.161958, 42.482426], [143.162026, 42.482476], [143.162079, 42.482555], [143.162201, 42.482848], [143.162239, 42.48305], [143.162353, 42.483427], [143.162451, 42.483557], [143.162557, 42.48363], [143.162869, 42.483731], [143.162968, 42.483799], [143.162998, 42.483866], [143.163005, 42.484091], [143.163059, 42.484232], [143.163142, 42.484361], [143.163286, 42.484468], [143.163529, 42.48462], [143.163643, 42.484715], [143.163848, 42.485014], [143.163954, 42.485126], [143.164228, 42.485312], [143.164372, 42.485391], [143.164516, 42.485452], [143.164805, 42.485531], [143.164896, 42.485576], [143.164949, 42.485661], [143.164934, 42.485784], [143.164797, 42.486021], [143.164721, 42.486246], [143.164668, 42.486764], [143.164645, 42.487185], [143.164668, 42.487315], [143.16471, 42.487435], [143.164774, 42.487619], [143.164919, 42.487838], [143.164972, 42.488012], [143.164979, 42.488153], [143.165002, 42.488316], [143.165063, 42.488631], [143.165146, 42.488817], [143.165253, 42.489019], [143.165351, 42.489171], [143.165829, 42.489818], [143.165951, 42.489931], [143.166027, 42.49006], [143.166019, 42.490257], [143.166004, 42.490291], [143.165951, 42.490589], [143.165959, 42.490735], [143.165989, 42.490848], [143.166103, 42.490966], [143.166209, 42.491124], [143.166247, 42.491236], [143.166262, 42.491433], [143.166315, 42.49154], [143.166452, 42.491658], [143.16668, 42.491815], [143.166908, 42.492074], [143.167113, 42.492271], [143.167257, 42.492378], [143.167439, 42.492468], [143.167675, 42.492552], [143.167766, 42.49262], [143.167895, 42.492778], [143.167971, 42.492868], [143.168191, 42.493036], [143.168335, 42.493104], [143.168662, 42.493228], [143.168783, 42.493307], [143.168889, 42.493436], [143.16895, 42.493559], [143.169003, 42.493813], [143.169003, 42.49397], [143.168973, 42.494038], [143.168973, 42.494139], [143.169049, 42.494201], [143.169216, 42.494268], [143.169322, 42.494342], [143.169633, 42.494634], [143.169808, 42.494741], [143.169881, 42.494764], [143.170043, 42.494814], [143.170324, 42.494882], [143.170552, 42.494915], [143.170825, 42.494915], [143.170962, 42.494899], [143.171129, 42.494893], [143.171296, 42.494865], [143.171539, 42.494865], [143.171661, 42.494904], [143.171775, 42.495011], [143.171843, 42.495112], [143.171835, 42.495304], [143.171805, 42.495517], [143.171828, 42.495602], [143.171911, 42.495675], [143.172041, 42.495737], [143.172124, 42.495754], [143.172595, 42.495754], [143.172838, 42.495754], [143.172974, 42.495787], [143.173028, 42.49581], [143.17324, 42.49599], [143.173468, 42.496232], [143.173635, 42.496429], [143.173893, 42.496693], [143.173974, 42.496749], [143.174056, 42.496764], [143.174112, 42.496761], [143.174216, 42.496716], [143.174392, 42.496571], [143.174466, 42.496529], [143.174554, 42.496513], [143.174675, 42.496525], [143.174774, 42.49657], [143.174896, 42.496699], [143.174957, 42.49689], [143.174941, 42.496997], [143.17485, 42.497183], [143.17485, 42.497256], [143.174933, 42.497335], [143.175434, 42.497672], [143.175852, 42.497987], [143.175974, 42.4981], [143.176239, 42.498285], [143.17627, 42.498297], [143.176467, 42.498432], [143.176672, 42.498527], [143.176885, 42.498584], [143.176983, 42.498595], [143.177295, 42.498589], [143.177378, 42.498578], [143.177834, 42.498482], [143.177887, 42.498466], [143.177962, 42.498462], [143.178016, 42.49846], [143.178199, 42.498516], [143.178328, 42.498567], [143.178571, 42.498708], [143.179208, 42.499242], [143.179277, 42.499326], [143.179269, 42.499484], [143.179208, 42.499585], [143.178882, 42.500013], [143.178859, 42.500103], [143.178958, 42.500395], [143.179109, 42.500834], [143.179148, 42.500919], [143.179223, 42.50098], [143.179314, 42.501014], [143.179671, 42.501009], [143.179778, 42.500986], [143.179892, 42.500935], [143.180112, 42.500767], [143.180241, 42.500643], [143.180324, 42.500581], [143.180401, 42.500581], [143.18059, 42.500649], [143.180719, 42.500649], [143.180757, 42.500632], [143.18097, 42.500446], [143.181031, 42.500401], [143.181167, 42.500401], [143.181342, 42.500491], [143.182056, 42.500913], [143.182139, 42.500941], [143.182284, 42.500941], [143.18239, 42.500907], [143.182527, 42.50084], [143.182618, 42.500823], [143.182732, 42.500829], [143.182853, 42.500862], [143.18299, 42.500919], [143.183142, 42.50102], [143.183263, 42.501138], [143.183309, 42.501205], [143.183407, 42.501414], [143.18346, 42.501639], [143.183476, 42.501875], [143.183506, 42.501965], [143.183552, 42.502049], [143.183643, 42.502139], [143.183734, 42.50219], [143.183833, 42.502207], [143.18406, 42.502196], [143.184243, 42.502168], [143.184349, 42.502173], [143.184652, 42.502262], [143.18485, 42.50232], [143.185238, 42.50232], [143.185351, 42.502359], [143.185412, 42.502403], [143.185465, 42.502449], [143.185506, 42.502507], [143.185543, 42.502573], [143.185561, 42.502593], [143.185589, 42.502618], [143.185726, 42.502719], [143.185924, 42.502832], [143.186091, 42.50291], [143.186433, 42.503147], [143.186646, 42.503254], [143.186813, 42.503282], [143.186958, 42.503299], [143.18714, 42.50331], [143.187391, 42.503372], [143.187589, 42.50345], [143.187703, 42.503524], [143.187893, 42.50367], [143.188053, 42.503839], [143.188159, 42.503901], [143.188532, 42.504081], [143.188684, 42.50421], [143.188805, 42.50439], [143.188866, 42.504514], [143.18895, 42.504834], [143.188973, 42.504885], [143.189026, 42.504941], [143.189133, 42.504975], [143.1893, 42.504975], [143.189657, 42.50484], [143.189991, 42.504655], [143.190174, 42.50461], [143.190334, 42.504598], [143.190562, 42.504632], [143.190858, 42.504643], [143.191048, 42.504677], [143.191208, 42.504739], [143.19136, 42.504846], [143.191451, 42.50493], [143.191604, 42.505172], [143.191725, 42.505245], [143.191877, 42.505285], [143.192143, 42.505431], [143.192288, 42.505465], [143.192455, 42.505454], [143.192607, 42.505386], [143.193003, 42.505127], [143.193238, 42.505009], [143.193406, 42.504964], [143.19355, 42.50497], [143.193687, 42.505037], [143.193778, 42.505116], [143.193846, 42.5052], [143.193945, 42.505375], [143.194039, 42.505689], [143.194075, 42.505808], [143.194196, 42.506168], [143.194249, 42.506258], [143.194455, 42.506415], [143.194599, 42.506483], [143.194713, 42.506517], [143.194903, 42.506511], [143.195154, 42.506505], [143.195223, 42.506522], [143.19523, 42.506517], [143.19555, 42.506607], [143.195816, 42.506697], [143.196059, 42.506754], [143.196226, 42.506776], [143.19669, 42.506782], [143.196797, 42.50681]]}, "properties": {"name": "ペンケタイキ川", "system": "歴舟川水系", "river_code": "0100510000"}}, {"type": "Feature", "geometry": {"type": "LineString", "coordinates": [[143.324955, 42.492564], [143.324998, 42.492557], [143.325492, 42.492433], [143.32597, 42.492304], [143.326076, 42.492287], [143.326593, 42.49213], [143.326706, 42.49209], [143.32701, 42.491989], [143.327177, 42.491944], [143.327261, 42.491916], [143.327314, 42.49191], [143.32742, 42.491877], [143.328278, 42.491635], [143.328658, 42.491562], [143.328742, 42.491533], [143.329455, 42.491426], [143.330055, 42.491342], [143.331338, 42.491157], [143.331468, 42.491129], [143.331543, 42.491123], [143.331581, 42.491112], [143.331673, 42.491106], [143.332204, 42.491027], [143.332348, 42.491016], [143.33247, 42.490999], [143.332888, 42.490954], [143.333032, 42.490932], [143.333373, 42.490909], [143.33367, 42.490887], [143.334345, 42.490887], [143.334831, 42.490904], [143.335754, 42.490956], [143.33591, 42.490965], [143.33651, 42.490988], [143.336638, 42.490999], [143.337081, 42.491009]]}, "properties": {"name": "二の沢川", "system": "歴舟川水系", "river_code": "0100510000"}}, {"type": "Feature", "geometry": {"type": "LineString", "coordinates": [[143.306341, 42.500349], [143.306387, 42.500281], [143.306698, 42.499488], [143.306903, 42.499027], [143.307146, 42.49865], [143.307344, 42.498464], [143.307564, 42.498318], [143.307792, 42.498217], [143.308248, 42.498093], [143.310024, 42.497755], [143.310898, 42.497592], [143.311034, 42.497553], [143.311232, 42.497468], [143.311482, 42.497339], [143.311604, 42.497249], [143.311756, 42.497103], [143.311983, 42.496844], [143.312393, 42.496388], [143.312993, 42.495707], [143.313502, 42.495201], [143.314074, 42.494736], [143.314117, 42.4947], [143.314322, 42.494532], [143.314717, 42.494222], [143.316297, 42.492962], [143.316524, 42.492788], [143.316911, 42.492585], [143.317747, 42.492253], [143.318559, 42.491927], [143.318681, 42.491876], [143.319152, 42.491696], [143.319638, 42.491533], [143.319873, 42.491449], [143.320002, 42.491437], [143.320541, 42.49137], [143.321126, 42.49137], [143.321361, 42.491404], [143.321938, 42.491567], [143.322591, 42.491848], [143.322865, 42.491972], [143.323531, 42.492267], [143.323563, 42.492281], [143.323844, 42.492377], [143.324231, 42.492484], [143.324474, 42.492523], [143.324955, 42.492564]]}, "properties": {"name": "二の沢川", "system": "歴舟川水系", "river_code": "0100510000"}}, {"type": "Feature", "geometry": {"type": "LineString", "coordinates": [[143.227152, 42.529239], [143.228075, 42.528826], [143.228703, 42.528586], [143.229407, 42.52861], [143.230756, 42.528479], [143.231818, 42.528288], [143.23263, 42.528121], [143.23337, 42.527799], [143.234479, 42.527036], [143.234897, 42.526821], [143.235422, 42.526773], [143.236305, 42.526702], [143.237409, 42.526544], [143.238065, 42.526413], [143.239199, 42.525984], [143.241383, 42.525149], [143.242731, 42.524898], [143.243084, 42.524801], [143.243489, 42.524526], [143.243847, 42.524157], [143.244241, 42.523727], [143.244754, 42.523417], [143.245578, 42.522988], [143.24701, 42.522594], [143.248191, 42.522212], [143.248638, 42.521921], [143.249378, 42.521277], [143.250225, 42.520859], [143.251848, 42.520072], [143.254008, 42.518843], [143.255281, 42.518107], [143.256808, 42.517272], [143.258372, 42.516509], [143.260687, 42.515674], [143.263014, 42.514815], [143.265234, 42.514314], [143.26684, 42.514002], [143.268189, 42.51362], [143.27005, 42.513453], [143.271566, 42.513334], [143.272938, 42.51306], [143.273905, 42.512475], [143.275846, 42.511732], [143.276633, 42.511422], [143.277707, 42.511064], [143.279306, 42.510373], [143.280917, 42.509669], [143.282452, 42.509105], [143.28324, 42.508842], [143.285113, 42.508353], [143.286713, 42.507936], [143.288204, 42.507327], [143.289971, 42.506624], [143.291671, 42.506036], [143.29407, 42.505166], [143.295669, 42.504438], [143.29719, 42.503861], [143.299302, 42.503121], [143.30089, 42.502442], [143.30578, 42.50041], [143.30597, 42.500326], [143.306341, 42.500349]]}, "properties": {"name": "二の沢川", "system": "歴舟川水系", "river_code": "0100510000"}}, {"type": "Feature", "geometry": {"type": "LineString", "coordinates": [[143.386036, 42.455109], [143.386041, 42.454918], [143.386068, 42.454834], [143.386165, 42.454725], [143.386408, 42.454526], [143.386744, 42.454292], [143.387074, 42.454059], [143.38722, 42.453918], [143.387404, 42.453819], [143.38751, 42.453779], [143.387669, 42.453765], [143.38778, 42.453771], [143.387861, 42.453782], [143.388148, 42.453945], [143.388215, 42.45398], [143.388255, 42.453986], [143.38833, 42.453965], [143.388617, 42.453829], [143.389372, 42.453457], [143.389876, 42.453194], [143.390006, 42.453127], [143.390152, 42.453089], [143.390372, 42.453052], [143.390548, 42.453022], [143.390736, 42.452949], [143.390913, 42.452813], [143.390986, 42.45272], [143.391008, 42.452573], [143.390997, 42.452385], [143.390955, 42.452174], [143.390924, 42.451965], [143.390935, 42.451798], [143.390967, 42.451683], [143.391149, 42.451036]]}, "properties": {"name": "メム川", "system": "歴舟川水系", "river_code": "0100510000"}}, {"type": "Feature", "geometry": {"type": "LineString", "coordinates": [[143.384356, 42.457384], [143.384454, 42.457223], [143.384502, 42.457162], [143.384572, 42.457108], [143.384749, 42.457035], [143.385007, 42.45694], [143.385128, 42.456877], [143.385324, 42.456708], [143.38553, 42.456524], [143.385793, 42.456201], [143.385936, 42.45597], [143.386015, 42.455733], [143.386046, 42.455475], [143.386036, 42.455109]]}, "properties": {"name": "メム川", "system": "歴舟川水系", "river_code": "0100510000"}}, {"type": "Feature", "geometry": {"type": "LineString", "coordinates": [[143.363033, 42.47078], [143.363048, 42.470774], [143.363299, 42.470267], [143.363443, 42.470054], [143.363663, 42.469845], [143.363929, 42.46966], [143.364286, 42.469384], [143.364415, 42.469255], [143.364643, 42.468979], [143.364726, 42.468917], [143.364818, 42.468889], [143.365159, 42.468889], [143.365341, 42.468906], [143.365455, 42.46894], [143.365607, 42.469035], [143.365782, 42.469041], [143.365835, 42.469007], [143.365964, 42.468878], [143.366177, 42.468709], [143.366321, 42.468585], [143.366427, 42.468388], [143.366503, 42.468321], [143.36664, 42.46822], [143.366837, 42.468017], [143.366966, 42.467938], [143.367316, 42.467809], [143.367384, 42.467725], [143.367407, 42.467646], [143.367483, 42.467556], [143.367559, 42.467494], [143.367657, 42.467449], [143.367786, 42.467415], [143.367976, 42.467415], [143.368174, 42.467443], [143.368295, 42.467472], [143.368455, 42.467466], [143.368713, 42.467342], [143.368926, 42.467275], [143.369252, 42.46723], [143.369465, 42.467173], [143.370209, 42.467089], [143.370376, 42.467061], [143.370619, 42.46705], [143.370839, 42.467027], [143.371181, 42.466997], [143.371322, 42.466987], [143.371638, 42.466947], [143.37192, 42.466873], [143.372312, 42.466691], [143.372729, 42.466422], [143.373159, 42.466167], [143.3733, 42.466046], [143.373623, 42.465674], [143.373704, 42.46554], [143.373751, 42.465405], [143.373771, 42.465204], [143.373818, 42.465077], [143.373926, 42.464922], [143.374046, 42.464788], [143.374073, 42.464667], [143.37408, 42.464544], [143.374127, 42.464336], [143.374275, 42.464094], [143.374457, 42.463859], [143.374727, 42.463609], [143.375231, 42.463247], [143.375708, 42.462857], [143.376361, 42.462257], [143.376744, 42.461834], [143.377006, 42.461608], [143.377155, 42.461526], [143.377241, 42.461497], [143.377375, 42.461485], [143.377596, 42.461485], [143.378184, 42.46141], [143.378341, 42.461395], [143.378405, 42.461373], [143.378494, 42.461324], [143.378685, 42.461148], [143.378693, 42.461141], [143.378951, 42.460924], [143.379145, 42.460733], [143.379315, 42.46049], [143.379486, 42.460367], [143.379808, 42.460225], [143.380108, 42.460078], [143.380238, 42.460037], [143.380384, 42.460015], [143.380575, 42.460004], [143.380676, 42.460004], [143.380856, 42.460033], [143.381006, 42.460075], [143.381126, 42.460082], [143.381223, 42.460075], [143.381316, 42.460045], [143.381455, 42.459963], [143.381656, 42.459788], [143.381798, 42.459584], [143.381972, 42.459349], [143.382332, 42.458963], [143.382976, 42.458325], [143.383108, 42.458103], [143.38316, 42.458038], [143.383215, 42.458007], [143.383369, 42.457983], [143.383551, 42.457926], [143.383677, 42.457869], [143.383837, 42.45776], [143.384236, 42.457475], [143.384356, 42.457384]]}, "properties": {"name": "メム川", "system": "歴舟川水系", "river_code": "0100510000"}}, {"type": "Feature", "geometry": {"type": "LineString", "coordinates": [[143.337081, 42.491009], [143.337109, 42.490999], [143.337231, 42.490988], [143.337504, 42.490937], [143.337937, 42.490797], [143.339311, 42.490302], [143.340002, 42.490049], [143.340534, 42.489852], [143.340556, 42.489846], [143.340792, 42.489773], [143.340913, 42.489722], [143.341179, 42.489598], [143.341195, 42.489598], [143.341733, 42.489334], [143.342386, 42.489008], [143.342948, 42.488698], [143.343503, 42.488394], [143.343586, 42.488344], [143.34427, 42.487927], [143.344968, 42.487567], [143.345697, 42.487235], [143.345743, 42.487207], [143.346593, 42.486875], [143.346745, 42.486802], [143.346803, 42.486779], [143.347573, 42.48647], [143.348378, 42.486127], [143.349008, 42.485756], [143.34916, 42.485649], [143.349205, 42.485627], [143.349775, 42.485199], [143.350101, 42.484912], [143.350352, 42.484636], [143.350458, 42.484484], [143.350511, 42.484389], [143.350656, 42.484153], [143.351225, 42.48328], [143.351268, 42.483211], [143.351309, 42.483162], [143.352114, 42.482037], [143.353435, 42.48031], [143.353663, 42.480029], [143.353689, 42.480002], [143.35383, 42.47986], [143.354012, 42.479736], [143.354217, 42.479629], [143.354566, 42.479494], [143.355037, 42.479348], [143.355151, 42.479297], [143.355348, 42.479173], [143.356267, 42.478285], [143.357323, 42.477232], [143.357391, 42.477137], [143.357383, 42.476985], [143.357308, 42.47685], [143.357315, 42.47676], [143.357361, 42.47667], [143.357444, 42.476552], [143.357634, 42.476366], [143.357862, 42.476186], [143.358781, 42.475522], [143.358895, 42.475404], [143.358948, 42.475337], [143.359085, 42.475033], [143.359434, 42.474076], [143.359715, 42.473407], [143.359829, 42.473198], [143.359934, 42.473053], [143.359935, 42.473052], [143.360155, 42.472861], [143.360466, 42.472653], [143.362509, 42.47137], [143.36279, 42.471173], [143.362919, 42.471022], [143.363026, 42.47083], [143.363033, 42.47078]]}, "properties": {"name": "メム川", "system": "歴舟川水系", "river_code": "0100510000"}}, {"type": "Feature", "geometry": {"type": "LineString", "coordinates": [[143.309238, 42.535214], [143.309857, 42.534967], [143.309895, 42.534945], [143.310222, 42.534815], [143.310321, 42.53477], [143.312092, 42.534056], [143.312402, 42.533929], [143.312465, 42.533898], [143.312807, 42.533758], [143.314228, 42.533135], [143.31432, 42.533094], [143.315795, 42.532447], [143.315871, 42.532407], [143.317438, 42.531727], [143.31873, 42.531147], [143.319042, 42.531012], [143.319331, 42.530883], [143.319483, 42.530821], [143.32022, 42.530489], [143.321148, 42.530084], [143.321346, 42.529955], [143.321452, 42.529854], [143.32165, 42.529679], [143.321985, 42.529308], [143.322311, 42.528841], [143.322395, 42.528694], [143.322811, 42.527885], [143.322973, 42.527569], [143.323596, 42.526331], [143.324068, 42.525386], [143.324159, 42.525246], [143.324669, 42.524227], [143.325323, 42.522939], [143.326467, 42.520656], [143.326805, 42.51989], [143.32695, 42.519524], [143.327064, 42.519237], [143.327094, 42.519085], [143.327102, 42.518939], [143.327163, 42.518309], [143.327216, 42.517662], [143.327254, 42.517352], [143.327254, 42.517251], [143.32733, 42.5163], [143.327368, 42.516002], [143.327414, 42.515557], [143.327444, 42.515152], [143.327558, 42.51361], [143.327581, 42.513419], [143.327619, 42.513059], [143.327695, 42.512817], [143.328121, 42.511822], [143.328639, 42.510683], [143.328684, 42.510584], [143.328699, 42.510466], [143.329285, 42.509183], [143.329596, 42.508502], [143.329771, 42.508103], [143.330052, 42.507574], [143.33082, 42.506252], [143.331801, 42.504552], [143.332189, 42.503866], [143.332668, 42.503022], [143.332813, 42.502758], [143.332883, 42.502644], [143.332919, 42.502578], [143.333016, 42.502386], [143.333479, 42.501458], [143.333601, 42.50125], [143.333654, 42.501143], [143.333745, 42.50098], [143.334079, 42.500384], [143.334125, 42.500288], [143.334915, 42.498881], [143.335218, 42.49833], [143.335393, 42.498032], [143.33578, 42.497312], [143.336137, 42.496648], [143.336198, 42.496457], [143.336274, 42.49631], [143.336312, 42.496068], [143.336312, 42.495714], [143.336259, 42.495528], [143.336069, 42.495067], [143.33597, 42.494831], [143.335677, 42.494224], [143.335636, 42.494139], [143.335613, 42.494099], [143.33556, 42.493998], [143.335423, 42.493717], [143.335127, 42.492856], [143.33512, 42.492692], [143.33515, 42.492546], [143.335234, 42.4924], [143.335461, 42.49213], [143.335712, 42.491871], [143.336046, 42.491624], [143.336859, 42.491162], [143.336897, 42.491145], [143.337081, 42.491009]]}, "properties": {"name": "メム川", "system": "歴舟川水系", "river_code": "0100510000"}}, {"type": "Feature", "geometry": {"type": "LineString", "coordinates": [[143.284787, 42.532908], [143.28482, 42.532964], [143.285108, 42.533425], [143.285146, 42.533458], [143.285223, 42.533554], [143.285321, 42.533639], [143.285442, 42.533692], [143.28561, 42.533768], [143.285838, 42.533914], [143.286112, 42.534015], [143.287921, 42.534752], [143.287967, 42.534764], [143.288363, 42.534921], [143.288507, 42.534983], [143.289191, 42.535253], [143.289404, 42.535343], [143.289807, 42.535495], [143.290294, 42.535687], [143.290301, 42.535698], [143.291085, 42.536002], [143.2917, 42.536238], [143.292453, 42.536542], [143.292765, 42.536677], [143.293038, 42.536789], [143.293761, 42.537065], [143.293958, 42.53715], [143.294665, 42.537425], [143.29484, 42.53751], [143.295335, 42.537712], [143.295348, 42.537715], [143.29538, 42.537724], [143.296969, 42.53837], [143.297243, 42.538472], [143.297463, 42.538556], [143.297524, 42.538584], [143.297676, 42.538641], [143.297965, 42.538731], [143.298307, 42.538815], [143.298573, 42.53886], [143.298802, 42.538877], [143.29903, 42.538883], [143.299121, 42.538871], [143.299334, 42.538872], [143.299653, 42.538849], [143.299911, 42.53881], [143.300383, 42.538697], [143.30071, 42.538596], [143.301158, 42.538422], [143.301204, 42.538393], [143.301402, 42.53832], [143.30163, 42.538225], [143.302117, 42.538039], [143.303242, 42.537589], [143.303539, 42.537471], [143.304413, 42.537128], [143.304671, 42.537021], [143.305318, 42.536767], [143.305378, 42.536739], [143.30553, 42.536682], [143.306146, 42.536447], [143.306268, 42.53639], [143.306534, 42.536284], [143.30715, 42.536047], [143.308055, 42.535687], [143.309238, 42.535214]]}, "properties": {"name": "メム川", "system": "歴舟川水系", "river_code": "0100510000"}}, {"type": "Feature", "geometry": {"type": "LineString", "coordinates": [[143.214936, 42.543245], [143.216796, 42.54272], [143.218372, 42.542742], [143.219751, 42.542654], [143.221567, 42.542414], [143.223121, 42.542086], [143.224631, 42.541714], [143.225682, 42.541583], [143.226426, 42.541429], [143.227761, 42.54132], [143.229031, 42.541211], [143.23145, 42.54099], [143.233792, 42.540422], [143.236834, 42.539568], [143.239373, 42.538825], [143.239986, 42.538759], [143.242021, 42.538606], [143.2441, 42.53854], [143.248229, 42.538255], [143.24941, 42.538037], [143.250505, 42.537643], [143.252059, 42.537008], [143.253241, 42.536658], [143.256217, 42.535674], [143.257005, 42.53539], [143.261155, 42.534574], [143.264175, 42.534356], [143.265663, 42.533743], [143.26783, 42.532737], [143.269931, 42.531621], [143.270587, 42.531249], [143.272229, 42.530549], [143.273179, 42.530161], [143.273696, 42.52997], [143.27381, 42.529947], [143.273894, 42.529959], [143.274, 42.530043], [143.274456, 42.53051], [143.2747, 42.530752], [143.27505, 42.531022], [143.275247, 42.531106], [143.275468, 42.531168], [143.275688, 42.531208], [143.275871, 42.531225], [143.275954, 42.531219], [143.276342, 42.531225], [143.276715, 42.531213], [143.277004, 42.531174], [143.277361, 42.531095], [143.27765, 42.530988], [143.278182, 42.530724], [143.278798, 42.530415], [143.279132, 42.530279], [143.279444, 42.530178], [143.279725, 42.530111], [143.279954, 42.530077], [143.280334, 42.530077], [143.280463, 42.530088], [143.281421, 42.530167], [143.281786, 42.530206], [143.28212, 42.530257], [143.282167, 42.530262], [143.282273, 42.530274], [143.282485, 42.530319], [143.282668, 42.530364], [143.28301, 42.530493], [143.28317, 42.530583], [143.283307, 42.530679], [143.283459, 42.530809], [143.283664, 42.531034], [143.283877, 42.53136], [143.284787, 42.532908]]}, "properties": {"name": "メム川", "system": "歴舟川水系", "river_code": "0100510000"}}, {"type": "Feature", "geometry": {"type": "LineString", "coordinates": [[143.428662, 42.524813], [143.428943, 42.524166], [143.428966, 42.524003], [143.428973, 42.523986], [143.42924, 42.523452], [143.429422, 42.52303], [143.429652, 42.522463], [143.429718, 42.522298], [143.430274, 42.520886], [143.430555, 42.520205]]}, "properties": {"name": null, "system": "当縁川水系", "river_code": "0100500000"}}, {"type": "Feature", "geometry": {"type": "LineString", "coordinates": [[143.415516, 42.522035], [143.416136, 42.521746], [143.416942, 42.521313], [143.418186, 42.520816], [143.419592, 42.520936], [143.420325, 42.521008], [143.421371, 42.520948], [143.422585, 42.521008], [143.42315, 42.521201], [143.424016, 42.521741], [143.424749, 42.522162], [143.425038, 42.522282], [143.425846, 42.522223], [143.42682, 42.521958], [143.427806, 42.521886], [143.428527, 42.521682], [143.429224, 42.521285], [143.429878, 42.520802], [143.430555, 42.520205]]}, "properties": {"name": "サカ川", "system": "当縁川水系", "river_code": "0100500000"}}, {"type": "Feature", "geometry": {"type": "LineString", "coordinates": [[143.437853, 42.522934], [143.437899, 42.52303], [143.437913, 42.523105], [143.437906, 42.523221], [143.437808, 42.523463], [143.437747, 42.523671], [143.437747, 42.523801], [143.437815, 42.523902], [143.437861, 42.523935], [143.437998, 42.524003], [143.438386, 42.524121], [143.438865, 42.524245], [143.439024, 42.524245], [143.439138, 42.524189], [143.439245, 42.524104], [143.439389, 42.523896], [143.439503, 42.523694], [143.439549, 42.523587], [143.439553, 42.523565], [143.439595, 42.523339], [143.439655, 42.52317], [143.439754, 42.523002], [143.43983, 42.522912], [143.439914, 42.522855], [143.440028, 42.522827], [143.440172, 42.522822], [143.440363, 42.522878], [143.440484, 42.522945], [143.440651, 42.52308], [143.440834, 42.523356], [143.441236, 42.523902], [143.441488, 42.524217], [143.441594, 42.524318], [143.441678, 42.524369], [143.441807, 42.524419], [143.441913, 42.524442], [143.442134, 42.524442], [143.442293, 42.524414], [143.442461, 42.524374], [143.442582, 42.524369]]}, "properties": {"name": "一の沢川", "system": "当縁川水系", "river_code": "0100500000"}}, {"type": "Feature", "geometry": {"type": "LineString", "coordinates": [[143.40911, 42.536245], [143.409562, 42.53576], [143.410027, 42.535485], [143.410591, 42.535177], [143.411292, 42.534895], [143.411994, 42.534548], [143.412531, 42.534214], [143.412894, 42.533885], [143.413196, 42.533446], [143.413333, 42.532738], [143.413432, 42.532332], [143.413864, 42.531906], [143.414323, 42.531605], [143.414876, 42.531276], [143.415859, 42.53102], [143.417117, 42.530935], [143.417937, 42.530922], [143.419034, 42.530967], [143.420103, 42.530974], [143.420896, 42.530797], [143.421571, 42.530633], [143.422577, 42.530212], [143.423232, 42.529681], [143.42413, 42.528993], [143.424755, 42.528355], [143.425122, 42.527608], [143.425502, 42.526678], [143.425975, 42.525836], [143.426218, 42.525391], [143.426473, 42.525155], [143.426762, 42.525057], [143.427588, 42.525011], [143.429039, 42.525069], [143.429957, 42.525102], [143.430966, 42.524938], [143.431523, 42.524787], [143.432529, 42.524399], [143.433322, 42.524019], [143.433879, 42.523626], [143.434423, 42.5232], [143.434937, 42.522943], [143.435691, 42.522864], [143.436936, 42.522897], [143.437618, 42.522884], [143.437853, 42.522934]]}, "properties": {"name": "一の沢川", "system": "当縁川水系", "river_code": "0100500000"}}, {"type": "Feature", "geometry": {"type": "LineString", "coordinates": [[143.459594, 42.50955], [143.460353, 42.508678]]}, "properties": {"name": "下当縁川", "system": "当縁川水系", "river_code": "0100500000"}}, {"type": "Feature", "geometry": {"type": "LineString", "coordinates": [[143.45615, 42.514016], [143.456322, 42.512893], [143.456582, 42.51221], [143.45695, 42.511821], [143.458232, 42.510915], [143.459571, 42.509577], [143.459594, 42.50955]]}, "properties": {"name": "下当縁川", "system": "当縁川水系", "river_code": "0100500000"}}, {"type": "Feature", "geometry": {"type": "LineString", "coordinates": [[143.442582, 42.524369], [143.442742, 42.524341], [143.44278, 42.524324], [143.442856, 42.524262], [143.442925, 42.524155], [143.44297, 42.524042], [143.442963, 42.523767], [143.442917, 42.523637], [143.442643, 42.523058], [143.442613, 42.522855], [143.442529, 42.522552], [143.442537, 42.522467], [143.442582, 42.522434], [143.442651, 42.522422], [143.442978, 42.522428], [143.443221, 42.522462], [143.443632, 42.522546], [143.44389, 42.522619], [143.444073, 42.522693], [143.444248, 42.522799], [143.444339, 42.522878], [143.444483, 42.523036], [143.444605, 42.523199], [143.444893, 42.523649], [143.44503, 42.523767], [143.445274, 42.523919], [143.445449, 42.524009], [143.445623, 42.524076], [143.445692, 42.524093], [143.445851, 42.524093], [143.445966, 42.524048], [143.446049, 42.523981], [143.446141, 42.523868], [143.446216, 42.5237], [143.4463, 42.523334], [143.446315, 42.523137], [143.446315, 42.522901], [143.446277, 42.522754], [143.446224, 42.522614], [143.446224, 42.522462], [143.44627, 42.522389], [143.446361, 42.522276], [143.446399, 42.52218], [143.44643, 42.522164], [143.446528, 42.522147], [143.446718, 42.522158], [143.446749, 42.522169], [143.446886, 42.522192], [143.447076, 42.522259], [143.447304, 42.522389], [143.447831, 42.522793], [143.448193, 42.52307], [143.448566, 42.523306], [143.448824, 42.523452], [143.449136, 42.52357], [143.449258, 42.523593], [143.449569, 42.523598], [143.449782, 42.523638], [143.44998, 42.523632], [143.450064, 42.523582], [143.450375, 42.523368], [143.450459, 42.523289], [143.450489, 42.523216], [143.450489, 42.523143], [143.450421, 42.523047], [143.450079, 42.522805], [143.450018, 42.522721], [143.449995, 42.522642], [143.449995, 42.52222], [143.450056, 42.522158], [143.450178, 42.522119], [143.450474, 42.522119], [143.450763, 42.522158], [143.450984, 42.522209], [143.451303, 42.522305], [143.452017, 42.52258], [143.452785, 42.522918], [143.452907, 42.522918], [143.452991, 42.522856], [143.453051, 42.522766], [143.453143, 42.522502], [143.453241, 42.522333], [143.453333, 42.522215], [143.45334, 42.522187], [143.453538, 42.52199], [143.45404, 42.521601], [143.454276, 42.52136], [143.454633, 42.520949], [143.454777, 42.52082], [143.45481, 42.520793], [143.455135, 42.520527], [143.455234, 42.520409], [143.455264, 42.520319], [143.455302, 42.520133], [143.455312, 42.519852], [143.455343, 42.519594], [143.455375, 42.519538], [143.455447, 42.519479], [143.455566, 42.519436], [143.45581, 42.51944], [143.456257, 42.519553], [143.456941, 42.519773], [143.457189, 42.519799], [143.45757, 42.519795], [143.457711, 42.519761], [143.457865, 42.519692], [143.458833, 42.519135], [143.459223, 42.518903], [143.459283, 42.518822], [143.459283, 42.518698], [143.459197, 42.518268], [143.45921, 42.518106], [143.459375, 42.51764], [143.459383, 42.517491], [143.459336, 42.517358], [143.45917, 42.5172], [143.45871, 42.516923], [143.457865, 42.516727], [143.457331, 42.516603], [143.456971, 42.516398], [143.456736, 42.516184], [143.456489, 42.515873], [143.456292, 42.515444], [143.456222, 42.515155], [143.456186, 42.515007], [143.45615, 42.514016]]}, "properties": {"name": "下当縁川", "system": "当縁川水系", "river_code": "0100500000"}}, {"type": "Feature", "geometry": {"type": "LineString", "coordinates": [[143.434971, 42.536823], [143.434964, 42.5367], [143.434926, 42.536474], [143.434835, 42.536058], [143.434835, 42.535833], [143.434857, 42.535721], [143.434926, 42.535558], [143.435123, 42.53535], [143.435291, 42.535276], [143.435344, 42.535265], [143.43558, 42.535153], [143.435739, 42.535051], [143.435739, 42.53504], [143.435853, 42.534933], [143.436606, 42.533932], [143.436758, 42.533775], [143.437001, 42.533594], [143.43704, 42.533583], [143.437207, 42.533493], [143.437389, 42.533414], [143.437754, 42.533313], [143.438104, 42.533246], [143.438263, 42.533223], [143.439419, 42.533161], [143.439541, 42.53315], [143.440255, 42.533111], [143.440795, 42.533088], [143.441746, 42.533071], [143.441837, 42.533054], [143.441882, 42.53306], [143.441943, 42.533049], [143.442111, 42.532998], [143.442186, 42.532976], [143.442392, 42.532892], [143.442544, 42.532802], [143.44262, 42.532745], [143.443327, 42.532121], [143.443601, 42.531879], [143.443738, 42.531755], [143.443821, 42.531654], [143.443912, 42.531519], [143.443912, 42.531237], [143.443867, 42.53108], [143.443836, 42.53099], [143.443661, 42.530574], [143.443388, 42.530039], [143.443244, 42.529842], [143.442894, 42.529516], [143.442552, 42.52919], [143.442202, 42.528835], [143.441913, 42.528503], [143.441867, 42.52847], [143.441799, 42.528391], [143.4417, 42.528194], [143.441647, 42.527997], [143.441647, 42.527766], [143.441746, 42.52735], [143.441921, 42.526726], [143.442088, 42.526124], [143.442327, 42.525293], [143.442544, 42.524538], [143.442582, 42.524436], [143.442582, 42.524369]]}, "properties": {"name": "下当縁川", "system": "当縁川水系", "river_code": "0100500000"}}, {"type": "Feature", "geometry": {"type": "LineString", "coordinates": [[143.464491, 42.512736], [143.464408, 42.512243], [143.464079, 42.511717]]}, "properties": {"name": null, "system": "当縁川水系", "river_code": "0100500000"}}, {"type": "Feature", "geometry": {"type": "LineString", "coordinates": [[143.465321, 42.514509], [143.465021, 42.513503], [143.464491, 42.512736]]}, "properties": {"name": null, "system": "当縁川水系", "river_code": "0100500000"}}, {"type": "Feature", "geometry": {"type": "LineString", "coordinates": [[143.465426, 42.515615], [143.465458, 42.515513], [143.46545, 42.515393], [143.465381, 42.515204], [143.465321, 42.514509]]}, "properties": {"name": null, "system": "当縁川水系", "river_code": "0100500000"}}, {"type": "Feature", "geometry": {"type": "LineString", "coordinates": [[143.466257, 42.51658], [143.466138, 42.5164], [143.466071, 42.516322], [143.465989, 42.516266], [143.465827, 42.51621], [143.465776, 42.516189], [143.465731, 42.516152], [143.465614, 42.515974], [143.465555, 42.515889], [143.465498, 42.515782], [143.465426, 42.515615]]}, "properties": {"name": null, "system": "当縁川水系", "river_code": "0100500000"}}, {"type": "Feature", "geometry": {"type": "LineString", "coordinates": [[143.468577, 42.516815], [143.468501, 42.516646], [143.468352, 42.516477], [143.468188, 42.516361], [143.468024, 42.516292], [143.46759, 42.51625], [143.467463, 42.516208], [143.467203, 42.516038], [143.466906, 42.515847], [143.466546, 42.515662], [143.466222, 42.515412], [143.466021, 42.515195], [143.465835, 42.514879], [143.465591, 42.514731], [143.465321, 42.514509]]}, "properties": {"name": null, "system": "当縁川水系", "river_code": "0100500000"}}, {"type": "Feature", "geometry": {"type": "LineString", "coordinates": [[143.469, 42.517612], [143.468991, 42.517448], [143.468898, 42.517096], [143.468873, 42.517068], [143.468701, 42.516969], [143.468577, 42.516815]]}, "properties": {"name": null, "system": "当縁川水系", "river_code": "0100500000"}}, {"type": "Feature", "geometry": {"type": "LineString", "coordinates": [[143.458358, 42.511507], [143.458366, 42.511498], [143.458473, 42.511392], [143.45918, 42.510458], [143.459309, 42.510345], [143.459431, 42.510272], [143.4595, 42.510188], [143.459568, 42.510109], [143.459593, 42.509901], [143.459594, 42.50955]]}, "properties": {"name": null, "system": "当縁川水系", "river_code": "0100500000"}}, {"type": "Feature", "geometry": {"type": "LineString", "coordinates": [[143.457477, 42.513518], [143.457446, 42.51345], [143.457446, 42.513158], [143.457317, 42.512888], [143.457302, 42.512798], [143.457317, 42.512516], [143.457363, 42.51237], [143.457424, 42.512252], [143.457538, 42.512123], [143.457819, 42.511909], [143.45785, 42.511898], [143.458123, 42.511718], [143.45829, 42.511577], [143.458358, 42.511507]]}, "properties": {"name": null, "system": "当縁川水系", "river_code": "0100500000"}}, {"type": "Feature", "geometry": {"type": "LineString", "coordinates": [[143.456717, 42.507723], [143.456838, 42.507763], [143.457127, 42.507819], [143.457249, 42.507864], [143.457393, 42.507988], [143.457561, 42.508117], [143.457729, 42.508247]]}, "properties": {"name": null, "system": "当縁川水系", "river_code": "0100500000"}}, {"type": "Feature", "geometry": {"type": "LineString", "coordinates": [[143.444781, 42.505968], [143.445123, 42.505974], [143.44526, 42.505996], [143.445769, 42.50625], [143.44605, 42.506424], [143.446126, 42.506458], [143.446445, 42.506491], [143.446681, 42.506615], [143.446765, 42.506688], [143.446803, 42.506778], [143.446803, 42.506981], [143.446765, 42.507093], [143.446772, 42.507149], [143.446864, 42.507206], [143.447267, 42.507374], [143.447495, 42.507436], [143.44786, 42.507431], [143.44805, 42.507397], [143.448316, 42.507296], [143.448528, 42.507178], [143.448643, 42.507088], [143.448818, 42.506852], [143.449023, 42.506525], [143.449152, 42.506373], [143.449251, 42.506295], [143.449418, 42.506204], [143.449578, 42.506143], [143.449707, 42.506131], [143.449836, 42.506103], [143.449905, 42.506064], [143.450087, 42.505839], [143.450194, 42.505749], [143.450399, 42.505631], [143.450695, 42.505395], [143.450794, 42.50535], [143.45087, 42.505333], [143.451023, 42.505344], [143.451228, 42.505412], [143.45135, 42.505412], [143.451547, 42.505327], [143.451821, 42.505277], [143.452345, 42.505316], [143.452703, 42.505367], [143.452938, 42.505423], [143.453235, 42.505535], [143.453569, 42.505637], [143.453702, 42.505672], [143.453889, 42.505721], [143.454117, 42.505811], [143.454223, 42.505873], [143.454276, 42.505935], [143.454315, 42.506087], [143.454497, 42.506278], [143.45452, 42.506328], [143.454535, 42.506565], [143.454596, 42.506677], [143.454725, 42.506778], [143.455212, 42.507037], [143.455736, 42.507369], [143.455835, 42.507414], [143.456162, 42.50742], [143.456321, 42.507465], [143.456443, 42.507532], [143.456694, 42.507712], [143.456717, 42.507723]]}, "properties": {"name": null, "system": "当縁川水系", "river_code": "0100500000"}}, {"type": "Feature", "geometry": {"type": "LineString", "coordinates": [[143.45129, 42.510014], [143.451456, 42.510086], [143.45198, 42.510283], [143.45252, 42.510452], [143.453029, 42.510581], [143.45366, 42.510694], [143.45385, 42.510694], [143.453949, 42.510694], [143.454148, 42.510695]]}, "properties": {"name": null, "system": "当縁川水系", "river_code": "0100500000"}}, {"type": "Feature", "geometry": {"type": "LineString", "coordinates": [[143.445178, 42.508941], [143.445487, 42.508966], [143.445738, 42.508904], [143.445921, 42.508843], [143.445997, 42.508815], [143.446263, 42.50873], [143.446339, 42.508708], [143.446438, 42.508708], [143.446514, 42.508697], [143.446589, 42.508681], [143.446902, 42.508556], [143.447211, 42.50842], [143.447441, 42.508359], [143.44754, 42.508376], [143.447669, 42.50846], [143.448528, 42.509231], [143.448855, 42.509462], [143.44897, 42.509507], [143.449084, 42.509535], [143.44922, 42.509597], [143.449258, 42.509625], [143.449456, 42.509698], [143.449623, 42.509743], [143.449943, 42.509782], [143.450049, 42.509782], [143.450216, 42.50972], [143.450361, 42.509709], [143.45046, 42.509658], [143.450596, 42.509681], [143.450695, 42.509715], [143.451121, 42.50994], [143.45129, 42.510014]]}, "properties": {"name": null, "system": "当縁川水系", "river_code": "0100500000"}}, {"type": "Feature", "geometry": {"type": "LineString", "coordinates": [[142.997715, 42.398216], [142.997851, 42.398239], [142.998086, 42.398222], [142.998185, 42.398194], [142.998518, 42.398019], [142.998769, 42.397963], [142.999482, 42.397957], [142.999884, 42.397907], [143.000157, 42.397867], [143.000172, 42.397856], [143.000892, 42.397721], [143.000999, 42.397698], [143.001249, 42.397704], [143.001362, 42.397732], [143.001651, 42.397856], [143.00184, 42.397946], [143.002189, 42.398087], [143.002234, 42.398115], [143.002523, 42.398222], [143.002758, 42.398284], [143.00294, 42.3983], [143.003516, 42.398345], [143.00407, 42.398453], [143.004441, 42.398582], [143.004494, 42.398599], [143.004828, 42.398627], [143.005397, 42.398633], [143.005663, 42.398678], [143.005784, 42.398678], [143.006034, 42.398644], [143.006785, 42.39843], [143.007581, 42.398261], [143.008029, 42.398222], [143.008373, 42.398238], [143.008977, 42.398267], [143.009704, 42.398278], [143.010061, 42.398301], [143.010228, 42.39829], [143.010357, 42.398256], [143.010433, 42.3982], [143.010698, 42.397958], [143.010842, 42.397857], [143.011123, 42.397738], [143.011221, 42.397721], [143.011388, 42.397727], [143.011631, 42.397761], [143.011904, 42.397783], [143.012404, 42.397789], [143.012966, 42.397716], [143.013087, 42.397716], [143.013185, 42.397738], [143.013329, 42.3978], [143.013595, 42.397958], [143.013929, 42.398155], [143.014126, 42.398211], [143.014611, 42.398217], [143.014786, 42.398239], [143.014968, 42.398284], [143.015074, 42.398369], [143.015142, 42.39847], [143.015271, 42.39892], [143.015294, 42.399089], [143.015324, 42.399207], [143.015392, 42.399663], [143.015468, 42.400029], [143.015506, 42.400389], [143.015529, 42.400484], [143.015529, 42.400867], [143.015359, 42.401474], [143.015354, 42.401491], [143.015301, 42.401598], [143.015149, 42.401778], [143.014641, 42.402279], [143.014497, 42.402482], [143.014467, 42.402555], [143.014474, 42.402662], [143.014558, 42.402785], [143.014641, 42.40287], [143.014702, 42.402915], [143.015036, 42.403056], [143.01524, 42.403112], [143.015301, 42.403118], [143.015528, 42.403174], [143.015893, 42.403168], [143.016264, 42.403073], [143.016484, 42.403073], [143.016674, 42.403106], [143.017, 42.403253], [143.017038, 42.403281], [143.017728, 42.403607], [143.017887, 42.403731], [143.018092, 42.403973], [143.018122, 42.404024], [143.018388, 42.404237], [143.018562, 42.404299], [143.018691, 42.404322], [143.018767, 42.404344], [143.018797, 42.404344], [143.019078, 42.404468], [143.019298, 42.404699], [143.019396, 42.4048], [143.019555, 42.404947], [143.019881, 42.4052], [143.020071, 42.405279], [143.020329, 42.405352], [143.020534, 42.405408], [143.020875, 42.405582], [143.021133, 42.405779], [143.021292, 42.40592], [143.021436, 42.406258], [143.021474, 42.40637], [143.021504, 42.406505], [143.021565, 42.406612], [143.021616, 42.406676], [143.021846, 42.406961], [143.021853, 42.407011], [143.021883, 42.40709], [143.021876, 42.407343], [143.021785, 42.407569], [143.021519, 42.40799], [143.021519, 42.408238], [143.02161, 42.408435], [143.021663, 42.408655], [143.021671, 42.408716], [143.021747, 42.408925], [143.021762, 42.409116], [143.021754, 42.409274], [143.021709, 42.409375], [143.021511, 42.409617], [143.021443, 42.409684], [143.021155, 42.4101], [143.021049, 42.410309], [143.021011, 42.410415], [143.02095, 42.410691], [143.02092, 42.410793], [143.02092, 42.410888], [143.020897, 42.411091], [143.020935, 42.411468], [143.02095, 42.411631], [143.02092, 42.411991], [143.02092, 42.412104], [143.020889, 42.412379], [143.020887, 42.412406], [143.020882, 42.413471], [143.020867, 42.413685], [143.02076, 42.41427], [143.020745, 42.414354], [143.020624, 42.41477], [143.020525, 42.414967], [143.020336, 42.415221], [143.020222, 42.415367], [143.01985, 42.415783], [143.019706, 42.416025], [143.019494, 42.416464], [143.019479, 42.4167], [143.01957, 42.416914], [143.019881, 42.417212], [143.020078, 42.417409], [143.020154, 42.417471], [143.020298, 42.417634], [143.020472, 42.417657], [143.020738, 42.417719], [143.020882, 42.417792], [143.021185, 42.417905], [143.021405, 42.418034], [143.021466, 42.418107], [143.021776, 42.418574], [143.021837, 42.418692], [143.021868, 42.41885], [143.021837, 42.419007], [143.021795, 42.419244], [143.021784, 42.419283], [143.021699, 42.419482], [143.021596, 42.419634], [143.021613, 42.419891], [143.021597, 42.419982], [143.021555, 42.420072], [143.021471, 42.420179], [143.021365, 42.420292], [143.021133, 42.420489], [143.021051, 42.420572], [143.020966, 42.420672], [143.020858, 42.42081], [143.020585, 42.4212], [143.020523, 42.421299], [143.020487, 42.42139], [143.020468, 42.421459], [143.020459, 42.421528], [143.020464, 42.421592], [143.020484, 42.421642], [143.020521, 42.421713], [143.020638, 42.421823], [143.020785, 42.42193], [143.021084, 42.422159], [143.021391, 42.422397], [143.021672, 42.422639], [143.021759, 42.422724], [143.021819, 42.422804], [143.021861, 42.422885], [143.021888, 42.422979], [143.0219, 42.423089], [143.0219, 42.423656], [143.021872, 42.423792], [143.021826, 42.423937], [143.02175, 42.424091], [143.021667, 42.424265], [143.021632, 42.424378], [143.021625, 42.424456], [143.021628, 42.424552], [143.021639, 42.424628], [143.021692, 42.424777], [143.021856, 42.425137], [143.021897, 42.425217], [143.021989, 42.425332], [143.022211, 42.425554], [143.022404, 42.425745], [143.022471, 42.425804], [143.022547, 42.42586], [143.022828, 42.425985], [143.023095, 42.426118], [143.023238, 42.426199], [143.023431, 42.426302], [143.023574, 42.426394], [143.023733, 42.426519], [143.023848, 42.426634], [143.023974, 42.426788], [143.024046, 42.426901], [143.024122, 42.427058], [143.024211, 42.427278], [143.024251, 42.427405], [143.024283, 42.42752], [143.024315, 42.427579], [143.024385, 42.427643], [143.024488, 42.427712], [143.024837, 42.427909], [143.024953, 42.427974], [143.025143, 42.428076], [143.025233, 42.428122], [143.025323, 42.42815], [143.025428, 42.428175], [143.026454, 42.428311], [143.026822, 42.428367], [143.026981, 42.428404], [143.027112, 42.428449], [143.027208, 42.428491], [143.02731, 42.428557], [143.02771, 42.428868], [143.027836, 42.428994], [143.027949, 42.429125], [143.028101, 42.429337], [143.028177, 42.429411], [143.02826, 42.429466], [143.028366, 42.429512], [143.028464, 42.429547], [143.028602, 42.429584], [143.028788, 42.429623], [143.029202, 42.429696], [143.029526, 42.429759], [143.029727, 42.429808], [143.030053, 42.429912], [143.030469, 42.43005], [143.030942, 42.430221], [143.031262, 42.43034], [143.031369, 42.430372], [143.031516, 42.4304], [143.031824, 42.430451], [143.031912, 42.430488], [143.032034, 42.430557], [143.032108, 42.430633], [143.032196, 42.430756], [143.032256, 42.430879], [143.032333, 42.431075], [143.032488, 42.431434], [143.032559, 42.431566], [143.032631, 42.43166], [143.032719, 42.431739], [143.032822, 42.431801], [143.032923, 42.43185], [143.033039, 42.431889], [143.033496, 42.432023]]}, "properties": {"name": "クマの沢川", "system": "歴舟川水系", "river_code": "0100510000"}}, {"type": "Feature", "geometry": {"type": "LineString", "coordinates": [[143.051106, 42.540764], [143.051297, 42.540764], [143.051671, 42.540847], [143.052035, 42.540859], [143.052275, 42.540937], [143.052599, 42.540998], [143.052761, 42.541093], [143.053024, 42.541334], [143.053628, 42.541473], [143.054556, 42.541485], [143.055031, 42.541635], [143.055306, 42.541619], [143.056356, 42.541446], [143.056749, 42.54129], [143.056883, 42.541301], [143.057252, 42.541418], [143.057475, 42.541424], [143.057643, 42.541362], [143.058089, 42.541061], [143.058225, 42.540983], [143.058387, 42.540999], [143.058566, 42.541094], [143.05875, 42.541323], [143.058974, 42.541687], [143.059555, 42.542312], [143.059768, 42.542464], [143.060494, 42.542537], [143.060712, 42.54259], [143.061608, 42.54281], [143.062106, 42.543058], [143.062508, 42.543219], [143.062826, 42.543409], [143.063318, 42.543499], [143.064027, 42.543487], [143.064313, 42.543381], [143.065341, 42.542801], [143.065818, 42.542509], [143.066063, 42.542459], [143.066292, 42.542492], [143.06674, 42.542627], [143.067042, 42.54276], [143.067338, 42.543151], [143.067579, 42.543426], [143.067863, 42.543521], [143.068887, 42.543639], [143.06996, 42.543924], [143.070502, 42.544113], [143.070665, 42.54417], [143.070877, 42.544354], [143.071168, 42.544835], [143.071526, 42.545114], [143.071799, 42.545282], [143.072231, 42.545372], [143.072666, 42.545367], [143.073109, 42.545322], [143.073523, 42.545411], [143.073981, 42.545501], [143.074422, 42.545646], [143.074763, 42.545719], [143.07493, 42.545886], [143.075361, 42.546764], [143.075451, 42.54705], [143.075602, 42.547217], [143.076266, 42.547546], [143.076385, 42.547721], [143.076414, 42.54796]]}, "properties": {"name": "ポンヤオロヌップ川", "system": "歴舟川水系", "river_code": "0100510000"}}, {"type": "Feature", "geometry": {"type": "LineString", "coordinates": [[142.99893, 42.536311], [142.999039, 42.536323], [143.000269, 42.537138], [143.000885, 42.537475], [143.001064, 42.537459], [143.001232, 42.537397], [143.001624, 42.537139], [143.002126, 42.537022], [143.002501, 42.537], [143.002679, 42.537089], [143.002796, 42.53724], [143.00288, 42.537513], [143.003194, 42.538631], [143.003418, 42.539046], [143.003608, 42.539275], [143.003843, 42.539353], [143.004335, 42.539393], [143.004609, 42.539504], [143.0051, 42.539845], [143.005184, 42.539995], [143.005201, 42.540399], [143.005313, 42.540868], [143.005414, 42.540997], [143.005632, 42.541137], [143.0059, 42.541271], [143.005921, 42.541287], [143.00609, 42.541416], [143.006269, 42.541656], [143.006426, 42.541836], [143.006655, 42.542003], [143.006778, 42.542321], [143.006818, 42.542669], [143.006784, 42.542925], [143.006655, 42.543104], [143.006482, 42.543194], [143.005795, 42.543451], [143.005689, 42.543602], [143.005784, 42.543843], [143.006113, 42.544089], [143.006778, 42.54448], [143.007331, 42.544921], [143.007941, 42.545207], [143.008829, 42.545749], [143.009389, 42.546124], [143.009691, 42.546168], [143.009892, 42.54614], [143.010083, 42.545995], [143.010653, 42.54551], [143.010921, 42.545432], [143.011295, 42.54551], [143.01144, 42.545598], [143.011553, 42.545666], [143.011927, 42.54594], [143.012575, 42.54633], [143.013018, 42.546427], [143.01351, 42.546494], [143.013884, 42.546527], [143.014511, 42.546544], [143.01498, 42.546661], [143.015359, 42.546806], [143.015596, 42.546829], [143.015746, 42.546756], [143.016171, 42.546404], [143.016327, 42.546354], [143.016489, 42.546343], [143.016612, 42.546404], [143.016814, 42.546544], [143.017071, 42.546583], [143.017892, 42.546661], [143.018128, 42.546762], [143.018368, 42.547019], [143.018637, 42.547366], [143.018972, 42.547706], [143.019235, 42.547835], [143.019521, 42.547902], [143.019744, 42.547858], [143.019928, 42.547724], [143.020168, 42.547478], [143.020398, 42.547378], [143.020578, 42.54736], [143.020712, 42.547315], [143.020823, 42.547224], [143.020902, 42.547159], [143.021119, 42.546936], [143.021298, 42.546863], [143.021684, 42.546869], [143.022333, 42.546801], [143.022563, 42.546852], [143.022853, 42.54698], [143.023126, 42.547147], [143.023691, 42.547729], [143.02401, 42.548043], [143.024234, 42.548121], [143.024485, 42.548132], [143.02482, 42.548082], [143.025118, 42.547953], [143.025274, 42.547864], [143.025448, 42.547641], [143.025615, 42.547233], [143.0258, 42.547125], [143.026035, 42.547131], [143.026844, 42.547176], [143.027125, 42.547069], [143.02736, 42.546829], [143.027633, 42.546595], [143.02784, 42.546534], [143.02816, 42.546572], [143.028462, 42.546522], [143.029523, 42.546159], [143.029974, 42.546022], [143.030429, 42.545885], [143.030776, 42.545734], [143.031077, 42.545467], [143.031363, 42.545275], [143.031553, 42.545175], [143.031631, 42.54508], [143.031654, 42.544962], [143.031581, 42.544717], [143.031638, 42.544497], [143.031828, 42.544391], [143.032313, 42.544157], [143.033214, 42.543917], [143.033828, 42.543872], [143.033992, 42.543917], [143.03436, 42.544168], [143.034516, 42.544213], [143.034639, 42.544196], [143.034768, 42.544107], [143.035019, 42.543917], [143.035203, 42.543811], [143.035439, 42.543805], [143.036434, 42.543783], [143.036759, 42.543732], [143.037239, 42.543699], [143.037474, 42.543632], [143.037872, 42.543436], [143.038207, 42.543224], [143.03847, 42.543157], [143.038755, 42.54309], [143.038894, 42.543017], [143.039052, 42.542815], [143.039081, 42.5428], [143.039331, 42.54267], [143.039482, 42.542625], [143.03975, 42.542637], [143.040068, 42.54272], [143.040243, 42.542804], [143.040723, 42.543067], [143.040924, 42.543089], [143.041069, 42.54305], [143.041192, 42.542944], [143.041276, 42.542838], [143.041243, 42.542447], [143.041339, 42.542072], [143.041506, 42.541854], [143.04173, 42.541675], [143.04201, 42.541602], [143.042328, 42.541518], [143.04282, 42.54149], [143.043123, 42.541451], [143.043536, 42.541373], [143.04371, 42.541323], [143.043905, 42.541312], [143.044324, 42.541412], [143.044839, 42.541462], [143.045213, 42.541529], [143.045314, 42.541507], [143.045414, 42.541418], [143.045683, 42.54106], [143.045879, 42.540904], [143.046264, 42.54068], [143.046516, 42.540495], [143.04674, 42.540378], [143.04698, 42.540267], [143.047215, 42.540188], [143.047646, 42.540132], [143.047956, 42.540142], [143.04816, 42.540149], [143.048355, 42.540071], [143.048613, 42.539998], [143.048786, 42.540015], [143.049026, 42.540099], [143.0493, 42.540311], [143.049501, 42.540573], [143.049714, 42.540691], [143.050257, 42.540786], [143.050782, 42.540814], [143.050922, 42.540797], [143.05109, 42.540764], [143.051106, 42.540764]]}, "properties": {"name": "ポンヤオロヌップ川", "system": "歴舟川水系", "river_code": "0100510000"}}, {"type": "Feature", "geometry": {"type": "LineString", "coordinates": [[142.982636, 42.526006], [142.982607, 42.526164], [142.982607, 42.526254], [142.982769, 42.526649], [142.983164, 42.527269], [142.983339, 42.527452], [142.983594, 42.527599], [142.983839, 42.52766], [142.983957, 42.527682], [142.98416, 42.527668], [142.984428, 42.527644], [142.984717, 42.527615], [142.984831, 42.527599], [142.985083, 42.527495], [142.985211, 42.527471], [142.985399, 42.527436], [142.985597, 42.527418], [142.985791, 42.52745], [142.986061, 42.527538], [142.986224, 42.527605], [142.986479, 42.527796], [142.986676, 42.528067], [142.986762, 42.528224], [142.986884, 42.528342], [142.987345, 42.52856], [142.987998, 42.528835], [142.988538, 42.529052], [142.988994, 42.529311], [142.989584, 42.529732], [142.990053, 42.53007], [142.990194, 42.530177], [142.990288, 42.530214], [142.990312, 42.530224], [142.990466, 42.530251], [142.990765, 42.530237], [142.991371, 42.530182], [142.991551, 42.53019], [142.991701, 42.530217], [142.991791, 42.530272], [142.991917, 42.530469], [142.991953, 42.53059], [142.991945, 42.530751], [142.991839, 42.531022], [142.991791, 42.531144], [142.991791, 42.531246], [142.991827, 42.531364], [142.99187, 42.531439], [142.991964, 42.531522], [142.992102, 42.531608], [142.992709, 42.531919], [142.992957, 42.532094], [142.993057, 42.53218], [142.993132, 42.532258], [142.993222, 42.532368], [142.993342, 42.532561], [142.993395, 42.532626], [142.993591, 42.532834], [142.993699, 42.532959], [142.993793, 42.533094], [142.993813, 42.53318], [142.993813, 42.533245], [142.993807, 42.533297], [142.993771, 42.53338], [142.993589, 42.533584], [142.993403, 42.533723], [142.993238, 42.533874], [142.993161, 42.534013], [142.993159, 42.53404], [142.993168, 42.53409], [142.993184, 42.534131], [142.99322, 42.53416], [142.993277, 42.534197], [142.993375, 42.534237], [142.993769, 42.534312], [142.993867, 42.534341], [142.993957, 42.534376], [142.994041, 42.534429], [142.994172, 42.534546], [142.994302, 42.534644], [142.994822, 42.534935], [142.994954, 42.535023], [142.995338, 42.535287], [142.995529, 42.535416], [142.995767, 42.535577], [142.995952, 42.535675], [142.996211, 42.535751], [142.996502, 42.535736], [142.996765, 42.535719], [142.996904, 42.535758], [142.997178, 42.535937], [142.997362, 42.535987], [142.997508, 42.536015], [142.997619, 42.536054], [142.997844, 42.5363], [142.998308, 42.536412], [142.998592, 42.536379], [142.998877, 42.536306], [142.99893, 42.536311]]}, "properties": {"name": "ポンヤオロヌップ川", "system": "歴舟川水系", "river_code": "0100510000"}}, {"type": "Feature", "geometry": {"type": "LineString", "coordinates": [[142.936366, 42.499824], [142.936587, 42.499728], [142.936648, 42.499672], [142.93667, 42.499621], [142.936754, 42.499542], [142.936837, 42.499514], [142.936982, 42.499514], [142.937126, 42.499559], [142.937308, 42.499554], [142.937452, 42.499497], [142.937505, 42.499464], [142.937574, 42.499385], [142.937673, 42.499075], [142.937802, 42.498935], [142.937817, 42.498833], [142.937855, 42.498771], [142.937916, 42.498738], [142.938136, 42.498738], [142.938326, 42.498788], [142.938485, 42.498834], [142.938698, 42.498834], [142.938865, 42.498789], [142.939024, 42.498699], [142.939085, 42.498614], [142.939123, 42.498485], [142.939131, 42.498406], [142.939161, 42.498299], [142.939169, 42.498147], [142.939229, 42.498017], [142.939283, 42.497804], [142.939366, 42.497708], [142.939457, 42.497646], [142.939579, 42.497595], [142.939678, 42.497573], [142.940012, 42.49755], [142.940057, 42.497528], [142.940065, 42.497444], [142.940012, 42.497292], [142.939981, 42.497044], [142.940004, 42.496971], [142.940049, 42.496915], [142.940209, 42.496768], [142.940247, 42.496734], [142.940331, 42.496583], [142.940338, 42.496431], [142.940369, 42.496392], [142.940536, 42.49633], [142.940649, 42.496301], [142.940703, 42.496296], [142.940786, 42.496262], [142.940961, 42.496251], [142.941158, 42.496251], [142.941272, 42.496183], [142.941341, 42.496099], [142.941356, 42.495969], [142.941348, 42.49589], [142.941386, 42.495755], [142.941439, 42.495699], [142.941584, 42.49562], [142.941698, 42.49557], [142.941766, 42.495474], [142.941857, 42.495305], [142.941986, 42.49521], [142.942085, 42.495159], [142.942176, 42.495125], [142.94229, 42.495018], [142.942374, 42.494962], [142.942427, 42.494945], [142.942609, 42.494951], [142.943065, 42.494957], [142.943179, 42.494996], [142.943391, 42.495099], [142.943422, 42.495114], [142.943672, 42.495165], [142.943839, 42.495187], [142.943976, 42.495238], [142.944204, 42.495356], [142.944318, 42.495384], [142.944644, 42.495396], [142.944682, 42.495401], [142.94491, 42.495525], [142.945077, 42.495581], [142.945229, 42.495598], [142.945525, 42.495598], [142.945669, 42.495638], [142.945821, 42.495671], [142.945912, 42.4957], [142.946026, 42.495784], [142.946094, 42.49588], [142.946125, 42.495942], [142.946284, 42.496127], [142.946307, 42.496206], [142.946299, 42.496437], [142.946117, 42.496791], [142.946102, 42.496898], [142.946102, 42.497095], [142.946087, 42.497179], [142.946109, 42.497348], [142.946163, 42.497416], [142.946314, 42.497568], [142.946375, 42.497697], [142.946436, 42.497753], [142.946846, 42.497922], [142.94696, 42.497995], [142.947013, 42.49808], [142.947127, 42.498316], [142.947188, 42.498395], [142.947294, 42.498457], [142.947583, 42.498507], [142.947833, 42.498502], [142.948, 42.498535], [142.948221, 42.498535], [142.948418, 42.498496], [142.948646, 42.498406], [142.948859, 42.498316], [142.949208, 42.498254], [142.949405, 42.498198], [142.949595, 42.498108], [142.949694, 42.498035], [142.949823, 42.497962], [142.950051, 42.497877], [142.95015, 42.497815], [142.950218, 42.497714], [142.950279, 42.497613], [142.950332, 42.497545], [142.950385, 42.497439], [142.9504, 42.497332], [142.950552, 42.497084], [142.950658, 42.496983], [142.950722, 42.496935], [142.950879, 42.496819], [142.951031, 42.496662], [142.951258, 42.496549], [142.951516, 42.496392], [142.951683, 42.496324], [142.951873, 42.496274], [142.952116, 42.49615], [142.952253, 42.496049], [142.952435, 42.495818], [142.952564, 42.495649], [142.952656, 42.495554], [142.952838, 42.495402], [142.953005, 42.495171], [142.953073, 42.495115], [142.953347, 42.494951], [142.95343, 42.494895], [142.953529, 42.494766], [142.953613, 42.494692], [142.95381, 42.494597], [142.953893, 42.494535], [142.953947, 42.49444], [142.953969, 42.494304], [142.954023, 42.494192], [142.954015, 42.494034], [142.953939, 42.493854], [142.953947, 42.493747], [142.954008, 42.49364], [142.954038, 42.4935], [142.954121, 42.493286], [142.954136, 42.493263], [142.954235, 42.49319], [142.954379, 42.493117], [142.954478, 42.493027], [142.9546, 42.492943], [142.954699, 42.492903], [142.954805, 42.492892], [142.954949, 42.492847], [142.955109, 42.492762], [142.9552, 42.492734], [142.955344, 42.492723], [142.95539, 42.492712], [142.955473, 42.492712], [142.955618, 42.49274], [142.955731, 42.49274], [142.95583, 42.492729], [142.955967, 42.492695], [142.95602, 42.492672], [142.956187, 42.492678], [142.956301, 42.492729], [142.956445, 42.492774], [142.956597, 42.49278], [142.956673, 42.492769], [142.957075, 42.492774], [142.957204, 42.492814], [142.957546, 42.492949], [142.957706, 42.492971], [142.957812, 42.493022], [142.957843, 42.49305], [142.957858, 42.493145], [142.957949, 42.493202], [142.958048, 42.493202], [142.958146, 42.493179], [142.958283, 42.493185], [142.958359, 42.493213], [142.958549, 42.493387], [142.958573, 42.493416], [142.958632, 42.493483], [142.958678, 42.493584], [142.958761, 42.493928], [142.958761, 42.49404], [142.958799, 42.494265], [142.958845, 42.494344], [142.959012, 42.494524], [142.959126, 42.494603], [142.959262, 42.494665], [142.959445, 42.494665], [142.959612, 42.494631], [142.959695, 42.494586], [142.959733, 42.494546], [142.959809, 42.49435], [142.959794, 42.494035], [142.959817, 42.493939], [142.95987, 42.493849], [142.959976, 42.493736], [142.960075, 42.493691], [142.960371, 42.493596], [142.960538, 42.493528], [142.960812, 42.493382], [142.961108, 42.493275], [142.961283, 42.493157], [142.961404, 42.493123], [142.961564, 42.493123], [142.961662, 42.493162], [142.961883, 42.493292], [142.961989, 42.493382], [142.962034, 42.493562], [142.96211, 42.493674], [142.962148, 42.493759], [142.962186, 42.493916], [142.962216, 42.493973], [142.962346, 42.494102], [142.962505, 42.494361], [142.962672, 42.494485], [142.962816, 42.494547], [142.963158, 42.494654], [142.963295, 42.494715], [142.963447, 42.494755], [142.963667, 42.494794], [142.963925, 42.494884], [142.964069, 42.494884], [142.964161, 42.494811], [142.964183, 42.494772], [142.964206, 42.49458], [142.964267, 42.494502], [142.964373, 42.494451], [142.964449, 42.494451], [142.964495, 42.494468], [142.964685, 42.494603], [142.964814, 42.494665], [142.965034, 42.494715], [142.965467, 42.494744], [142.965725, 42.494715], [142.965824, 42.494682], [142.965942, 42.494604], [142.966029, 42.494547], [142.966309, 42.494457], [142.966461, 42.494361], [142.966591, 42.494198], [142.966682, 42.494147], [142.966932, 42.494085], [142.967221, 42.494068], [142.96732, 42.49404], [142.967396, 42.49399], [142.967441, 42.493905], [142.967472, 42.493776], [142.96757, 42.493596], [142.967677, 42.493433], [142.967738, 42.493281], [142.967829, 42.493134], [142.968034, 42.492926], [142.968216, 42.492611], [142.968353, 42.492425], [142.968444, 42.492341], [142.96852, 42.492302], [142.968626, 42.492279], [142.968861, 42.492178], [142.968998, 42.49215], [142.969294, 42.492138], [142.969378, 42.492122], [142.969469, 42.492082], [142.96953, 42.492009], [142.969583, 42.49188], [142.969704, 42.491705], [142.969788, 42.491621], [142.970008, 42.491463], [142.970191, 42.491317], [142.970312, 42.491255], [142.970418, 42.491233], [142.970548, 42.491227], [142.970722, 42.491193], [142.970919, 42.491193], [142.97098, 42.491204], [142.970996, 42.491216], [142.971109, 42.491238], [142.971337, 42.491261], [142.97158, 42.491311], [142.971884, 42.491447], [142.971983, 42.491463], [142.972165, 42.49148], [142.9724, 42.491537], [142.97278, 42.491593], [142.97316, 42.491694], [142.97341, 42.491694], [142.973539, 42.491689], [142.973684, 42.4917], [142.973767, 42.491717], [142.974018, 42.491728], [142.974117, 42.49175], [142.974268, 42.49175], [142.974466, 42.491705], [142.974588, 42.491705], [142.974701, 42.491756], [142.974786, 42.4918], [142.974906, 42.491863], [142.975119, 42.492004], [142.975301, 42.492071], [142.975483, 42.492122], [142.97559, 42.4922], [142.975696, 42.492369], [142.975772, 42.492465], [142.975833, 42.4926], [142.975848, 42.492696], [142.975848, 42.492876], [142.975795, 42.493079], [142.975704, 42.493298], [142.975506, 42.493579], [142.975408, 42.493681], [142.975142, 42.494035], [142.974861, 42.494384], [142.974808, 42.494479], [142.974724, 42.494733], [142.974694, 42.49489], [142.974557, 42.495307], [142.974557, 42.495447], [142.974618, 42.495582], [142.974701, 42.495689], [142.97486, 42.495808], [142.974898, 42.495819], [142.975164, 42.495988], [142.975339, 42.49605], [142.975688, 42.496134], [142.975863, 42.496207], [142.975961, 42.496241], [142.976402, 42.496337], [142.976501, 42.496376], [142.976554, 42.496421], [142.976653, 42.496562], [142.976721, 42.496635], [142.976881, 42.496747], [142.977078, 42.496843], [142.977192, 42.496871], [142.977289, 42.49688], [142.977475, 42.496905], [142.977558, 42.496939], [142.977614, 42.496982], [142.977756, 42.497161], [142.977777, 42.497196], [142.977784, 42.497234], [142.977783, 42.497343], [142.977746, 42.497453], [142.977706, 42.4976], [142.977676, 42.497711], [142.977649, 42.497791], [142.977617, 42.497858], [142.97758, 42.497925], [142.977491, 42.498051], [142.977473, 42.498109], [142.977469, 42.49818], [142.977476, 42.49827], [142.977511, 42.498355], [142.977578, 42.498424], [142.97776, 42.49858], [142.978015, 42.498716], [142.978089, 42.498776], [142.978142, 42.498851], [142.978316, 42.499061], [142.978416, 42.499203], [142.978486, 42.499348], [142.978493, 42.499392], [142.978487, 42.499459], [142.978421, 42.499651], [142.978377, 42.499784], [142.978362, 42.499854], [142.978368, 42.499961], [142.978415, 42.500054], [142.978591, 42.500263], [142.97876, 42.50043], [142.978884, 42.500554], [142.978949, 42.500594], [142.979006, 42.500619], [142.979088, 42.500641], [142.979187, 42.500684], [142.979242, 42.500719], [142.979303, 42.500768], [142.979407, 42.500854], [142.979478, 42.500946], [142.979486, 42.501], [142.979479, 42.50108], [142.979465, 42.50116], [142.979396, 42.501356], [142.979366, 42.501477], [142.979336, 42.501636], [142.979307, 42.501791], [142.979261, 42.502017], [142.979233, 42.502104], [142.979171, 42.502224], [142.979124, 42.502309], [142.97912, 42.502399], [142.979103, 42.502565], [142.979084, 42.502672], [142.979084, 42.502739], [142.97909, 42.502835], [142.979131, 42.502919], [142.979185, 42.503014], [142.97928, 42.503123], [142.979366, 42.503222], [142.979585, 42.503388], [142.979826, 42.503565], [142.980363, 42.503922], [142.980599, 42.50421], [142.980808, 42.504487], [142.98084, 42.504575], [142.98086, 42.504715], [142.980856, 42.504843], [142.980779, 42.505174], [142.980559, 42.505583], [142.980479, 42.505763], [142.98035, 42.505943], [142.980202, 42.506065], [142.979881, 42.506233], [142.979821, 42.506266], [142.979785, 42.506285], [142.979721, 42.506425], [142.979721, 42.50659], [142.979757, 42.506678], [142.979837, 42.50677], [142.98005, 42.506942], [142.980258, 42.507126], [142.980358, 42.507226], [142.98039, 42.507309], [142.980366, 42.507453], [142.980318, 42.507597], [142.980278, 42.507713], [142.98025, 42.507934], [142.980274, 42.508018], [142.980314, 42.508078], [142.980748, 42.508239], [142.981317, 42.508435], [142.981421, 42.508532], [142.981437, 42.508612], [142.981425, 42.508684], [142.981377, 42.508852], [142.981365, 42.508996], [142.981316, 42.509439], [142.98134, 42.509615], [142.981412, 42.509835], [142.981508, 42.510014], [142.981628, 42.51011], [142.982253, 42.510351], [142.982445, 42.510467], [142.982633, 42.510646], [142.982808, 42.510906], [142.98298, 42.511276], [142.9831, 42.511504], [142.98316, 42.511891], [142.98316, 42.512059], [142.98314, 42.512195], [142.983052, 42.512418], [142.98289, 42.512722], [142.982808, 42.51285], [142.982748, 42.512952], [142.982726, 42.513004], [142.982734, 42.513077], [142.982776, 42.513149], [142.983161, 42.513344], [142.983302, 42.513426], [142.983399, 42.513516], [142.983513, 42.513621], [142.983798, 42.513876], [142.983852, 42.513978], [142.983882, 42.514171], [142.983895, 42.514471], [142.983911, 42.514555], [142.983953, 42.514626], [142.983997, 42.51468], [142.984066, 42.514722], [142.984154, 42.514751], [142.984297, 42.514771], [142.984527, 42.514815], [142.984574, 42.514857], [142.984614, 42.514931], [142.98467, 42.515048], [142.984694, 42.515155], [142.984728, 42.515205], [142.984791, 42.51525], [142.984941, 42.515272], [142.985265, 42.515237], [142.985448, 42.515225], [142.985661, 42.515223], [142.986111, 42.515267], [142.986223, 42.515299], [142.986318, 42.515363], [142.98636, 42.515417], [142.986399, 42.515547], [142.986429, 42.515714], [142.986433, 42.515982], [142.986409, 42.516074], [142.986364, 42.516177], [142.986308, 42.516232], [142.986214, 42.516296], [142.985895, 42.516446], [142.985746, 42.516524], [142.985632, 42.516589], [142.985461, 42.516689], [142.985328, 42.51673], [142.985199, 42.51675], [142.985, 42.516768], [142.984902, 42.51677], [142.984497, 42.516728], [142.984396, 42.516706], [142.984197, 42.516704], [142.984016, 42.516726], [142.983799, 42.516756], [142.983658, 42.516776], [142.983262, 42.516798], [142.982811, 42.516802], [142.982688, 42.516808], [142.982409, 42.516874], [142.982304, 42.516934], [142.982199, 42.516989], [142.981994, 42.51711], [142.9819, 42.517156], [142.981799, 42.517321], [142.981769, 42.517376], [142.981743, 42.517523], [142.981723, 42.517792], [142.981709, 42.517838], [142.981706, 42.51785], [142.981664, 42.517927], [142.981598, 42.517993], [142.981495, 42.518133], [142.981426, 42.51823], [142.981394, 42.518303], [142.981312, 42.518525], [142.981273, 42.518691], [142.981271, 42.518726], [142.981273, 42.518814], [142.981292, 42.518913], [142.981326, 42.519039], [142.981326, 42.519103], [142.981316, 42.519174], [142.98129, 42.519215], [142.981245, 42.519263], [142.981128, 42.51934], [142.981021, 42.519449], [142.980987, 42.519498], [142.980949, 42.519619], [142.980937, 42.519687], [142.980925, 42.519839], [142.980919, 42.519986], [142.980953, 42.520284], [142.980972, 42.520379], [142.981, 42.520477], [142.981004, 42.520825], [142.981026, 42.521409], [142.981036, 42.521486], [142.981055, 42.521551], [142.981151, 42.521707], [142.981378, 42.521923], [142.981682, 42.522163], [142.981959, 42.522434], [142.9821, 42.522589], [142.982191, 42.522745], [142.982205, 42.522806], [142.982205, 42.522865], [142.982193, 42.522911], [142.982128, 42.523071], [142.9821, 42.523137], [142.98209, 42.523202], [142.982094, 42.523295], [142.982133, 42.523421], [142.982259, 42.523599], [142.982548, 42.523828], [142.982789, 42.52404], [142.982821, 42.524115], [142.982829, 42.524186], [142.982825, 42.524316], [142.982789, 42.52447], [142.982702, 42.524684], [142.982706, 42.524786], [142.98275, 42.524862], [142.982845, 42.525027], [142.982892, 42.525146], [142.982908, 42.525264], [142.98288, 42.525515], [142.982856, 42.525658], [142.982785, 42.525784], [142.982706, 42.525879], [142.982639, 42.525994], [142.982636, 42.526006]]}, "properties": {"name": "ポンヤオロヌップ川", "system": "歴舟川水系", "river_code": "0100510000"}}, {"type": "Feature", "geometry": {"type": "LineString", "coordinates": [[142.969892, 42.520047], [142.969917, 42.520054], [142.97, 42.520087], [142.970061, 42.520126], [142.970159, 42.520222], [142.970243, 42.520284], [142.970349, 42.520317], [142.970479, 42.520334], [142.970578, 42.520362], [142.970669, 42.520413], [142.970836, 42.520559], [142.970988, 42.520672], [142.971064, 42.520677], [142.971171, 42.520644], [142.971308, 42.520554], [142.971391, 42.520525], [142.971733, 42.520509], [142.971946, 42.520441], [142.972114, 42.520334], [142.972197, 42.5203], [142.972273, 42.520295], [142.972357, 42.520323], [142.97241, 42.520357], [142.972486, 42.520396], [142.972593, 42.520514], [142.972692, 42.520666], [142.972775, 42.520925], [142.972912, 42.521246], [142.973201, 42.521679], [142.973269, 42.521764], [142.973315, 42.521859], [142.97333, 42.52209], [142.973391, 42.522259], [142.973467, 42.522377], [142.97365, 42.522523], [142.97406, 42.5229], [142.974129, 42.522979], [142.974265, 42.523148], [142.974319, 42.523249], [142.974364, 42.523367], [142.974379, 42.523468], [142.974326, 42.523643], [142.974166, 42.523941], [142.974129, 42.524048], [142.974106, 42.524172], [142.974121, 42.5242], [142.974136, 42.524408], [142.974189, 42.524571], [142.974379, 42.524909], [142.974577, 42.525072], [142.974623, 42.525156], [142.974668, 42.525314], [142.974805, 42.525454], [142.974858, 42.525483], [142.974904, 42.525567], [142.974912, 42.52582], [142.974973, 42.525899], [142.975264, 42.526177], [142.975391, 42.526299], [142.975489, 42.526349], [142.975482, 42.526344], [142.975611, 42.526355], [142.975756, 42.526321], [142.975938, 42.526225], [142.97622, 42.52604], [142.976418, 42.52595], [142.976866, 42.52582], [142.977231, 42.525652], [142.977535, 42.525489], [142.977642, 42.525387], [142.977763, 42.525185], [142.977877, 42.5251], [142.977953, 42.525067], [142.978106, 42.525038], [142.978516, 42.525038], [142.978592, 42.525083], [142.978706, 42.525252], [142.978752, 42.525303], [142.978988, 42.52559], [142.979155, 42.525759], [142.979315, 42.525888], [142.979421, 42.525944], [142.979603, 42.525995], [142.979702, 42.526006], [142.979839, 42.526045], [142.979908, 42.526107], [142.979969, 42.526181], [142.98006, 42.526248], [142.980242, 42.526338], [142.980417, 42.526394], [142.980546, 42.526473], [142.980927, 42.526862], [142.981025, 42.526963], [142.981178, 42.527053], [142.981307, 42.527098], [142.981451, 42.527104], [142.981535, 42.527092], [142.981649, 42.527014], [142.981725, 42.526918], [142.981778, 42.526777], [142.981839, 42.526518], [142.981885, 42.526378], [142.981984, 42.526158], [142.982037, 42.526079], [142.982174, 42.52595], [142.982212, 42.525927], [142.982371, 42.525922], [142.98247, 42.525955], [142.982541, 42.525977], [142.982636, 42.526006]]}, "properties": {"name": "ペンケヤオロヌップ川", "system": "歴舟川水系", "river_code": "0100510000"}}, {"type": "Feature", "geometry": {"type": "LineString", "coordinates": [[142.960806, 42.52367], [142.961079, 42.523699], [142.961163, 42.523699], [142.961414, 42.523721], [142.962075, 42.523721], [142.962494, 42.523693], [142.962752, 42.523642], [142.962889, 42.523603], [142.963049, 42.523547], [142.963094, 42.523535], [142.963201, 42.523507], [142.963376, 42.523423], [142.963566, 42.523277], [142.963779, 42.523102], [142.964045, 42.522922], [142.964235, 42.522821], [142.965421, 42.522376], [142.965634, 42.522292], [142.965771, 42.522224], [142.966053, 42.522033], [142.966197, 42.52191], [142.966258, 42.521825], [142.96641, 42.521696], [142.966821, 42.521533], [142.967117, 42.521442], [142.967566, 42.521274], [142.967695, 42.5212], [142.967939, 42.521009], [142.968098, 42.520919], [142.968806, 42.520644], [142.969452, 42.520188], [142.969726, 42.520047], [142.969892, 42.520047]]}, "properties": {"name": "ペンケヤオロヌップ川", "system": "歴舟川水系", "river_code": "0100510000"}}, {"type": "Feature", "geometry": {"type": "LineString", "coordinates": [[142.940641, 42.516433], [142.941537, 42.51627], [142.942071, 42.516321], [142.94308, 42.516739], [142.943385, 42.516873], [142.943804, 42.516911], [142.944204, 42.516968], [142.944795, 42.517082], [142.94508, 42.51712], [142.945747, 42.517025], [142.946509, 42.516816], [142.94708, 42.516549], [142.947556, 42.516416], [142.947937, 42.516378], [142.948585, 42.516625], [142.948928, 42.516777], [142.949027, 42.516783], [142.949293, 42.516845], [142.949407, 42.516895], [142.949529, 42.516963], [142.949688, 42.517098], [142.949833, 42.51725], [142.949878, 42.517284], [142.950046, 42.517486], [142.950236, 42.517633], [142.950358, 42.517672], [142.950707, 42.517672], [142.951072, 42.517616], [142.951802, 42.517441], [142.95216, 42.517391], [142.952251, 42.517385], [142.952358, 42.517424], [142.952593, 42.517706], [142.952639, 42.517807], [142.952654, 42.517908], [142.952593, 42.518156], [142.952593, 42.518465], [142.95254, 42.518724], [142.952547, 42.518871], [142.952601, 42.519045], [142.952661, 42.519135], [142.952783, 42.519276], [142.953072, 42.519501], [142.953232, 42.519636], [142.953308, 42.519687], [142.953315, 42.519687], [142.953391, 42.519692], [142.953582, 42.519614], [142.953969, 42.519411], [142.954228, 42.51936], [142.95441, 42.519372], [142.95457, 42.519417], [142.954676, 42.519417], [142.954874, 42.519326], [142.955049, 42.519169], [142.955156, 42.519045], [142.955376, 42.518848], [142.955544, 42.518786], [142.95568, 42.518752], [142.955992, 42.518707], [142.956099, 42.518668], [142.956449, 42.518471], [142.956563, 42.518426], [142.956722, 42.518398], [142.956761, 42.518401], [142.956981, 42.518415], [142.957148, 42.518443], [142.957255, 42.518483], [142.957437, 42.518516], [142.957559, 42.518561], [142.957703, 42.51864], [142.957779, 42.518713], [142.957863, 42.51882], [142.957878, 42.518865], [142.957893, 42.519147], [142.957946, 42.519282], [142.958121, 42.519529], [142.958198, 42.519675], [142.958243, 42.519822], [142.958289, 42.520086], [142.958319, 42.520165], [142.958448, 42.520395], [142.958425, 42.520553], [142.958425, 42.520896], [142.958494, 42.521065], [142.958616, 42.521212], [142.958889, 42.521386], [142.958996, 42.521532], [142.959034, 42.521662], [142.959102, 42.521965], [142.959178, 42.522095], [142.95949, 42.522388], [142.959786, 42.522573], [142.959954, 42.522776], [142.960212, 42.522933], [142.960228, 42.522939], [142.960319, 42.523068], [142.960372, 42.523192], [142.960471, 42.523355], [142.960501, 42.523378], [142.960615, 42.523524], [142.960729, 42.523625], [142.960806, 42.52367]]}, "properties": {"name": "ペンケヤオロヌップ川", "system": "歴舟川水系", "river_code": "0100510000"}}, {"type": "Feature", "geometry": {"type": "LineString", "coordinates": [[143.134888, 42.507933], [143.134956, 42.508045], [143.135169, 42.50822], [143.135291, 42.50836], [143.135352, 42.508462], [143.135352, 42.508597], [143.135298, 42.508754], [143.135268, 42.508917], [143.13526, 42.509295], [143.135276, 42.509705], [143.135306, 42.50988], [143.135329, 42.510077], [143.135298, 42.510403], [143.135329, 42.510757], [143.135374, 42.510971], [143.135466, 42.511235], [143.13561, 42.511449], [143.135701, 42.511719], [143.135694, 42.511899], [143.135625, 42.512108], [143.135534, 42.512299], [143.135526, 42.51253], [143.135541, 42.512586], [143.135686, 42.512777], [143.135831, 42.512912], [143.136158, 42.513182], [143.136583, 42.513419], [143.136788, 42.513571], [143.136963, 42.513683], [143.13726, 42.513903], [143.137359, 42.514043], [143.137397, 42.514206], [143.137381, 42.514285], [143.137298, 42.514358], [143.137032, 42.514431], [143.136842, 42.514578], [143.136735, 42.514718], [143.136606, 42.514859], [143.13634, 42.515197], [143.136271, 42.515382], [143.136233, 42.515708], [143.136226, 42.51577], [143.136127, 42.516069], [143.136058, 42.516288], [143.13599, 42.516479], [143.135982, 42.516569], [143.136005, 42.516648], [143.136081, 42.516744], [143.136286, 42.517002], [143.136286, 42.51707], [143.136233, 42.517126], [143.136058, 42.517171], [143.135982, 42.517216], [143.135944, 42.517272], [143.135944, 42.517318], [143.136058, 42.517458], [143.136127, 42.517599], [143.136149, 42.517728], [143.136195, 42.517796], [143.136248, 42.517835], [143.136332, 42.517841], [143.136575, 42.51779], [143.136864, 42.5177], [143.137123, 42.517638], [143.137275, 42.517621], [143.13748, 42.517616], [143.137564, 42.517638], [143.137708, 42.51774], [143.137769, 42.517818], [143.137769, 42.517993], [143.13767, 42.518156], [143.13767, 42.518314], [143.137701, 42.518392], [143.137807, 42.518482], [143.137959, 42.518567], [143.13824, 42.518634], [143.13843, 42.518629], [143.138529, 42.5186], [143.138559, 42.518567], [143.138567, 42.518499], [143.138552, 42.518398], [143.138529, 42.518342], [143.138529, 42.518252], [143.138575, 42.518134], [143.13862, 42.5181], [143.138689, 42.518066], [143.138734, 42.518055], [143.138849, 42.518055], [143.138887, 42.518077], [143.139016, 42.518201], [143.139191, 42.518477], [143.139229, 42.518555], [143.13932, 42.518657], [143.139449, 42.518769], [143.139624, 42.518949], [143.139807, 42.519225], [143.13989, 42.519371], [143.140073, 42.519551], [143.140171, 42.519557], [143.140286, 42.519506], [143.140369, 42.519433], [143.140476, 42.519371], [143.140574, 42.519371], [143.14081, 42.519422], [143.141016, 42.519473], [143.141259, 42.519535], [143.141365, 42.51954], [143.141533, 42.519467], [143.141561, 42.519467], [143.141601, 42.519467], [143.141654, 42.519529], [143.141593, 42.519726], [143.141533, 42.519799], [143.141403, 42.519878], [143.141137, 42.520007], [143.140947, 42.520109], [143.140909, 42.520148], [143.140841, 42.520289], [143.140856, 42.520407], [143.140924, 42.520699], [143.141, 42.520958], [143.141016, 42.520969], [143.141038, 42.521048], [143.141183, 42.521425], [143.141418, 42.521785], [143.141502, 42.52201], [143.141525, 42.522218], [143.14157, 42.522539], [143.141593, 42.522832], [143.141608, 42.522899], [143.141631, 42.523169], [143.141662, 42.523282], [143.141776, 42.523405], [143.14208, 42.523529], [143.142133, 42.523574], [143.142133, 42.523659], [143.141692, 42.524103], [143.141449, 42.524199], [143.141289, 42.524311], [143.14116, 42.524474], [143.141106, 42.524609], [143.141084, 42.524778], [143.141053, 42.524986], [143.141047, 42.525046], [143.141043, 42.52531]]}, "properties": {"name": "コウエイ川", "system": "歴舟川水系", "river_code": "0100510000"}}, {"type": "Feature", "geometry": {"type": "LineString", "coordinates": [[143.092025, 42.490305], [143.092985, 42.490401], [143.094329, 42.49038], [143.095215, 42.490295], [143.09656, 42.489985], [143.09736, 42.489932], [143.097712, 42.489953], [143.098374, 42.490241], [143.098939, 42.490444], [143.100162, 42.490712], [143.101912, 42.491309], [143.102605, 42.491554], [143.103, 42.491778], [143.10341, 42.49184], [143.103539, 42.491857], [143.103942, 42.491925], [143.104177, 42.491823], [143.104337, 42.491829], [143.104428, 42.491885], [143.104572, 42.492071], [143.104656, 42.492139], [143.105089, 42.49229], [143.105544, 42.492324], [143.105635, 42.492341], [143.105833, 42.492341], [143.105856, 42.49233], [143.106364, 42.492234], [143.106531, 42.492189], [143.107063, 42.492015], [143.107238, 42.491975], [143.107298, 42.491953], [143.107458, 42.491925], [143.107473, 42.491914], [143.107663, 42.491863], [143.107823, 42.491852], [143.108066, 42.491857], [143.108202, 42.491897], [143.108536, 42.492144], [143.108582, 42.492161], [143.109098, 42.492172], [143.109432, 42.492167], [143.109561, 42.49215], [143.109751, 42.492043], [143.109835, 42.492026], [143.110009, 42.492026], [143.110176, 42.492082], [143.110268, 42.492077], [143.110344, 42.492049], [143.110442, 42.49193], [143.110473, 42.49188], [143.110518, 42.491846], [143.110617, 42.491846], [143.110799, 42.491908], [143.110944, 42.491908], [143.111285, 42.491773], [143.111399, 42.491756], [143.11146, 42.491773], [143.111581, 42.491852], [143.111703, 42.491964], [143.111771, 42.492004], [143.11187, 42.49202], [143.112181, 42.492043], [143.112371, 42.492065], [143.112591, 42.49215], [143.112751, 42.492223], [143.112903, 42.492251], [143.113047, 42.492285], [143.113108, 42.492285], [143.113145, 42.492294], [143.113336, 42.492341], [143.113776, 42.492493], [143.114019, 42.49255], [143.114163, 42.492572], [143.114308, 42.492572], [143.114482, 42.492516], [143.11474, 42.492409], [143.114968, 42.492279], [143.11515, 42.492246], [143.115371, 42.492217], [143.115515, 42.492161], [143.115826, 42.491998], [143.115971, 42.491908], [143.116229, 42.491779], [143.116373, 42.491739], [143.116518, 42.491728], [143.116836, 42.49179], [143.117019, 42.491818], [143.11733, 42.491818], [143.117391, 42.491801], [143.117649, 42.491762], [143.117861, 42.491717], [143.118006, 42.491711], [143.118059, 42.491728], [143.118287, 42.491891], [143.118568, 42.492032], [143.118606, 42.492083], [143.11875, 42.492184], [143.118894, 42.492336], [143.119023, 42.492404], [143.119433, 42.492522], [143.119532, 42.492539], [143.119768, 42.492606], [143.120496, 42.492876], [143.120717, 42.492887], [143.120853, 42.492921], [143.121203, 42.493073], [143.121259, 42.493102], [143.121404, 42.493181], [143.121522, 42.493238], [143.121787, 42.493378], [143.122065, 42.493554], [143.122228, 42.493665], [143.122309, 42.493739], [143.122569, 42.493952], [143.122752, 42.494104], [143.122972, 42.494318], [143.123125, 42.494439], [143.123336, 42.494588], [143.123688, 42.494788], [143.12374, 42.494821], [143.123829, 42.494877], [143.124223, 42.495119], [143.124323, 42.495173], [143.124526, 42.495257], [143.124644, 42.495301], [143.124756, 42.495353], [143.125022, 42.495494], [143.125555, 42.495827], [143.125658, 42.495899], [143.125903, 42.496112], [143.126199, 42.49632], [143.1263, 42.496406], [143.126354, 42.496479], [143.12642, 42.496609], [143.126547, 42.496877], [143.126646, 42.497104], [143.1267, 42.497257], [143.126776, 42.497542], [143.126814, 42.497772], [143.126821, 42.497981], [143.126814, 42.498141], [143.126789, 42.498284], [143.126758, 42.498405], [143.126719, 42.498519], [143.126674, 42.49864], [143.126639, 42.498757], [143.126586, 42.499027], [143.126513, 42.49935], [143.126503, 42.4994], [143.126478, 42.499465], [143.12639, 42.499618], [143.126221, 42.499859], [143.126208, 42.499918], [143.126206, 42.499927], [143.126214, 42.500062], [143.12629, 42.500259], [143.126396, 42.50054], [143.126448, 42.500664], [143.126454, 42.500729], [143.126444, 42.500793], [143.126423, 42.500847], [143.126351, 42.500942], [143.126231, 42.501078], [143.125998, 42.501309], [143.125796, 42.501492], [143.125769, 42.50153], [143.125752, 42.50158], [143.125746, 42.501672], [143.125754, 42.501772], [143.125795, 42.501846], [143.125835, 42.501908], [143.125892, 42.501983], [143.125981, 42.502071], [143.126062, 42.502167], [143.126187, 42.502365], [143.12633, 42.502571], [143.126502, 42.502802], [143.126692, 42.503027], [143.126821, 42.503195], [143.126966, 42.503409], [143.127087, 42.503555], [143.127194, 42.503657], [143.1273, 42.503797], [143.127399, 42.504039], [143.127505, 42.50418], [143.12768, 42.504293], [143.127733, 42.504315], [143.127847, 42.504332], [143.128076, 42.504343], [143.12825, 42.504377], [143.128403, 42.50445], [143.12857, 42.504754], [143.128676, 42.504895], [143.128722, 42.505035], [143.128722, 42.505255], [143.128752, 42.505334], [143.128866, 42.505418], [143.129246, 42.505626], [143.129299, 42.505649], [143.129733, 42.505716], [143.130113, 42.505795], [143.130356, 42.505795], [143.130486, 42.505767], [143.130721, 42.505665], [143.131064, 42.505457], [143.131254, 42.505418], [143.131771, 42.505407], [143.131984, 42.505362], [143.132219, 42.505367], [143.132424, 42.505395], [143.132638, 42.505446], [143.132736, 42.505519], [143.132873, 42.505637], [143.133003, 42.505705], [143.133056, 42.505727], [143.133368, 42.505817], [143.133421, 42.50584], [143.13355, 42.505862], [143.133991, 42.505885], [143.134211, 42.505913], [143.134409, 42.505952], [143.13469, 42.506031], [143.134858, 42.506093], [143.134878, 42.50611], [143.134926, 42.506149], [143.134979, 42.506273], [143.135025, 42.50647], [143.135025, 42.506656], [143.134903, 42.506836], [143.134903, 42.50692], [143.135055, 42.507061], [143.135116, 42.507157], [143.135147, 42.507219], [143.135139, 42.507438], [143.135093, 42.507562], [143.135017, 42.507674], [143.134926, 42.507775], [143.134896, 42.507832], [143.134881, 42.507916], [143.134888, 42.507933]]}, "properties": {"name": "コウエイ川", "system": "歴舟川水系", "river_code": "0100510000"}}, {"type": "Feature", "geometry": {"type": "LineString", "coordinates": [[143.094229, 42.522094], [143.094282, 42.522004], [143.094381, 42.521875], [143.094434, 42.521785], [143.094427, 42.521672], [143.094396, 42.521639], [143.094335, 42.521605], [143.094115, 42.521594], [143.094039, 42.521565], [143.093978, 42.521509], [143.093955, 42.521419], [143.093971, 42.521363], [143.094077, 42.521138], [143.09413, 42.520941], [143.094176, 42.520851], [143.094199, 42.520823]]}, "properties": {"name": "西コウエイ川", "system": "歴舟川水系", "river_code": "0100510000"}}, {"type": "Feature", "geometry": {"type": "LineString", "coordinates": [[143.030927, 42.515819], [143.031442, 42.516222], [143.031869, 42.516537], [143.032296, 42.516824], [143.032699, 42.517081], [143.033097, 42.517327], [143.033512, 42.51756], [143.034009, 42.5178], [143.034419, 42.517975], [143.035024, 42.518212], [143.035603, 42.518434], [143.036328, 42.518697], [143.037, 42.518972], [143.037515, 42.519212], [143.037907, 42.519422], [143.038454, 42.519751], [143.039203, 42.520289], [143.039571, 42.52064], [143.039858, 42.520909], [143.040097, 42.521166], [143.04015, 42.521388], [143.040286, 42.521772], [143.040309, 42.522316], [143.040373, 42.52286], [143.04059, 42.523193], [143.041005, 42.52366], [143.041198, 42.523853], [143.041274, 42.523932], [143.041495, 42.524073], [143.041525, 42.52409], [143.041593, 42.524152], [143.041761, 42.524349], [143.041852, 42.52441], [143.042209, 42.524545], [143.042384, 42.524613], [143.042696, 42.524815], [143.042802, 42.52486], [143.042985, 42.524917], [143.04316, 42.524939], [143.043418, 42.524984], [143.04373, 42.524984], [143.043776, 42.524973], [143.043989, 42.52495], [143.044361, 42.52495], [143.044551, 42.524973], [143.044681, 42.524979], [143.044749, 42.524995], [143.045008, 42.525018], [143.045145, 42.52504], [143.045365, 42.525114], [143.045669, 42.525187], [143.045943, 42.525232], [143.046171, 42.52526], [143.046346, 42.525282], [143.046468, 42.525316], [143.046749, 42.525361], [143.047068, 42.525367], [143.047243, 42.525344], [143.047631, 42.525209], [143.047798, 42.525181], [143.048011, 42.525182], [143.048103, 42.52521], [143.048293, 42.525311], [143.048505, 42.525384], [143.048711, 42.525412], [143.049198, 42.525508], [143.049357, 42.525508], [143.049517, 42.525452], [143.049639, 42.52544], [143.049753, 42.525457], [143.049889, 42.525519], [143.05008, 42.525575], [143.050224, 42.525604], [143.05122, 42.525592], [143.051564, 42.525576], [143.051699, 42.52557], [143.051981, 42.525615], [143.052346, 42.52575], [143.052536, 42.525812], [143.052688, 42.52584], [143.052916, 42.52584], [143.053114, 42.525755], [143.053304, 42.52566], [143.053433, 42.52562], [143.053615, 42.52562], [143.053881, 42.525665], [143.054216, 42.525665], [143.054399, 42.525682], [143.054619, 42.525744], [143.054726, 42.525745], [143.054992, 42.525649], [143.055182, 42.525649], [143.055296, 42.525688], [143.055516, 42.525835], [143.055676, 42.52584], [143.055851, 42.525795], [143.056178, 42.525677], [143.056513, 42.525671], [143.056786, 42.52566], [143.057281, 42.525626], [143.057486, 42.525649], [143.057577, 42.525671], [143.057691, 42.525722], [143.057805, 42.525801], [143.057904, 42.525925], [143.057965, 42.525964], [143.058109, 42.526032], [143.058322, 42.526082], [143.058467, 42.526093], [143.058543, 42.52611], [143.058702, 42.526178], [143.058839, 42.526217], [143.059166, 42.526217], [143.059334, 42.526234], [143.059592, 42.526302], [143.059851, 42.526341], [143.060124, 42.526341], [143.060284, 42.526302], [143.060345, 42.526268], [143.060398, 42.526223], [143.060474, 42.526122], [143.060581, 42.526054], [143.060687, 42.526054], [143.060877, 42.526099], [143.061022, 42.526122], [143.061303, 42.526122], [143.061486, 42.526082], [143.061698, 42.525975], [143.061828, 42.525919], [143.061907, 42.525919], [143.062033, 42.525919], [143.062231, 42.525953], [143.062345, 42.525992], [143.062497, 42.525998], [143.062718, 42.52597], [143.063052, 42.52597], [143.063189, 42.525992], [143.063911, 42.526285], [143.064109, 42.526336], [143.064238, 42.526324], [143.064383, 42.526285], [143.064542, 42.526279], [143.06474, 42.526307], [143.064869, 42.526341], [143.065014, 42.526403], [143.065128, 42.526488], [143.065295, 42.526555], [143.065941, 42.526561], [143.066109, 42.526594], [143.066519, 42.526735], [143.066603, 42.526752], [143.066816, 42.526741], [143.066983, 42.526673], [143.067082, 42.526656], [143.067295, 42.526656], [143.067508, 42.526662], [143.067614, 42.526673], [143.067926, 42.526718], [143.068086, 42.526718], [143.068192, 42.52669], [143.068352, 42.526628], [143.068534, 42.526482], [143.068595, 42.526398], [143.068679, 42.526342], [143.068801, 42.526308], [143.068922, 42.526302], [143.069226, 42.526212], [143.069592, 42.526043], [143.069721, 42.525993], [143.069881, 42.525959], [143.070261, 42.525953], [143.070398, 42.525981], [143.070588, 42.526066], [143.07077, 42.526111], [143.070922, 42.526111], [143.07131, 42.526066], [143.071477, 42.526066], [143.071561, 42.526111], [143.071629, 42.526167], [143.071858, 42.526454], [143.071972, 42.526572], [143.072048, 42.526612], [143.072062, 42.526612], [143.072192, 42.526617], [143.072253, 42.526595], [143.072321, 42.526544], [143.072375, 42.526454], [143.072489, 42.526398], [143.072648, 42.526398], [143.072801, 42.52646], [143.073447, 42.52655], [143.073705, 42.526516], [143.073789, 42.526482], [143.073971, 42.526336], [143.074146, 42.52615], [143.074199, 42.526066], [143.074199, 42.525847], [143.074276, 42.525802], [143.074329, 42.525785], [143.0748, 42.525779], [143.075051, 42.525762], [143.075158, 42.525729], [143.075431, 42.525605], [143.075515, 42.525582], [143.075629, 42.525577], [143.075865, 42.52574], [143.075956, 42.525774], [143.07623, 42.525813], [143.076283, 42.525813], [143.076413, 42.525835], [143.076588, 42.525847], [143.076709, 42.525875], [143.076891, 42.525954], [143.07696, 42.525976], [143.077066, 42.525982], [143.077211, 42.525925], [143.077256, 42.52592], [143.077355, 42.525931], [143.077599, 42.526044], [143.077667, 42.526066], [143.077865, 42.526066], [143.077956, 42.526027], [143.07804, 42.525959], [143.078093, 42.525931], [143.078154, 42.525914], [143.078298, 42.52592], [143.078481, 42.525948], [143.078709, 42.525914], [143.078861, 42.525864], [143.079021, 42.525858], [143.079348, 42.525914], [143.079561, 42.525914], [143.079766, 42.525869], [143.079971, 42.525813], [143.080191, 42.525768], [143.080382, 42.525768], [143.080557, 42.525807], [143.080785, 42.525802], [143.080922, 42.525762], [143.081021, 42.525717], [143.081249, 42.525633], [143.081416, 42.525605], [143.081576, 42.525616], [143.081743, 42.525655], [143.081971, 42.52565], [143.082031, 42.525639], [143.082298, 42.525588], [143.082572, 42.525453], [143.082671, 42.525414], [143.082937, 42.52538], [143.083005, 42.525363], [143.08315, 42.525301], [143.083233, 42.525256], [143.083317, 42.525177], [143.083401, 42.524986], [143.0835, 42.524851], [143.083583, 42.524789], [143.083728, 42.524789], [143.083834, 42.524828], [143.08391, 42.524879], [143.084039, 42.525082], [143.084085, 42.525115], [143.084245, 42.52511], [143.084541, 42.525009], [143.084724, 42.524992], [143.08499, 42.524992], [143.085226, 42.525003], [143.085324, 42.524964], [143.085408, 42.524902], [143.085423, 42.524778], [143.08537, 42.524615], [143.085378, 42.524502], [143.085431, 42.52444], [143.085477, 42.524418], [143.08556, 42.524395], [143.085773, 42.524395], [143.086047, 42.524429], [143.086404, 42.524536], [143.086815, 42.524671], [143.086952, 42.524671], [143.087111, 42.524615], [143.087248, 42.524559], [143.087362, 42.524559], [143.087438, 42.524609], [143.087446, 42.524654], [143.087423, 42.524694], [143.087423, 42.524772], [143.087476, 42.524812], [143.087545, 42.524812], [143.087636, 42.524767], [143.087834, 42.524615], [143.087887, 42.524547], [143.087887, 42.524367], [143.087918, 42.524345], [143.088085, 42.524311], [143.088199, 42.5243], [143.088328, 42.524249], [143.088511, 42.524249], [143.088708, 42.524334], [143.088838, 42.524395], [143.088936, 42.524418], [143.089035, 42.524424], [143.089195, 42.52439], [143.089461, 42.524384], [143.08953, 42.524345], [143.089598, 42.524283], [143.089636, 42.524232], [143.089719, 42.52417], [143.089834, 42.524114], [143.090084, 42.524041], [143.090229, 42.524041], [143.090419, 42.524109], [143.090548, 42.524109], [143.090609, 42.524075], [143.090632, 42.524019], [143.090602, 42.523906], [143.090595, 42.523884], [143.090564, 42.523782], [143.090564, 42.523675], [143.090586, 42.523636], [143.090708, 42.523591], [143.090883, 42.523563], [143.091096, 42.523557], [143.091347, 42.523512], [143.091446, 42.523479], [143.091613, 42.523377], [143.091818, 42.52322], [143.091856, 42.523208], [143.091963, 42.523214], [143.092031, 42.523265], [143.092229, 42.523518], [143.092336, 42.523591], [143.092511, 42.523647], [143.092624, 42.523675], [143.092716, 42.52367], [143.092792, 42.523642], [143.09289, 42.523569], [143.092966, 42.523467], [143.093065, 42.523242], [143.093331, 42.522859], [143.093438, 42.522759], [143.093757, 42.522539], [143.094138, 42.522213], [143.094191, 42.522145], [143.094229, 42.522094]]}, "properties": {"name": "西コウエイ川", "system": "歴舟川水系", "river_code": "0100510000"}}, {"type": "Feature", "geometry": {"type": "LineString", "coordinates": [[143.015185, 42.512357], [143.015246, 42.51234], [143.015398, 42.51225], [143.015528, 42.512126], [143.015703, 42.512019], [143.015862, 42.51198], [143.016128, 42.511941], [143.016311, 42.511868], [143.016547, 42.5118], [143.016858, 42.511772], [143.017071, 42.511738], [143.017421, 42.511727], [143.017566, 42.511693], [143.017664, 42.511648], [143.017763, 42.511586], [143.017923, 42.511401], [143.018219, 42.51126], [143.018226, 42.511258], [143.018371, 42.511198], [143.018508, 42.511176], [143.018638, 42.511192], [143.018676, 42.511215], [143.018774, 42.511243], [143.018911, 42.511243], [143.019003, 42.511204], [143.0192, 42.51108], [143.019254, 42.511057], [143.019322, 42.510995], [143.019368, 42.510928], [143.019383, 42.510827], [143.01936, 42.510737], [143.019238, 42.510506], [143.019208, 42.510354], [143.019238, 42.509674], [143.019261, 42.509578], [143.01933, 42.509448], [143.019429, 42.509342], [143.019611, 42.509223], [143.019664, 42.509145], [143.019672, 42.509009], [143.019551, 42.508694], [143.019513, 42.508514], [143.019528, 42.508396], [143.019627, 42.508109], [143.019741, 42.507862], [143.019855, 42.507715], [143.019908, 42.507665], [143.020106, 42.507569], [143.020144, 42.50753], [143.020144, 42.507457], [143.020128, 42.507389], [143.020121, 42.507198], [143.020182, 42.507007], [143.020281, 42.5069], [143.020395, 42.506804], [143.020562, 42.506686], [143.020661, 42.50659], [143.020714, 42.506484], [143.020699, 42.506281], [143.0206, 42.505909], [143.020569, 42.505797], [143.020577, 42.505673], [143.020592, 42.5056], [143.020585, 42.505431], [143.020539, 42.505313], [143.020516, 42.505172], [143.020471, 42.504975], [143.020448, 42.504795], [143.020471, 42.504683], [143.020562, 42.504446], [143.020554, 42.504289], [143.020494, 42.504154], [143.020494, 42.504053], [143.0206, 42.503828], [143.020665, 42.503576], [143.020691, 42.503473], [143.020806, 42.503012], [143.020912, 42.502702], [143.021036, 42.502598], [143.021051, 42.502567], [143.021084, 42.502539], [143.021137, 42.5025], [143.021335, 42.502387], [143.021456, 42.502297], [143.021639, 42.502005], [143.021669, 42.501892], [143.021684, 42.501504], [143.021699, 42.501453], [143.021798, 42.50129], [143.022018, 42.501076], [143.022436, 42.50071], [143.022535, 42.500654], [143.022671, 42.500598], [143.022846, 42.500564], [143.023104, 42.500502], [143.02337, 42.500446], [143.023522, 42.500418], [143.023788, 42.500289], [143.023954, 42.500193], [143.024046, 42.500114], [143.024122, 42.49963], [143.02419, 42.49949], [143.024281, 42.499338], [143.024297, 42.499287], [143.024297, 42.499124], [143.024274, 42.499051], [143.024274, 42.498848], [143.024319, 42.498707], [143.024358, 42.498595], [143.024555, 42.498151], [143.024676, 42.497993], [143.024836, 42.497914], [143.025413, 42.4977], [143.02621, 42.497369], [143.02637, 42.49734], [143.026772, 42.497324], [143.026924, 42.497307], [143.027213, 42.497262], [143.027334, 42.497233], [143.027615, 42.4972], [143.027919, 42.49707], [143.028056, 42.497003], [143.028164, 42.496966], [143.028238, 42.496941], [143.028564, 42.496902], [143.029111, 42.496767], [143.029369, 42.49671], [143.029635, 42.496671], [143.029946, 42.496581], [143.030212, 42.496525], [143.030463, 42.49648], [143.030498, 42.49648], [143.03072, 42.496445], [143.03084, 42.496429], [143.031013, 42.496418], [143.031095, 42.496417], [143.031221, 42.496437], [143.031322, 42.496471], [143.031411, 42.496537], [143.031466, 42.496607], [143.031497, 42.496705], [143.031529, 42.496817], [143.03157, 42.496925], [143.031583, 42.496985], [143.031598, 42.497135], [143.031619, 42.497258], [143.031649, 42.49737], [143.031686, 42.497477], [143.031722, 42.497543], [143.031781, 42.4976], [143.031841, 42.497635], [143.031916, 42.497667], [143.032099, 42.49768], [143.032424, 42.497677], [143.032559, 42.497655], [143.032686, 42.497643], [143.032819, 42.497627], [143.032902, 42.497611], [143.032949, 42.497599], [143.032999, 42.497579], [143.03305, 42.49755], [143.033093, 42.497508], [143.033195, 42.497423], [143.033292, 42.497338], [143.033349, 42.497292], [143.033413, 42.497247], [143.033473, 42.497225], [143.03356, 42.497212], [143.033695, 42.497201], [143.033813, 42.497199], [143.03395, 42.497211], [143.034354, 42.497297], [143.03448, 42.497327], [143.034573, 42.497334], [143.034852, 42.497373], [143.035127, 42.497405], [143.035323, 42.497414], [143.035486, 42.497486]]}, "properties": {"name": "支二の沢川", "system": "歴舟川水系", "river_code": "0100510000"}}, {"type": "Feature", "geometry": {"type": "LineString", "coordinates": [[143.009562, 42.522196], [143.01022, 42.521469], [143.010587, 42.521067], [143.011183, 42.520617], [143.011481, 42.520389], [143.011897, 42.519904], [143.012091, 42.519717], [143.012396, 42.519502], [143.012971, 42.51935], [143.013286, 42.519271], [143.013563, 42.519057], [143.013979, 42.518641], [143.014207, 42.518239], [143.014221, 42.517547], [143.01411, 42.517163], [143.014158, 42.516796], [143.014234, 42.516388], [143.01422, 42.515737], [143.014241, 42.515467], [143.014415, 42.51493], [143.014672, 42.514431], [143.014755, 42.513981], [143.014783, 42.513559], [143.014845, 42.513164], [143.014977, 42.512728], [143.015185, 42.512357]]}, "properties": {"name": "支二の沢川", "system": "歴舟川水系", "river_code": "0100510000"}}, {"type": "Feature", "geometry": {"type": "LineString", "coordinates": [[143.017859, 42.467908], [143.017829, 42.467947], [143.017806, 42.467998], [143.017791, 42.468448], [143.017753, 42.46865], [143.017684, 42.468825], [143.017434, 42.469219], [143.01732, 42.469354], [143.017191, 42.469539], [143.016925, 42.469787], [143.016781, 42.469871], [143.016682, 42.469911], [143.016173, 42.470068], [143.016113, 42.470113], [143.016067, 42.470186], [143.016044, 42.470299], [143.015976, 42.470512], [143.015892, 42.470687], [143.015702, 42.47089], [143.015588, 42.470968], [143.015497, 42.471008], [143.01533, 42.471025], [143.015178, 42.471075], [143.01511, 42.471126], [143.015042, 42.471199], [143.014958, 42.471357], [143.014905, 42.47157], [143.014905, 42.471874], [143.014905, 42.471959], [143.01492, 42.471998], [143.014927, 42.472155], [143.014897, 42.472234], [143.014798, 42.47229], [143.014518, 42.472409], [143.014351, 42.472521], [143.014184, 42.472707], [143.014161, 42.472747]]}, "properties": {"name": "支四の沢川", "system": "歴舟川水系", "river_code": "0100510000"}}, {"type": "Feature", "geometry": {"type": "LineString", "coordinates": [[143.01302, 42.454474], [143.01388, 42.455125], [143.014413, 42.455969], [143.014976, 42.457021], [143.015509, 42.458205], [143.015954, 42.45936], [143.016, 42.459948], [143.015837, 42.460614], [143.015556, 42.461562], [143.015318, 42.462361], [143.014904, 42.463146], [143.014311, 42.463649], [143.014163, 42.463901], [143.014163, 42.464345], [143.014415, 42.46473], [143.014667, 42.465026], [143.014844, 42.465145], [143.014898, 42.465263], [143.014958, 42.465347], [143.015027, 42.465398], [143.015141, 42.465443], [143.015171, 42.465465], [143.015649, 42.465617], [143.015862, 42.46573], [143.015984, 42.46582], [143.016204, 42.466051], [143.016272, 42.466242], [143.016295, 42.466422], [143.016363, 42.466524], [143.0165, 42.466591], [143.016986, 42.466872], [143.017145, 42.467035], [143.01732, 42.467182], [143.017388, 42.467221], [143.017555, 42.467339], [143.017912, 42.46757], [143.01795, 42.467626], [143.01795, 42.467733], [143.017897, 42.467823], [143.017859, 42.467908]]}, "properties": {"name": "支四の沢川", "system": "歴舟川水系", "river_code": "0100510000"}}, {"type": "Feature", "geometry": {"type": "LineString", "coordinates": [[142.984522, 42.459537], [142.984537, 42.459587], [142.984553, 42.459734], [142.984621, 42.459812], [142.984689, 42.459908], [142.984712, 42.460156], [142.984796, 42.460302], [142.984803, 42.460364], [142.984788, 42.46042], [142.984796, 42.460527], [142.984879, 42.460668], [142.984871, 42.460758], [142.984856, 42.460814], [142.984849, 42.460899], [142.984894, 42.461028], [142.985008, 42.461169], [142.985061, 42.461264], [142.985076, 42.461337], [142.985039, 42.461517], [142.985031, 42.461658], [142.985054, 42.461709], [142.985114, 42.461759], [142.985258, 42.461816], [142.985426, 42.461816], [142.985547, 42.461799], [142.985965, 42.461782], [142.986215, 42.461748], [142.986428, 42.461686], [142.986853, 42.46145], [142.987134, 42.46132], [142.987286, 42.461214], [142.987377, 42.461163], [142.987742, 42.461011], [142.987886, 42.460966], [142.988046, 42.46096], [142.988099, 42.460977], [142.98857, 42.461208], [142.988646, 42.461264], [142.988828, 42.461529], [142.989086, 42.461816], [142.989169, 42.461923], [142.98923, 42.462058], [142.989283, 42.462148], [142.98939, 42.462249], [142.989481, 42.462384], [142.989511, 42.462469], [142.989557, 42.462559], [142.989618, 42.462598], [142.989724, 42.462632], [142.9898, 42.462643], [142.989914, 42.462671], [142.990043, 42.462688], [142.990202, 42.462727], [142.990377, 42.462812], [142.990468, 42.462834], [142.990567, 42.46284], [142.990613, 42.462851], [142.990726, 42.462902], [142.99081, 42.462975], [142.990886, 42.463076], [142.990939, 42.463172], [142.991015, 42.463268], [142.991106, 42.463369], [142.991402, 42.463589], [142.991429, 42.463623], [142.991455, 42.463656], [142.991486, 42.463751], [142.991501, 42.463768], [142.991523, 42.463864], [142.99163, 42.464022], [142.991698, 42.464241], [142.991835, 42.464522], [142.991903, 42.464612], [142.992123, 42.464781], [142.992329, 42.465023], [142.992389, 42.465181], [142.992435, 42.465265], [142.992564, 42.465367], [142.99267, 42.465434], [142.992799, 42.465496], [142.993034, 42.46567], [142.993148, 42.465715], [142.993224, 42.465732], [142.993361, 42.465721], [142.993483, 42.465682], [142.993657, 42.465648], [142.993916, 42.465648], [142.994029, 42.46567], [142.99431, 42.46571], [142.995062, 42.46571], [142.995191, 42.465721], [142.99526, 42.465738], [142.995677, 42.465907], [142.995905, 42.465974], [142.996216, 42.46611], [142.99627, 42.466158], [142.996334, 42.466234], [142.996505, 42.466376], [142.996528, 42.466382], [142.996763, 42.466556], [142.996938, 42.466658], [142.997371, 42.466826], [142.997561, 42.467001], [142.997712, 42.467085], [142.998107, 42.467305], [142.998289, 42.467384], [142.998699, 42.467558], [142.998912, 42.467727], [142.999201, 42.468177], [142.999353, 42.468374], [142.999588, 42.46856], [142.999846, 42.468667], [143.000028, 42.4687], [143.000135, 42.468712], [143.000324, 42.468695], [143.000613, 42.468695], [143.000833, 42.46874], [143.001145, 42.468847], [143.001388, 42.468948], [143.001585, 42.469077], [143.001707, 42.469179], [143.001919, 42.469432], [143.002124, 42.469724], [143.002177, 42.469831], [143.002193, 42.469904], [143.002246, 42.470028], [143.002314, 42.470112], [143.002413, 42.470214], [143.002557, 42.470315], [143.002747, 42.470416], [143.002853, 42.470461], [143.003013, 42.470506], [143.003127, 42.470523], [143.003286, 42.470585], [143.003393, 42.470647], [143.003468, 42.470732], [143.003552, 42.470872], [143.003749, 42.471019], [143.00378, 42.471024], [143.004038, 42.471193], [143.004182, 42.471255], [143.004281, 42.47126], [143.004418, 42.471311], [143.004478, 42.471373], [143.004506, 42.471426], [143.004516, 42.471446], [143.004531, 42.471564], [143.004623, 42.471868], [143.004676, 42.471958], [143.004752, 42.472048], [143.004782, 42.472104], [143.004782, 42.472245], [143.004767, 42.472285], [143.004797, 42.472347], [143.004964, 42.472555], [143.005093, 42.472763], [143.005223, 42.472937], [143.005278, 42.47298], [143.005322, 42.473016]]}, "properties": {"name": "支五の沢川", "system": "歴舟川水系", "river_code": "0100510000"}}, {"type": "Feature", "geometry": {"type": "LineString", "coordinates": [[142.95429, 42.432495], [142.955118, 42.433183], [142.955869, 42.433921], [142.956195, 42.43446], [142.956558, 42.434948], [142.957096, 42.435373], [142.958849, 42.436413], [142.959626, 42.436901], [142.960051, 42.437251], [142.960314, 42.437577], [142.960615, 42.438065], [142.961153, 42.438553], [142.962255, 42.43943], [142.962794, 42.43978], [142.964027, 42.440607], [142.964605, 42.441035], [142.964899, 42.441389], [142.965098, 42.441795], [142.965176, 42.442192], [142.965081, 42.442607], [142.965089, 42.442979], [142.965296, 42.443238], [142.965668, 42.443307], [142.966005, 42.443272], [142.966498, 42.443091], [142.967215, 42.442797], [142.967751, 42.442659], [142.968053, 42.442616], [142.96831, 42.44265], [142.968401, 42.442712], [142.968583, 42.442909], [142.968697, 42.443089], [142.968743, 42.443325], [142.968834, 42.443606], [142.968933, 42.443758], [142.969001, 42.443888], [142.969047, 42.444102], [142.969108, 42.444209], [142.969176, 42.44427], [142.969274, 42.444327], [142.969449, 42.444405], [142.969662, 42.444529], [142.969799, 42.444552], [142.969928, 42.444546], [142.970178, 42.444512], [142.970664, 42.444462], [142.970839, 42.444462], [142.971135, 42.444557], [142.971211, 42.444619], [142.971264, 42.444816], [142.971279, 42.445069], [142.971363, 42.445272], [142.971439, 42.445418], [142.971469, 42.445514], [142.971454, 42.445609], [142.971416, 42.445716], [142.971348, 42.445829], [142.971333, 42.446048], [142.971241, 42.4462], [142.971135, 42.446341], [142.971143, 42.446431], [142.971241, 42.446549], [142.971317, 42.446628], [142.971454, 42.446966], [142.971522, 42.447067], [142.971689, 42.447163], [142.971833, 42.447219], [142.97194, 42.447236], [142.972244, 42.447241], [142.97238, 42.447264], [142.972585, 42.44727], [142.972722, 42.447236], [142.973011, 42.447241], [142.973451, 42.447422], [142.973611, 42.447422], [142.973838, 42.447332], [142.974097, 42.44718], [142.974127, 42.447168], [142.974302, 42.447168], [142.974454, 42.447213], [142.974552, 42.44727], [142.974605, 42.447337], [142.974641, 42.447399], [142.974651, 42.447416], [142.974879, 42.447607], [142.974947, 42.447714], [142.974993, 42.447905], [142.974977, 42.448085], [142.974871, 42.448249], [142.974848, 42.448299], [142.974848, 42.448423], [142.974909, 42.448524], [142.975099, 42.448659], [142.975228, 42.448924], [142.975228, 42.449031], [142.97519, 42.449109], [142.975099, 42.449216], [142.974954, 42.449352], [142.974886, 42.449442], [142.974856, 42.449464], [142.974727, 42.4497], [142.97462, 42.449897], [142.974628, 42.450038], [142.974765, 42.450353], [142.974848, 42.4505], [142.975061, 42.450775], [142.975091, 42.45082], [142.975129, 42.450938], [142.975144, 42.451011], [142.975205, 42.451163], [142.975205, 42.451321], [142.975061, 42.451552], [142.975046, 42.451597], [142.975053, 42.451743], [142.975159, 42.451962], [142.975174, 42.452041], [142.975159, 42.452232], [142.975099, 42.452368], [142.974962, 42.452587], [142.974909, 42.452756], [142.974886, 42.452953], [142.974848, 42.453043], [142.974757, 42.453133], [142.974651, 42.4532], [142.974574, 42.453228], [142.974514, 42.453268], [142.974468, 42.453341], [142.974445, 42.453712], [142.974415, 42.453909], [142.974347, 42.45405], [142.97424, 42.454219], [142.974172, 42.454388], [142.974111, 42.454466], [142.973959, 42.454618], [142.973876, 42.454731], [142.973762, 42.454827], [142.973549, 42.454911], [142.973397, 42.455018], [142.973329, 42.455108], [142.973329, 42.45522], [142.97339, 42.455293], [142.973459, 42.455333], [142.973488, 42.45535], [142.973671, 42.455434], [142.973739, 42.45549], [142.973762, 42.455547], [142.973754, 42.455586], [142.973603, 42.455755], [142.973405, 42.456137], [142.973405, 42.456273], [142.973496, 42.456447], [142.973564, 42.456678], [142.973648, 42.456796], [142.973762, 42.456892], [142.973914, 42.457066], [142.974142, 42.457235], [142.974308, 42.457443], [142.974589, 42.457674], [142.974681, 42.457764], [142.974886, 42.458056], [142.974924, 42.458225], [142.97487, 42.458383], [142.974719, 42.45863], [142.974582, 42.45881], [142.974506, 42.458962], [142.974483, 42.459052], [142.974498, 42.459272], [142.974506, 42.459778], [142.974597, 42.459936], [142.974703, 42.460094], [142.974885, 42.460234], [142.975197, 42.460436], [142.975333, 42.460543], [142.975463, 42.460724], [142.975546, 42.460842], [142.97569, 42.460994], [142.975744, 42.461095], [142.975933, 42.461309], [142.97607, 42.461404], [142.976146, 42.461421], [142.976359, 42.461404], [142.976427, 42.461376], [142.976647, 42.461213], [142.976716, 42.461134], [142.976784, 42.461022], [142.976875, 42.460932], [142.976974, 42.460853], [142.977095, 42.460718], [142.977156, 42.4606], [142.977179, 42.460476], [142.977194, 42.460347], [142.977247, 42.4602], [142.977252, 42.460106], [142.977263, 42.45988], [142.977361, 42.459576], [142.977414, 42.45921], [142.977498, 42.458968], [142.977688, 42.458625], [142.977794, 42.458327], [142.977878, 42.45822], [142.977969, 42.458164], [142.978159, 42.458085], [142.97825, 42.458017], [142.978295, 42.457967], [142.978538, 42.457775], [142.978561, 42.457719], [142.978561, 42.457359], [142.978607, 42.457285], [142.978705, 42.45724], [142.978827, 42.457224], [142.979207, 42.45719], [142.979389, 42.457128], [142.979556, 42.457016], [142.979655, 42.456926], [142.979837, 42.456717], [142.980004, 42.456582], [142.980247, 42.456442], [142.980437, 42.456301], [142.98049, 42.456295], [142.980976, 42.45616], [142.981135, 42.45616], [142.981348, 42.4562], [142.981568, 42.456222], [142.981667, 42.456262], [142.98172, 42.456324], [142.981766, 42.456442], [142.981864, 42.456543], [142.981948, 42.45665], [142.981948, 42.456762], [142.981895, 42.45692], [142.981864, 42.457106], [142.981872, 42.45714], [142.982024, 42.457275], [142.982092, 42.457517], [142.98213, 42.45764], [142.982138, 42.458034], [142.982176, 42.458096], [142.982419, 42.458304], [142.982525, 42.458428], [142.982646, 42.458479], [142.98276, 42.458507], [142.983003, 42.458507], [142.983145, 42.458477], [142.983216, 42.458462], [142.983406, 42.458462], [142.983512, 42.45849], [142.983831, 42.458755], [142.983907, 42.458834], [142.983938, 42.458929], [142.984082, 42.459064], [142.984135, 42.459143], [142.984142, 42.459306], [142.984165, 42.459351], [142.984233, 42.459396], [142.984446, 42.459492], [142.984522, 42.459537]]}, "properties": {"name": "支五の沢川", "system": "歴舟川水系", "river_code": "0100510000"}}, {"type": "Feature", "geometry": {"type": "LineString", "coordinates": [[143.251434, 42.434296], [143.251669, 42.434448], [143.251791, 42.434515], [143.252231, 42.434785], [143.252444, 42.434892], [143.252633, 42.434954], [143.253211, 42.435095], [143.25375, 42.435196], [143.254069, 42.435264], [143.254205, 42.43528], [143.254326, 42.435309], [143.254759, 42.435354], [143.255298, 42.435421], [143.255997, 42.435505], [143.256696, 42.435708], [143.257068, 42.435849], [143.257888, 42.43631], [143.25807, 42.436423], [143.258093, 42.436428], [143.258146, 42.436468], [143.258229, 42.436609], [143.25848, 42.436777], [143.259133, 42.437154], [143.259361, 42.43725], [143.259528, 42.437284], [143.259945, 42.437284], [143.26012, 42.437272], [143.260477, 42.437233], [143.260788, 42.437177], [143.261054, 42.43716], [143.261488, 42.437155], [143.261638, 42.437154], [143.261798, 42.437177], [143.262086, 42.437222], [143.262299, 42.437261], [143.262595, 42.437351], [143.262831, 42.437475], [143.263149, 42.437677], [143.263332, 42.437762], [143.263726, 42.437897], [143.264, 42.437942], [143.264326, 42.437976], [143.264919, 42.437993], [143.265215, 42.438049], [143.265238, 42.43806], [143.265511, 42.438038], [143.266171, 42.4381], [143.266665, 42.438156], [143.267781, 42.438432], [143.269171, 42.438758], [143.270454, 42.439096], [143.270583, 42.439135], [143.270894, 42.43922], [143.27176, 42.43949], [143.271919, 42.439619], [143.271958, 42.439667], [143.272048, 42.439777], [143.272344, 42.440243], [143.272693, 42.44075], [143.272845, 42.440862], [143.273028, 42.440941], [143.273415, 42.441082], [143.273734, 42.441149], [143.274068, 42.441183], [143.27425, 42.441211], [143.274728, 42.441262], [143.274979, 42.441385], [143.275624, 42.441487], [143.275921, 42.441566], [143.27611, 42.441644], [143.276444, 42.441886], [143.277507, 42.442939], [143.277887, 42.443276], [143.278358, 42.443636], [143.279345, 42.444215], [143.279959, 42.444581], [143.280172, 42.444683], [143.280514, 42.444773], [143.280515, 42.444773], [143.28078, 42.444812], [143.280939, 42.444835], [143.281243, 42.444863], [143.281661, 42.44488], [143.281721, 42.444885], [143.282161, 42.444919], [143.282564, 42.444953], [143.283133, 42.444981], [143.283202, 42.444992], [143.283597, 42.445015], [143.283984, 42.445032], [143.285259, 42.445116], [143.285434, 42.445127], [143.285669, 42.445144], [143.285852, 42.445144], [143.28614, 42.445167], [143.286512, 42.445178], [143.286778, 42.445189], [143.286877, 42.4452], [143.287044, 42.4452], [143.287264, 42.445217], [143.288183, 42.445262], [143.288517, 42.445285], [143.289443, 42.445319], [143.289997, 42.445347], [143.290574, 42.445364], [143.290863, 42.445381], [143.291296, 42.445392], [143.291417, 42.445404], [143.291564, 42.445409], [143.292586, 42.445449], [143.29264, 42.44546], [143.292928, 42.445477], [143.293429, 42.445494], [143.294075, 42.445471], [143.294546, 42.445404], [143.295289, 42.445398], [143.295335, 42.445393], [143.295517, 42.445375], [143.295616, 42.445364], [143.29595, 42.445353], [143.296056, 42.44533], [143.296178, 42.445263], [143.296322, 42.445269], [143.29655, 42.445308], [143.296717, 42.445308], [143.29677, 42.445297], [143.296983, 42.445111], [143.297104, 42.445094], [143.29753, 42.445094], [143.297674, 42.4451], [143.297947, 42.44515], [143.298144, 42.445195], [143.298524, 42.445319], [143.298676, 42.445347], [143.298875, 42.44541]]}, "properties": {"name": "インダタラ川", "system": "紋別川水系", "river_code": "0100520000"}}, {"type": "Feature", "geometry": {"type": "LineString", "coordinates": [[143.264535, 42.472385], [143.264568, 42.472382], [143.265182, 42.472194], [143.266124, 42.471929], [143.266382, 42.471879], [143.272266, 42.469628], [143.272433, 42.469583], [143.273337, 42.469218], [143.274491, 42.468779], [143.274635, 42.46874], [143.274653, 42.468736], [143.274818, 42.468706], [143.275152, 42.4687], [143.275364, 42.468717], [143.275676, 42.46874], [143.275888, 42.468728], [143.275972, 42.468695], [143.278219, 42.467361], [143.278371, 42.467288], [143.28153, 42.465342], [143.28178, 42.465145], [143.283261, 42.463528], [143.283284, 42.463502], [143.28339, 42.463418], [143.283573, 42.463243], [143.285198, 42.461539], [143.285691, 42.461027], [143.285926, 42.460785], [143.286094, 42.46056], [143.286169, 42.46052], [143.286306, 42.460475], [143.286602, 42.460481], [143.28683, 42.460492], [143.286974, 42.460509], [143.28721, 42.46052], [143.287582, 42.460565], [143.287635, 42.460582], [143.288121, 42.460639], [143.288182, 42.460661], [143.288949, 42.460768], [143.289283, 42.460835], [143.289632, 42.460813], [143.289844, 42.460779], [143.290194, 42.460655], [143.290999, 42.460329], [143.29109, 42.460284], [143.291211, 42.46025], [143.29223, 42.459869], [143.294826, 42.458895], [143.295144, 42.458777], [143.295319, 42.458659], [143.295608, 42.458557], [143.295721, 42.458507], [143.29699, 42.458017], [143.297028, 42.458012], [143.297582, 42.457798], [143.297901, 42.457669], [143.297908, 42.457657], [143.297999, 42.457635], [143.298273, 42.457528], [143.298531, 42.457427], [143.300239, 42.456769], [143.300513, 42.456656], [143.30109, 42.456431], [143.301265, 42.456347], [143.301462, 42.456273], [143.302046, 42.456043], [143.302153, 42.455992], [143.302207, 42.45597], [143.302434, 42.455879], [143.30276, 42.455638], [143.303254, 42.455317], [143.30494, 42.454203], [143.305471, 42.453832], [143.305904, 42.453489], [143.306367, 42.453072], [143.306527, 42.452915], [143.30661, 42.452679], [143.306671, 42.452622], [143.308053, 42.451002], [143.308903, 42.450006], [143.309002, 42.449877], [143.309215, 42.449691], [143.309458, 42.449573], [143.309679, 42.449482], [143.310278, 42.449235], [143.310308, 42.449213], [143.310612, 42.449095], [143.310658, 42.449067], [143.310665, 42.449072], [143.310923, 42.448954], [143.311121, 42.448881], [143.311265, 42.448814], [143.312039, 42.44851], [143.313725, 42.447829], [143.313816, 42.447801], [143.313961, 42.447734], [143.314446, 42.447537], [143.314781, 42.44743], [143.314986, 42.447357], [143.315456, 42.447233], [143.315798, 42.447188], [143.316724, 42.447087], [143.316937, 42.447064], [143.317484, 42.446991], [143.317535, 42.446984], [143.317658, 42.446974], [143.318061, 42.446924], [143.319898, 42.44671], [143.320043, 42.446699], [143.32007, 42.446695], [143.320475, 42.446637], [143.320635, 42.446631], [143.321014, 42.446575], [143.321333, 42.446535], [143.321516, 42.446524], [143.322214, 42.446451], [143.322389, 42.446429], [143.322594, 42.446412], [143.322662, 42.446395], [143.322943, 42.446367], [143.323361, 42.446294], [143.32349, 42.446265], [143.323513, 42.446265], [143.324135, 42.446035], [143.324264, 42.445984], [143.324325, 42.44595], [143.324538, 42.445877], [143.324879, 42.445607], [143.325677, 42.44491], [143.326261, 42.444392], [143.326626, 42.444128], [143.327659, 42.443458], [143.328206, 42.443087], [143.32857, 42.442851], [143.329139, 42.442462], [143.329312, 42.44235], [143.329398, 42.442294], [143.329428, 42.442282], [143.329496, 42.442204], [143.329618, 42.442153], [143.329937, 42.441995], [143.330369, 42.441782], [143.33081, 42.441602], [143.330886, 42.441585], [143.331038, 42.441534], [143.331607, 42.441394], [143.332283, 42.441213], [143.332344, 42.441208], [143.334705, 42.440589], [143.335313, 42.440432], [143.335419, 42.440409], [143.335601, 42.440353], [143.335654, 42.440347], [143.335829, 42.440257], [143.33614, 42.440162], [143.336216, 42.44015], [143.336239, 42.440139], [143.33712, 42.439903], [143.338449, 42.439543], [143.339641, 42.439224], [143.340658, 42.438952], [143.341137, 42.438834], [143.341281, 42.438789], [143.341964, 42.438609], [143.342199, 42.438553], [143.342534, 42.438468], [143.343809, 42.438148], [143.343916, 42.438125], [143.344098, 42.438069], [143.344629, 42.437934], [143.344751, 42.437912], [143.34529, 42.437754], [143.345465, 42.437692], [143.345731, 42.437608], [143.346604, 42.437253], [143.348935, 42.436336], [143.349087, 42.436269], [143.349931, 42.43594], [143.349983, 42.43592], [143.350849, 42.435565], [143.351615, 42.435256], [143.351987, 42.435098], [143.35242, 42.434918], [143.352762, 42.434755], [143.354045, 42.434131], [143.354934, 42.433692], [143.355359, 42.433467], [143.355579, 42.43336], [143.355966, 42.433242], [143.355997, 42.43322], [143.356035, 42.433163], [143.356099, 42.433131], [143.35621, 42.433075], [143.356237, 42.433023]]}, "properties": {"name": "リュウ川", "system": "紋別川水系", "river_code": "0100520000"}}, {"type": "Feature", "geometry": {"type": "LineString", "coordinates": [[143.202876, 42.471399], [143.204315, 42.471906], [143.205279, 42.47238], [143.206532, 42.473073], [143.208038, 42.473598], [143.209629, 42.474274], [143.210509, 42.474308], [143.211304, 42.474308], [143.211744, 42.47419], [143.212844, 42.474037], [143.214519, 42.473987], [143.215755, 42.473953], [143.216811, 42.474003], [143.217978, 42.47424], [143.220094, 42.4749], [143.221363, 42.475221], [143.221871, 42.475221], [143.222212, 42.475244], [143.222334, 42.475266], [143.222744, 42.475289], [143.223624, 42.475395], [143.224027, 42.475485], [143.224551, 42.475604], [143.2249, 42.475705], [143.225257, 42.475772], [143.225888, 42.475941], [143.225986, 42.475975], [143.226609, 42.476161], [143.227064, 42.476268], [143.227338, 42.476318], [143.227474, 42.476335], [143.227869, 42.476352], [143.228378, 42.476341], [143.228507, 42.476341], [143.229038, 42.476329], [143.2296, 42.476335], [143.229889, 42.476364], [143.230011, 42.476369], [143.230185, 42.476392], [143.230322, 42.476397], [143.230413, 42.476409], [143.230573, 42.476414], [143.230618, 42.476425], [143.230694, 42.476425], [143.230876, 42.476448], [143.231013, 42.476476], [143.231195, 42.476515], [143.231453, 42.476611], [143.231521, 42.476645], [143.231803, 42.476825], [143.232281, 42.477185], [143.232423, 42.477266], [143.232752, 42.477455], [143.232987, 42.477539], [143.233298, 42.477612], [143.233465, 42.477635], [143.233769, 42.477652], [143.234065, 42.477658], [143.234384, 42.477691], [143.234741, 42.477759], [143.234923, 42.477815], [143.234961, 42.477821], [143.23531, 42.47795], [143.23569, 42.478136], [143.236298, 42.478512], [143.236419, 42.478591], [143.23695, 42.478856], [143.237452, 42.479081], [143.237604, 42.479177], [143.2379, 42.479419], [143.238279, 42.47988], [143.238348, 42.48002], [143.238416, 42.480234], [143.238461, 42.480752], [143.238507, 42.48087], [143.23856, 42.480949], [143.238765, 42.481084], [143.239054, 42.481191], [143.239122, 42.481213], [143.239304, 42.481236], [143.239623, 42.481236], [143.240026, 42.48123], [143.240208, 42.481292], [143.240656, 42.481573], [143.241022, 42.48184], [143.241089, 42.481889], [143.241484, 42.48222], [143.241962, 42.482592], [143.242038, 42.482631], [143.242235, 42.48267], [143.242471, 42.482682], [143.242645, 42.482738], [143.242828, 42.482817], [143.242957, 42.482884], [143.243002, 42.482901], [143.243314, 42.483081], [143.243344, 42.483081], [143.243458, 42.483149], [143.243724, 42.483278], [143.243822, 42.483334], [143.244073, 42.483531], [143.244126, 42.483644], [143.244354, 42.483829], [143.244354, 42.483846], [143.244422, 42.483908], [143.244498, 42.483998], [143.244536, 42.484082], [143.244536, 42.484195], [143.244437, 42.484386], [143.244429, 42.484465], [143.244468, 42.484544], [143.244642, 42.484797], [143.244665, 42.484932], [143.244711, 42.485033], [143.244771, 42.485107], [143.244991, 42.485275], [143.245151, 42.485365], [143.245303, 42.485416], [143.24547, 42.485455], [143.245758, 42.485607], [143.245887, 42.485804], [143.245956, 42.485866], [143.246016, 42.485877], [143.246088, 42.485883], [143.246191, 42.485871], [143.246234, 42.485856], [143.246358, 42.485758], [143.246457, 42.485629], [143.246487, 42.485443], [143.246533, 42.485375], [143.246647, 42.485291], [143.247254, 42.484998], [143.247406, 42.48492], [143.247429, 42.484914], [143.247626, 42.484762], [143.247877, 42.484531], [143.248082, 42.484391], [143.248742, 42.483997], [143.248978, 42.483823], [143.24916, 42.483654], [143.249236, 42.483569], [143.249365, 42.483372], [143.249532, 42.483069], [143.249745, 42.482607], [143.249927, 42.482118], [143.250064, 42.481724], [143.250216, 42.481409], [143.250261, 42.481336], [143.250466, 42.481122], [143.251446, 42.480627], [143.253025, 42.479783], [143.253268, 42.479654], [143.253428, 42.479564], [143.253447, 42.479547], [143.253557, 42.479451], [143.253602, 42.479361], [143.253625, 42.479277], [143.254369, 42.478214], [143.254612, 42.477882], [143.254719, 42.47773], [143.254855, 42.477572], [143.254901, 42.477516], [143.255022, 42.47737], [143.25522, 42.477173], [143.2567, 42.475856], [143.257391, 42.475243], [143.257596, 42.475108], [143.257794, 42.475001], [143.258257, 42.474793], [143.259996, 42.474129], [143.260118, 42.474067], [143.260284, 42.474022], [143.261165, 42.47369], [143.261343, 42.473621], [143.262805, 42.473049], [143.264491, 42.472402], [143.264535, 42.472385]]}, "properties": {"name": "リュウ川", "system": "紋別川水系", "river_code": "0100520000"}}, {"type": "Feature", "geometry": {"type": "LineString", "coordinates": [[143.038569, 42.439342], [143.038608, 42.439326], [143.038714, 42.439213], [143.038752, 42.43919], [143.038957, 42.439106], [143.039131, 42.438994], [143.039306, 42.438808], [143.039443, 42.438729], [143.039534, 42.438707], [143.039701, 42.438707], [143.039891, 42.438769], [143.04002, 42.438791], [143.040172, 42.438785], [143.04043, 42.438695], [143.040673, 42.438589], [143.041281, 42.438206], [143.041478, 42.438105], [143.041797, 42.437874], [143.04204, 42.437739], [143.042199, 42.437689], [143.042321, 42.437677], [143.042921, 42.437683], [143.043035, 42.437694], [143.043232, 42.4377], [143.043429, 42.437666], [143.043794, 42.437582], [143.044037, 42.437531], [143.044227, 42.437503], [143.044493, 42.437509], [143.044713, 42.437559], [143.045108, 42.437711], [143.045161, 42.437722], [143.045374, 42.437795], [143.045594, 42.437846], [143.0457, 42.437863], [143.045746, 42.43788], [143.045951, 42.437919], [143.046262, 42.437936], [143.04674, 42.437908], [143.046794, 42.437897], [143.047234, 42.437908], [143.047477, 42.437953], [143.047621, 42.438026], [143.047826, 42.438099], [143.04788, 42.438111], [143.048145, 42.438105], [143.048305, 42.438094], [143.048487, 42.438049], [143.048539, 42.438027], [143.048842, 42.437787]]}, "properties": {"name": "ポン十の沢川", "system": "歴舟川水系", "river_code": "0100510000"}}, {"type": "Feature", "geometry": {"type": "LineString", "coordinates": [[143.003528, 42.445404], [143.003651, 42.445052], [143.003704, 42.444842], [143.003897, 42.444666], [143.004882, 42.443928], [143.005176, 42.443764], [143.005564, 42.443592], [143.006781, 42.443263], [143.007001, 42.443167], [143.00732, 42.443122], [143.007548, 42.442999], [143.007693, 42.442948], [143.007738, 42.442942], [143.007867, 42.442892], [143.008079, 42.44279], [143.008254, 42.442706], [143.008323, 42.442661], [143.008444, 42.442532], [143.008474, 42.442453], [143.008482, 42.442351], [143.00855, 42.442256], [143.008626, 42.442183], [143.008626, 42.442036], [143.008581, 42.441952], [143.008581, 42.441907], [143.008649, 42.441856], [143.008847, 42.441772], [143.008915, 42.441721], [143.009143, 42.441507], [143.009143, 42.441417], [143.009128, 42.441373], [143.009112, 42.441361], [143.009052, 42.441181], [143.009074, 42.440855], [143.009097, 42.440754], [143.009181, 42.440585], [143.009257, 42.440506], [143.009371, 42.44045], [143.009454, 42.440422], [143.009598, 42.44041], [143.009735, 42.44041], [143.009925, 42.440467], [143.01013, 42.440551], [143.010267, 42.440551], [143.010366, 42.440472], [143.010487, 42.440349], [143.010669, 42.440258], [143.010829, 42.440213], [143.010905, 42.440197], [143.011208, 42.440163], [143.011376, 42.440129], [143.011573, 42.440095], [143.011786, 42.440033], [143.012036, 42.439994], [143.012416, 42.439854], [143.012568, 42.439814], [143.012666, 42.439803], [143.012879, 42.439809], [143.013099, 42.439837], [143.013479, 42.439842], [143.013768, 42.439831], [143.013912, 42.439837], [143.014185, 42.439882], [143.01439, 42.439949], [143.014512, 42.440017], [143.014664, 42.440152], [143.014778, 42.440208], [143.014823, 42.440219], [143.014975, 42.440219], [143.015084, 42.440191], [143.015172, 42.440169], [143.015431, 42.440073], [143.015795, 42.439904], [143.016106, 42.43973], [143.016183, 42.439685], [143.01638, 42.439527], [143.016471, 42.439443], [143.016577, 42.439386], [143.016813, 42.439342], [143.016934, 42.439347], [143.017033, 42.439364], [143.017314, 42.439471], [143.017588, 42.439533], [143.017747, 42.43955], [143.017952, 42.439589], [143.018233, 42.43969], [143.018256, 42.439707], [143.018347, 42.43973], [143.018461, 42.439724], [143.018643, 42.439612], [143.018764, 42.439578], [143.018962, 42.439595], [143.019136, 42.439617], [143.019319, 42.439617], [143.019531, 42.439539], [143.020018, 42.43928], [143.020291, 42.43928], [143.020397, 42.439302], [143.020671, 42.439404], [143.020944, 42.439555], [143.021157, 42.439685], [143.021316, 42.439837], [143.021399, 42.439944], [143.021483, 42.439994], [143.021658, 42.44], [143.021878, 42.440056], [143.022053, 42.440062], [143.022273, 42.439989], [143.022584, 42.439949], [143.022653, 42.439932], [143.022918, 42.439769], [143.023222, 42.439702], [143.023488, 42.439617], [143.023663, 42.439589], [143.023822, 42.439612], [143.023868, 42.439623], [143.02408, 42.439713], [143.024224, 42.439758], [143.02427, 42.439764], [143.0243, 42.439781], [143.024452, 42.439786], [143.02468, 42.439708], [143.02487, 42.439607], [143.024994, 42.439534], [143.025166, 42.439432], [143.025181, 42.439432], [143.025257, 42.439387], [143.025326, 42.43937], [143.025439, 42.439376], [143.025637, 42.439438], [143.02588, 42.439516], [143.026131, 42.439584], [143.026244, 42.43964], [143.026336, 42.439747], [143.026389, 42.439849], [143.026442, 42.439888], [143.026503, 42.439905], [143.026708, 42.43991], [143.026844, 42.439888], [143.027156, 42.439888], [143.027558, 42.439989], [143.027824, 42.440068], [143.027938, 42.440107], [143.028226, 42.44018], [143.02834, 42.440197], [143.028766, 42.440197], [143.029039, 42.440119], [143.029183, 42.440057], [143.029381, 42.439939], [143.029525, 42.439826], [143.029662, 42.439691], [143.029798, 42.43959], [143.030231, 42.439409], [143.03033, 42.439382], [143.030338, 42.43937], [143.030566, 42.439303], [143.030831, 42.43919], [143.031112, 42.439129], [143.03137, 42.439129], [143.031545, 42.43914], [143.03172, 42.439179], [143.032266, 42.439337], [143.032418, 42.439393], [143.032821, 42.439455], [143.033094, 42.439455], [143.03333, 42.439427], [143.033527, 42.439427], [143.033732, 42.439455], [143.033838, 42.43946], [143.033907, 42.439432], [143.034005, 42.439354], [143.034195, 42.439084], [143.034233, 42.438982], [143.034393, 42.438673], [143.034499, 42.438583], [143.034607, 42.438538], [143.034621, 42.438532], [143.034696, 42.438521], [143.034848, 42.438527], [143.034939, 42.438538], [143.034947, 42.438549], [143.035031, 42.438566], [143.035342, 42.438724], [143.035555, 42.438797], [143.035706, 42.438825], [143.035919, 42.438915], [143.03601, 42.43901], [143.036079, 42.439061], [143.036648, 42.439219], [143.036808, 42.439286], [143.037013, 42.439326], [143.037126, 42.439314], [143.037271, 42.439269], [143.037369, 42.439202], [143.037476, 42.438982], [143.03759, 42.438904], [143.037643, 42.438892], [143.037795, 42.438904], [143.037954, 42.438949], [143.038023, 42.438994], [143.038159, 42.439117], [143.038326, 42.439241], [143.038471, 42.439314], [143.038531, 42.439326], [143.038569, 42.439342]]}, "properties": {"name": "ポン十の沢川", "system": "歴舟川水系", "river_code": "0100510000"}}, {"type": "Feature", "geometry": {"type": "LineString", "coordinates": [[143.229171, 42.54919], [143.23052, 42.548645], [143.231544, 42.548367], [143.232999, 42.548205], [143.23477, 42.548214], [143.236101, 42.548272], [143.237867, 42.548493], [143.239849, 42.548722], [143.241725, 42.549086], [143.242615, 42.549258], [143.244899, 42.549499], [143.245799, 42.549509], [143.246187, 42.549584], [143.246428, 42.549624], [143.247145, 42.549728], [143.247692, 42.549785], [143.247943, 42.549802], [143.249411, 42.549819], [143.250771, 42.549875], [143.251205, 42.54992], [143.251608, 42.550015], [143.253121, 42.550471], [143.253858, 42.550668], [143.254801, 42.550899], [143.255592, 42.551067], [143.255698, 42.551096], [143.256322, 42.551158], [143.256436, 42.551163], [143.256618, 42.551191], [143.256824, 42.551186], [143.256831, 42.551174], [143.258253, 42.550826], [143.258755, 42.550691], [143.258823, 42.550635], [143.258854, 42.550533], [143.258876, 42.550404], [143.25893, 42.550303], [143.259051, 42.550156], [143.259165, 42.550077], [143.259485, 42.549942], [143.259979, 42.54974], [143.261173, 42.549245], [143.261188, 42.549189], [143.261158, 42.549144], [143.261074, 42.548992], [143.261097, 42.548885], [143.263682, 42.547861], [143.264001, 42.547732], [143.264123, 42.547698], [143.264267, 42.547704], [143.264298, 42.547726], [143.264549, 42.547861], [143.264959, 42.54799], [143.265579, 42.548142], [143.265833, 42.548204], [143.266974, 42.548474], [143.267735, 42.548474], [143.270342, 42.548396], [143.270685, 42.548401], [143.270776, 42.548435], [143.271376, 42.548806], [143.271627, 42.548908], [143.273938, 42.549622], [143.274341, 42.549712], [143.274486, 42.549707], [143.274828, 42.549589], [143.274965, 42.549549], [143.275376, 42.549386], [143.275573, 42.549392], [143.275733, 42.549448], [143.276434, 42.549603], [143.276832, 42.54983], [143.277358, 42.550256], [143.277756, 42.550654], [143.278182, 42.551009], [143.278807, 42.551307], [143.279745, 42.551634], [143.280356, 42.551748], [143.280967, 42.551748], [143.281792, 42.552003], [143.282389, 42.552344], [143.28312, 42.552678], [143.283887, 42.553317], [143.284612, 42.554084], [143.285294, 42.554382], [143.286019, 42.554595], [143.28653, 42.554823], [143.28717, 42.555234], [143.288141, 42.555765], [143.288695, 42.556006], [143.289577, 42.556844], [143.290742, 42.558293], [143.291383, 42.55905], [143.291781, 42.559249], [143.292293, 42.55949], [143.292679, 42.55969], [143.292793, 42.560216], [143.292537, 42.560472], [143.291827, 42.560954], [143.291386, 42.561253], [143.291343, 42.561721], [143.291304, 42.562524]]}, "properties": {"name": "上ヒチュウルイ川", "system": "当縁川水系", "river_code": "0100500000"}}, {"type": "Feature", "geometry": {"type": "LineString", "coordinates": [[143.381671, 42.600083], [143.381058, 42.599615], [143.380309, 42.599232], [143.379287, 42.598653], [143.378674, 42.598134], [143.378342, 42.597751], [143.378035, 42.597164], [143.377874, 42.596883], [143.377252, 42.596466], [143.376466, 42.596106], [143.375759, 42.595884], [143.375061, 42.595595], [143.374678, 42.595365], [143.374277, 42.595016], [143.373622, 42.594463], [143.373244, 42.59418], [143.372673, 42.59389], [143.371848, 42.593618], [143.37126, 42.593584], [143.370715, 42.593729], [143.370238, 42.593848], [143.369872, 42.594128], [143.369651, 42.594545], [143.369727, 42.595328], [143.370008, 42.595848], [143.370068, 42.596682], [143.369336, 42.597203], [143.368237, 42.597685], [143.3665, 42.59837], [143.365844, 42.598534], [143.364568, 42.598649], [143.363394, 42.598588], [143.362547, 42.598419], [143.361191, 42.598116], [143.360061, 42.597819], [143.35882, 42.597381]]}, "properties": {"name": null, "system": "当縁川水系", "river_code": "0100500000"}}, {"type": "Feature", "geometry": {"type": "LineString", "coordinates": [[142.994947, 42.388086], [142.994955, 42.388198], [142.994977, 42.388266], [142.994985, 42.388592], [142.995023, 42.388654], [142.995197, 42.388845], [142.995235, 42.388947], [142.995243, 42.389268], [142.995205, 42.38965], [142.995099, 42.389864], [142.995076, 42.39005], [142.995008, 42.390157], [142.994849, 42.39028], [142.994773, 42.390387], [142.994742, 42.390517], [142.994636, 42.39073], [142.994629, 42.390826], [142.994659, 42.390944], [142.994939, 42.391316], [142.994939, 42.391389], [142.994879, 42.391518], [142.994613, 42.391834], [142.994522, 42.391968], [142.994408, 42.39212], [142.994234, 42.392312], [142.994006, 42.392469], [142.993931, 42.392554], [142.993885, 42.392649], [142.993839, 42.392807], [142.993847, 42.393094], [142.993862, 42.393375], [142.993839, 42.39351], [142.993832, 42.393629], [142.993877, 42.393831], [142.994067, 42.394067], [142.994105, 42.394163], [142.99412, 42.394568], [142.994204, 42.39481], [142.994211, 42.394934], [142.994143, 42.39517], [142.994014, 42.395457]]}, "properties": {"name": null, "system": "歴舟川水系", "river_code": "0100510000"}}, {"type": "Feature", "geometry": {"type": "LineString", "coordinates": [[143.221445, 42.55348], [143.221589, 42.553469], [143.222251, 42.553266], [143.222266, 42.553255], [143.222638, 42.553278], [143.223079, 42.553312], [143.223285, 42.553345], [143.223368, 42.553379], [143.223429, 42.55343], [143.223718, 42.553835], [143.223855, 42.553998], [143.223954, 42.554071], [143.224296, 42.554257], [143.224873, 42.554493], [143.225299, 42.554718], [143.225413, 42.554724], [143.225603, 42.554662], [143.22567, 42.554662], [143.225695, 42.554662], [143.225824, 42.554802], [143.226174, 42.555281], [143.226235, 42.555342], [143.226288, 42.555365], [143.226601, 42.555344], [143.226683, 42.555369], [143.226759, 42.555433], [143.226835, 42.555528], [143.227436, 42.556316], [143.227513, 42.556428], [143.227547, 42.556453], [143.227578, 42.55646], [143.227612, 42.556458], [143.227932, 42.556351], [143.227992, 42.556339], [143.228063, 42.556337], [143.228118, 42.556353], [143.228227, 42.5564], [143.228257, 42.556417], [143.228417, 42.556462], [143.228569, 42.556457], [143.228774, 42.556412], [143.228941, 42.556355], [143.229033, 42.556355], [143.229101, 42.5564], [143.22939, 42.556665], [143.229648, 42.556862], [143.229846, 42.556957], [143.230097, 42.557053], [143.230287, 42.557104], [143.231116, 42.557233], [143.231314, 42.557284], [143.231428, 42.557334], [143.23155, 42.557408], [143.231899, 42.557576], [143.232028, 42.557616], [143.232173, 42.557616], [143.232302, 42.557576], [143.232857, 42.557379], [143.232948, 42.557374], [143.232994, 42.557391], [143.233876, 42.558041]]}, "properties": {"name": null, "system": "当縁川水系", "river_code": "0100500000"}}, {"type": "Feature", "geometry": {"type": "LineString", "coordinates": [[143.177844, 42.573097], [143.178521, 42.572878], [143.179121, 42.572743], [143.179988, 42.57272], [143.182033, 42.572765], [143.183189, 42.57281], [143.184391, 42.57281], [143.184543, 42.572788], [143.18595, 42.572417], [143.186565, 42.572276], [143.186695, 42.572259], [143.187006, 42.572203], [143.18744, 42.572147], [143.188489, 42.572079], [143.188732, 42.572054], [143.188763, 42.572051], [143.188976, 42.572012], [143.18944, 42.571849], [143.189538, 42.571849], [143.189835, 42.572119], [143.189934, 42.572186], [143.190002, 42.572197], [143.190177, 42.572197], [143.190345, 42.572164], [143.19131, 42.57181], [143.191462, 42.571764], [143.191637, 42.571731], [143.19182, 42.571731], [143.191903, 42.571781], [143.192078, 42.571933], [143.192207, 42.57204], [143.192276, 42.572052], [143.192854, 42.571843], [143.193462, 42.571635], [143.193645, 42.571562], [143.193994, 42.571404], [143.194291, 42.57128], [143.194481, 42.571235], [143.194952, 42.571224], [143.195302, 42.571207], [143.196237, 42.57119], [143.197758, 42.571185], [143.197956, 42.571208], [143.198328, 42.57127], [143.198785, 42.571348], [143.199005, 42.571405], [143.199059, 42.571424], [143.199279, 42.5715], [143.200222, 42.571872], [143.200336, 42.5719], [143.202046, 42.5719], [143.202609, 42.571877], [143.203567, 42.571855], [143.204046, 42.571832], [143.204198, 42.571815], [143.204434, 42.57181], [143.204867, 42.571787], [143.205567, 42.571709], [143.206122, 42.57163], [143.207019, 42.571472], [143.207635, 42.571281], [143.207726, 42.571264], [143.208327, 42.571253], [143.210631, 42.57082], [143.211255, 42.570668], [143.21184, 42.57055], [143.211939, 42.570539], [143.212471, 42.570522], [143.212882, 42.570404], [143.213064, 42.570359], [143.21346, 42.570291], [143.213543, 42.570269], [143.214083, 42.570156], [143.214151, 42.570128], [143.214174, 42.570134], [143.214585, 42.570044], [143.215801, 42.56979], [143.216281, 42.569684], [143.216395, 42.569661], [143.2166, 42.569605], [143.216912, 42.569492], [143.21717, 42.569374], [143.218121, 42.568969], [143.218244, 42.568916], [143.21895, 42.568615], [143.21901, 42.568598], [143.219071, 42.56857], [143.220356, 42.56802], [143.220767, 42.567844], [143.221611, 42.567484], [143.221656, 42.567467], [143.22263, 42.567067], [143.222645, 42.567067], [143.222668, 42.56705], [143.223208, 42.56682], [143.223496, 42.566702], [143.223618, 42.566645], [143.223702, 42.566617], [143.223755, 42.566561], [143.223641, 42.566111], [143.223603, 42.566015], [143.223603, 42.565684], [143.223626, 42.565633], [143.223626, 42.565599], [143.223664, 42.56552], [143.22371, 42.565464], [143.223793, 42.565419], [143.22412, 42.565273], [143.224333, 42.565177], [143.22444, 42.565138], [143.224516, 42.56511], [143.224538, 42.565093], [143.224751, 42.565014], [143.224911, 42.564935], [143.225656, 42.564614], [143.225686, 42.564609], [143.226409, 42.564305], [143.226462, 42.564277], [143.22717, 42.563985], [143.227215, 42.563956], [143.22736, 42.563895], [143.227436, 42.563878], [143.22815, 42.563591], [143.228897, 42.563299], [143.228941, 42.563281], [143.229992, 42.562868], [143.231116, 42.562426], [143.231207, 42.562387], [143.231298, 42.562347], [143.231952, 42.5621], [143.232385, 42.561931], [143.233982, 42.561312], [143.234051, 42.56129], [143.234127, 42.561284], [143.234142, 42.561273], [143.23434, 42.561262], [143.234613, 42.561172], [143.234781, 42.561104], [143.234925, 42.561076], [143.235268, 42.561082], [143.235944, 42.56116], [143.236012, 42.561172], [143.236461, 42.561172], [143.236735, 42.561115], [143.236948, 42.561048], [143.237077, 42.560975], [143.237191, 42.56089], [143.23729, 42.560778], [143.237427, 42.560542], [143.23751, 42.560384], [143.237693, 42.560249], [143.237997, 42.560114], [143.238119, 42.560097], [143.238263, 42.560097], [143.238748, 42.560234], [143.23878, 42.560244], [143.238993, 42.560302]]}, "properties": {"name": null, "system": "当縁川水系", "river_code": "0100500000"}}, {"type": "Feature", "geometry": {"type": "LineString", "coordinates": [[142.920648, 42.483077], [142.920625, 42.483032], [142.920367, 42.482684], [142.920268, 42.482622], [142.92001, 42.482464], [142.919934, 42.482385], [142.919896, 42.482273], [142.919866, 42.482087], [142.919881, 42.482019], [142.919888, 42.481935], [142.919866, 42.481772], [142.919736, 42.48162], [142.919714, 42.48153], [142.919714, 42.481395], [142.919759, 42.481243], [142.919774, 42.48108], [142.91979, 42.481035], [142.919813, 42.480928], [142.91985, 42.480815], [142.919858, 42.480675], [142.919896, 42.480607], [142.919934, 42.480444], [142.92004, 42.480196], [142.92004, 42.480011], [142.92001, 42.479814], [142.919979, 42.479667], [142.919934, 42.479448], [142.919889, 42.479341], [142.919889, 42.4792], [142.919911, 42.479099], [142.919911, 42.478812], [142.919881, 42.478728], [142.919851, 42.478559]]}, "properties": {"name": null, "system": "歴舟川水系", "river_code": "0100510000"}}, {"type": "Feature", "geometry": {"type": "LineString", "coordinates": [[142.895444, 42.47566], [142.895755, 42.475829], [142.895861, 42.475869], [142.896021, 42.475981], [142.896173, 42.476043], [142.896286, 42.476099], [142.8964, 42.476133], [142.896613, 42.476167], [142.896788, 42.47624], [142.896947, 42.47629], [142.896978, 42.476307], [142.897114, 42.476454], [142.897205, 42.476516], [142.897334, 42.476577], [142.897441, 42.476662], [142.897524, 42.476786], [142.897836, 42.477067], [142.897881, 42.477146], [142.897912, 42.477242], [142.897957, 42.477326], [142.898079, 42.477444], [142.898109, 42.477506], [142.898177, 42.477596], [142.898246, 42.477759], [142.898352, 42.477951], [142.898466, 42.47808], [142.898511, 42.478153], [142.898527, 42.478339], [142.898549, 42.478395], [142.898747, 42.478592], [142.898793, 42.478693], [142.89883, 42.478817], [142.898884, 42.47889], [142.89902, 42.478992], [142.899187, 42.479042], [142.899294, 42.479082], [142.899438, 42.479189], [142.89959, 42.479284], [142.899749, 42.479352], [142.900053, 42.479594], [142.900197, 42.479678], [142.900516, 42.479796], [142.90063, 42.479869], [142.900691, 42.479999], [142.900706, 42.48001], [142.900835, 42.480128], [142.900919, 42.480308], [142.900949, 42.480427], [142.901071, 42.48064], [142.901093, 42.480702], [142.901116, 42.480905], [142.901177, 42.480995], [142.901321, 42.481152], [142.901435, 42.481259], [142.901671, 42.48136], [142.901989, 42.481394], [142.902065, 42.481383], [142.902111, 42.481349], [142.902164, 42.48122], [142.90227, 42.481119], [142.902354, 42.481068], [142.902574, 42.481012], [142.90264, 42.481012], [142.902711, 42.481012], [142.902733, 42.481023], [142.902809, 42.481107], [142.90303, 42.481186], [142.903265, 42.481197], [142.903409, 42.481169], [142.903554, 42.481119], [142.903819, 42.480927], [142.904017, 42.480843], [142.904184, 42.480832], [142.904442, 42.480882], [142.904708, 42.480882], [142.904989, 42.480809], [142.905551, 42.480804], [142.905817, 42.480837], [142.905946, 42.480849], [142.906508, 42.480764], [142.90666, 42.480736], [142.906766, 42.480736]]}, "properties": {"name": null, "system": "歴舟川水系", "river_code": "0100510000"}}, {"type": "Feature", "geometry": {"type": "LineString", "coordinates": [[142.894397, 42.457879], [142.894412, 42.45789], [142.894746, 42.457969], [142.894914, 42.457964], [142.895096, 42.457907], [142.895263, 42.457812], [142.895635, 42.457542], [142.895802, 42.457491], [142.895901, 42.457497], [142.896037, 42.457547], [142.896189, 42.45762], [142.896409, 42.457755], [142.89647, 42.457823], [142.896599, 42.457919], [142.896744, 42.457986], [142.896781, 42.458014], [142.896903, 42.458054], [142.89707, 42.458082], [142.897131, 42.458104], [142.897199, 42.458116], [142.897526, 42.458127], [142.897814, 42.458161], [142.897997, 42.458194], [142.898217, 42.45829], [142.898308, 42.458313], [142.89852, 42.458329], [142.898642, 42.458358], [142.899044, 42.458358], [142.899553, 42.458296], [142.899682, 42.458301], [142.899781, 42.458335], [142.899902, 42.458442], [142.9001, 42.458504], [142.900267, 42.4586], [142.900336, 42.458622], [142.90048, 42.458622], [142.900518, 42.458611], [142.900738, 42.458588], [142.900905, 42.45856], [142.901163, 42.458493], [142.901444, 42.458431], [142.901839, 42.458279], [142.902006, 42.458217], [142.902211, 42.458194], [142.902462, 42.458144], [142.902895, 42.458144], [142.903001, 42.458121], [142.90313, 42.458065], [142.903206, 42.457992], [142.903274, 42.457913], [142.903358, 42.457868], [142.903479, 42.457851], [142.903829, 42.457868], [142.904049, 42.457874], [142.904193, 42.457913], [142.904436, 42.45802], [142.904575, 42.45807], [142.904687, 42.45811], [142.904861, 42.45815], [142.905044, 42.458167], [142.905613, 42.458189], [142.906046, 42.458262], [142.906168, 42.458274], [142.906433, 42.458319], [142.906722, 42.458313], [142.90679, 42.458302], [142.907109, 42.45829], [142.907413, 42.45824], [142.907656, 42.458184], [142.90777, 42.458167], [142.907929, 42.458172], [142.908203, 42.458223], [142.908499, 42.458229], [142.908605, 42.45824], [142.908848, 42.458302], [142.908962, 42.458341], [142.909205, 42.458465], [142.909349, 42.458532], [142.9096, 42.458679], [142.909904, 42.458774], [142.910139, 42.458808], [142.910261, 42.458842], [142.910542, 42.458904], [142.910861, 42.458994], [142.911096, 42.459106], [142.911316, 42.459191], [142.911445, 42.459225], [142.911704, 42.459219], [142.911825, 42.459196], [142.912228, 42.459056], [142.912463, 42.459016], [142.912828, 42.45896], [142.913329, 42.458966], [142.913526, 42.458994], [142.913792, 42.45905], [142.914065, 42.459151], [142.914255, 42.459196], [142.914414, 42.459264], [142.914673, 42.459427], [142.914878, 42.459484], [142.915121, 42.459516], [142.915128, 42.459517], [142.915204, 42.459574], [142.91525, 42.459647], [142.915265, 42.459697], [142.915478, 42.459939], [142.915546, 42.460187], [142.915614, 42.460412], [142.915614, 42.460586], [142.915591, 42.460705], [142.915462, 42.460947], [142.915455, 42.461115], [142.915508, 42.461177], [142.915622, 42.461262], [142.915774, 42.461318], [142.916039, 42.46138], [142.916214, 42.461397], [142.916488, 42.461459], [142.916814, 42.46156], [142.917194, 42.461633], [142.917406, 42.461656], [142.917596, 42.461706], [142.917976, 42.461937], [142.918082, 42.461959], [142.918561, 42.461954], [142.918857, 42.461903], [142.919176, 42.461819], [142.919366, 42.461819], [142.919556, 42.461864], [142.919685, 42.461937], [142.919806, 42.462044], [142.919928, 42.46219], [142.920079, 42.462325], [142.920269, 42.462556], [142.92036, 42.462685], [142.920353, 42.462697], [142.920368, 42.462708], [142.920413, 42.462865], [142.920391, 42.462961], [142.920398, 42.463197], [142.920421, 42.463259], [142.920482, 42.463304], [142.920649, 42.463344], [142.920778, 42.46336], [142.921181, 42.463389], [142.921355, 42.463389], [142.921522, 42.463417], [142.921758, 42.46349], [142.921955, 42.463501], [142.922267, 42.463574], [142.922434, 42.463574], [142.922593, 42.463524], [142.922631, 42.463501], [142.922715, 42.463355], [142.922715, 42.463323], [142.922722, 42.462832], [142.922829, 42.462545], [142.922829, 42.462483], [142.922867, 42.462365], [142.92292, 42.462297], [142.922988, 42.462258], [142.923117, 42.462235], [142.923338, 42.462185], [142.923702, 42.462095], [142.923854, 42.462078], [142.924309, 42.462067], [142.924568, 42.461993], [142.924742, 42.461977], [142.924841, 42.461971], [142.925, 42.461937], [142.925114, 42.461892], [142.925342, 42.46183], [142.925737, 42.461656], [142.925881, 42.461622], [142.926291, 42.461611], [142.926329, 42.461605], [142.926352, 42.461589], [142.926648, 42.461532], [142.92677, 42.461538], [142.926914, 42.461572], [142.927173, 42.461566], [142.927438, 42.461566], [142.927658, 42.461605], [142.92781, 42.46165], [142.927947, 42.46165], [142.928106, 42.461611], [142.928167, 42.461583], [142.928319, 42.461465], [142.928668, 42.461285], [142.928972, 42.461189], [142.929132, 42.461144], [142.929314, 42.461127], [142.929413, 42.46111], [142.929861, 42.461093], [142.930051, 42.461099], [142.930164, 42.461127]]}, "properties": {"name": "中ノ岳ノ沢", "system": "歴舟川水系", "river_code": "0100510000"}}, {"type": "Feature", "geometry": {"type": "LineString", "coordinates": [[142.899571, 42.447684], [142.900102, 42.44715], [142.900733, 42.446431], [142.901393, 42.44583], [142.902289, 42.445199], [142.903301, 42.444788], [142.904842, 42.44426], [142.906236, 42.443864], [142.907146, 42.443746], [142.908614, 42.443732], [142.909656, 42.443746], [142.910757, 42.44379], [142.912303, 42.444131], [142.913436, 42.444448]]}, "properties": {"name": null, "system": "歴舟川水系", "river_code": "0100510000"}}, {"type": "Feature", "geometry": {"type": "LineString", "coordinates": [[142.942612, 42.440223], [142.942309, 42.440364], [142.941936, 42.440505], [142.941815, 42.440544], [142.941504, 42.440685], [142.941359, 42.440747], [142.941223, 42.440831], [142.940934, 42.44109], [142.940691, 42.441321], [142.940334, 42.441512], [142.940175, 42.441653], [142.940046, 42.441827], [142.939977, 42.441973], [142.939848, 42.442125], [142.939605, 42.442311], [142.939468, 42.442446], [142.939339, 42.442536], [142.939279, 42.44257], [142.939203, 42.442643], [142.939058, 42.442795], [142.938959, 42.442851], [142.938831, 42.442885], [142.938671, 42.442969], [142.938603, 42.44298], [142.938367, 42.44298], [142.938215, 42.443003]]}, "properties": {"name": null, "system": "歴舟川水系", "river_code": "0100510000"}}, {"type": "Feature", "geometry": {"type": "LineString", "coordinates": [[143.085441, 42.576526], [143.086184, 42.576444], [143.086476, 42.576311], [143.086719, 42.576046], [143.087031, 42.57541], [143.087331, 42.574867], [143.087747, 42.574417], [143.08844, 42.573909], [143.089099, 42.573458], [143.08955, 42.57288], [143.089758, 42.572384], [143.089815, 42.571979], [143.089853, 42.57176], [143.089899, 42.571636], [143.090013, 42.57149], [143.090158, 42.571383], [143.090249, 42.571293], [143.090256, 42.571113], [143.090317, 42.571051], [143.090416, 42.570989], [143.090553, 42.570927], [143.090888, 42.570792], [143.090964, 42.570747], [143.091131, 42.570646], [143.091283, 42.570449], [143.091359, 42.570376], [143.091473, 42.570314], [143.091656, 42.570269], [143.091975, 42.570263], [143.092043, 42.570241], [143.092173, 42.570173], [143.092423, 42.569971], [143.092545, 42.569841], [143.092659, 42.569644], [143.092979, 42.569346], [143.092979, 42.569087], [143.093078, 42.569009], [143.093123, 42.568992], [143.093328, 42.568981], [143.093412, 42.568958], [143.093465, 42.568919], [143.093511, 42.568784], [143.093557, 42.568514], [143.093587, 42.56844], [143.093648, 42.568367], [143.093747, 42.568322], [143.093846, 42.568272], [143.093853, 42.56826], [143.093876, 42.568018], [143.093846, 42.567912], [143.093663, 42.567636], [143.093595, 42.567506], [143.093496, 42.567185], [143.093435, 42.566848], [143.093443, 42.56646], [143.093481, 42.566246], [143.093466, 42.566094], [143.093397, 42.565959], [143.093374, 42.565942], [143.093032, 42.565734], [143.092956, 42.565672], [143.092873, 42.565582], [143.092804, 42.565278]]}, "properties": {"name": "パンケ一の沢川", "system": "歴舟川水系", "river_code": "0100510000"}}, {"type": "Feature", "geometry": {"type": "LineString", "coordinates": [[143.021568, 42.581187], [143.021682, 42.581041], [143.021834, 42.580895], [143.022146, 42.580659], [143.022374, 42.580518], [143.022579, 42.580439], [143.022716, 42.580405], [143.022868, 42.580394], [143.023035, 42.580411], [143.023286, 42.580456], [143.023469, 42.580456], [143.023606, 42.580422], [143.023765, 42.58036], [143.02391, 42.580276], [143.024465, 42.580017], [143.024708, 42.579843], [143.024815, 42.579826], [143.02502, 42.579837], [143.025104, 42.57982], [143.025294, 42.579747], [143.025362, 42.57968], [143.025423, 42.579595], [143.025537, 42.5795], [143.025674, 42.579449], [143.025887, 42.579449], [143.026131, 42.579449], [143.026237, 42.579432], [143.02632, 42.579376], [143.026389, 42.579291], [143.026457, 42.579156], [143.026473, 42.578993], [143.026473, 42.578791], [143.026579, 42.578723], [143.026632, 42.578712], [143.026838, 42.578712], [143.027294, 42.578802], [143.027476, 42.578842], [143.027796, 42.578864], [143.028092, 42.578864], [143.028161, 42.578842], [143.028214, 42.578813], [143.028305, 42.578712], [143.028351, 42.578588], [143.028427, 42.578504], [143.028663, 42.578284], [143.028807, 42.578048], [143.028822, 42.578003], [143.028959, 42.577879], [143.029066, 42.577823], [143.02918, 42.577778], [143.029339, 42.577755], [143.029651, 42.577744], [143.030054, 42.577604], [143.030108, 42.577593], [143.030336, 42.577581], [143.030438, 42.577561], [143.030511, 42.577547], [143.030746, 42.577457], [143.030913, 42.577367], [143.031096, 42.577272], [143.031294, 42.577199], [143.031506, 42.577148], [143.031955, 42.576979], [143.032062, 42.576929], [143.032404, 42.576675], [143.032503, 42.576625], [143.032632, 42.576597], [143.032921, 42.576597], [143.033179, 42.576569], [143.033339, 42.576501], [143.033537, 42.576377], [143.033765, 42.576293], [143.034016, 42.576214], [143.034267, 42.576158], [143.034617, 42.576102], [143.034951, 42.576085], [143.035202, 42.57613], [143.035331, 42.576124], [143.035392, 42.576079], [143.035423, 42.576023], [143.035506, 42.575803], [143.035567, 42.57573], [143.035696, 42.575652], [143.035818, 42.575606], [143.035924, 42.57559], [143.036252, 42.575606], [143.036556, 42.57559], [143.036716, 42.575601], [143.03705, 42.57568], [143.037316, 42.575764], [143.037795, 42.575843], [143.038001, 42.575905], [143.03829, 42.576006], [143.03832, 42.576017], [143.038419, 42.576017], [143.038632, 42.575927], [143.038905, 42.575775], [143.039103, 42.575702], [143.039225, 42.57568], [143.039575, 42.575674], [143.039689, 42.575657], [143.039749, 42.575635], [143.039886, 42.575595], [143.040039, 42.575511], [143.040099, 42.575449], [143.040221, 42.575292], [143.040288, 42.575244], [143.040434, 42.57514], [143.040654, 42.575038], [143.040784, 42.57496], [143.04089, 42.574881], [143.041019, 42.57474], [143.041134, 42.574571], [143.041248, 42.574346], [143.041354, 42.574054], [143.04143, 42.573896], [143.041514, 42.573784], [143.041658, 42.573665], [143.041985, 42.57344], [143.042061, 42.573356], [143.042267, 42.573047], [143.042358, 42.572962], [143.042548, 42.572867], [143.04286, 42.57281], [143.043096, 42.572732], [143.043194, 42.572675], [143.043271, 42.572574], [143.043263, 42.572456], [143.043103, 42.57222], [143.043058, 42.572113], [143.043111, 42.572028], [143.043194, 42.57195], [143.043286, 42.571905], [143.04343, 42.57186], [143.043636, 42.571843], [143.043795, 42.571803], [143.043917, 42.571724], [143.04413, 42.571454], [143.044214, 42.571381], [143.044335, 42.571308], [143.044525, 42.57124], [143.04467, 42.571235], [143.044791, 42.571274], [143.044974, 42.571359], [143.045119, 42.571443], [143.045187, 42.571471], [143.045278, 42.571466], [143.045369, 42.571421], [143.045423, 42.571364], [143.045536, 42.571173], [143.045643, 42.571077], [143.046236, 42.570836], [143.04635, 42.570768], [143.046449, 42.570661], [143.046594, 42.570419], [143.046761, 42.570301], [143.046974, 42.570222], [143.047149, 42.570177], [143.047232, 42.570166], [143.0474, 42.57011], [143.047468, 42.570048], [143.047535, 42.569932], [143.047552, 42.569902], [143.047924, 42.569609], [143.048061, 42.569424], [143.048153, 42.569373], [143.048244, 42.569345], [143.048312, 42.569334], [143.048616, 42.569328], [143.049293, 42.569283], [143.049453, 42.569249], [143.049559, 42.569176], [143.049696, 42.569052], [143.04981, 42.568996], [143.049886, 42.568934], [143.050016, 42.568776], [143.050107, 42.56863], [143.05016, 42.568489], [143.050206, 42.568275], [143.050221, 42.568242], [143.050411, 42.568073], [143.050503, 42.568017], [143.050685, 42.567949], [143.050769, 42.567888], [143.050822, 42.567809], [143.050837, 42.567612], [143.05089, 42.567522], [143.051187, 42.567291], [143.051278, 42.567167], [143.051499, 42.56701], [143.051955, 42.566751], [143.052114, 42.566667], [143.052228, 42.56656], [143.052373, 42.566363], [143.052464, 42.566227], [143.052555, 42.566149], [143.052669, 42.566093], [143.052806, 42.566059], [143.052974, 42.566053], [143.05324, 42.566076], [143.05343, 42.566115], [143.053529, 42.566144], [143.05378, 42.566194], [143.053909, 42.566205], [143.054107, 42.566205], [143.054213, 42.566177], [143.054358, 42.56611], [143.054434, 42.565975], [143.054563, 42.5658], [143.054631, 42.56575], [143.054685, 42.565727], [143.054799, 42.565727], [143.054905, 42.565795], [143.054936, 42.565862], [143.055012, 42.565913], [143.055088, 42.56593], [143.055171, 42.565992], [143.055202, 42.566059], [143.055263, 42.566121], [143.05546, 42.566222], [143.055544, 42.566234], [143.05565, 42.566222], [143.055677, 42.566214], [143.055726, 42.5662], [143.055825, 42.566104], [143.055871, 42.56598], [143.055871, 42.565823], [143.055772, 42.565513], [143.055772, 42.565401], [143.055864, 42.565237], [143.05613, 42.564967], [143.056251, 42.564799], [143.056373, 42.564607], [143.056426, 42.564557], [143.056518, 42.564529], [143.056654, 42.564517], [143.056738, 42.564472], [143.056776, 42.564433], [143.056814, 42.56436], [143.056852, 42.564219], [143.056958, 42.564056], [143.057217, 42.563747], [143.057308, 42.563657], [143.057491, 42.563533], [143.05765, 42.563465], [143.057954, 42.563386], [143.058053, 42.563375], [143.058426, 42.563274], [143.058882, 42.563122], [143.059012, 42.56306], [143.059133, 42.562976], [143.059209, 42.562914], [143.05924, 42.562835], [143.05924, 42.562633], [143.059164, 42.5623], [143.059164, 42.562132], [143.059263, 42.562014], [143.059339, 42.561952], [143.059476, 42.561879], [143.059879, 42.561755], [143.06016, 42.561648], [143.060335, 42.561569], [143.060472, 42.56153], [143.060601, 42.561535], [143.060738, 42.561569], [143.061209, 42.561654], [143.061559, 42.561755], [143.061772, 42.561856], [143.06197, 42.561963], [143.062396, 42.562104], [143.062509, 42.562121], [143.062692, 42.562126], [143.062919, 42.562194], [143.063049, 42.562233], [143.063247, 42.562245], [143.063308, 42.562228], [143.063361, 42.562183], [143.063392, 42.562115], [143.063369, 42.561974], [143.063301, 42.561794], [143.063301, 42.561682], [143.063376, 42.561614], [143.063597, 42.561474], [143.063947, 42.561339], [143.064114, 42.561316], [143.064236, 42.561322], [143.064434, 42.561367], [143.064601, 42.561367], [143.064654, 42.561339], [143.064677, 42.561299], [143.064662, 42.561209], [143.06451, 42.560877], [143.064502, 42.560737], [143.06454, 42.560669], [143.064571, 42.560647], [143.064684, 42.560641], [143.064745, 42.560663], [143.064852, 42.560742], [143.065057, 42.561057], [143.06511, 42.561108], [143.065163, 42.561119], [143.065293, 42.561114], [143.065338, 42.561102], [143.065498, 42.561018], [143.065962, 42.560731], [143.066122, 42.560675], [143.066395, 42.560675], [143.066548, 42.560703], [143.066593, 42.560709], [143.066753, 42.56077], [143.066836, 42.560894], [143.066913, 42.561159], [143.067026, 42.561355], [143.067171, 42.561507], [143.067392, 42.561642], [143.067521, 42.561744], [143.06762, 42.561884], [143.067673, 42.562053], [143.067718, 42.562138], [143.067764, 42.562177], [143.067931, 42.56225], [143.068114, 42.562295], [143.068251, 42.562346], [143.068593, 42.56252], [143.068676, 42.562554], [143.06876, 42.562577], [143.068912, 42.562571], [143.069019, 42.562537], [143.069118, 42.562475], [143.069156, 42.562391], [143.069148, 42.562284], [143.06911, 42.562065], [143.069125, 42.561907], [143.069209, 42.561694], [143.069275, 42.561431], [143.069277, 42.561423], [143.069323, 42.561125], [143.069384, 42.561001], [143.069444, 42.560945], [143.069566, 42.560911], [143.069969, 42.560911], [143.070289, 42.560951], [143.07054, 42.561007], [143.070738, 42.561091], [143.07092, 42.561215], [143.071133, 42.561294], [143.071444, 42.561367], [143.07168, 42.561457], [143.071885, 42.561575], [143.071901, 42.561626], [143.071885, 42.561643], [143.071627, 42.561677], [143.071087, 42.561677], [143.071056, 42.56166], [143.070943, 42.561665], [143.070874, 42.561677], [143.070813, 42.56171], [143.070813, 42.561772], [143.070958, 42.561885], [143.071041, 42.562003], [143.07111, 42.562121], [143.0713, 42.56238], [143.071414, 42.562464], [143.071505, 42.562498], [143.071612, 42.562492], [143.071688, 42.56247], [143.072243, 42.562194], [143.072387, 42.562138], [143.07257, 42.562087], [143.072798, 42.562087], [143.072912, 42.56211], [143.073346, 42.56211], [143.073513, 42.56216], [143.073649, 42.562155], [143.073733, 42.562099], [143.073794, 42.56202], [143.073817, 42.561885], [143.073802, 42.561789], [143.073809, 42.561767], [143.0739, 42.561688], [143.073992, 42.561654], [143.074091, 42.561637], [143.074197, 42.561603], [143.074372, 42.561519], [143.074486, 42.561451], [143.074547, 42.561395], [143.075018, 42.56108], [143.075087, 42.561041], [143.075231, 42.561041], [143.075345, 42.561075], [143.075642, 42.561266], [143.075748, 42.561311], [143.07584, 42.561322], [143.075968, 42.561317], [143.076129, 42.561311], [143.076372, 42.561322], [143.076919, 42.561407], [143.077315, 42.561407], [143.077406, 42.561384], [143.077604, 42.561289], [143.077756, 42.561238], [143.077832, 42.561221], [143.078068, 42.561221], [143.078623, 42.561238], [143.078798, 42.561277], [143.079071, 42.561384], [143.079231, 42.561457], [143.079543, 42.561649], [143.079725, 42.561778], [143.079816, 42.561812], [143.079908, 42.561817], [143.079969, 42.561806], [143.079999, 42.561789], [143.080014, 42.561755], [143.079961, 42.561677], [143.079931, 42.561643], [143.079444, 42.561317], [143.079376, 42.561227], [143.079383, 42.561097], [143.079436, 42.561041], [143.079505, 42.561007], [143.079771, 42.56094], [143.079999, 42.560872], [143.080174, 42.560878], [143.080265, 42.5609], [143.080364, 42.560945], [143.080562, 42.561114], [143.080858, 42.561311], [143.080988, 42.561407], [143.081102, 42.561508], [143.081246, 42.561553], [143.081505, 42.561491], [143.081703, 42.561491], [143.082098, 42.561564], [143.082372, 42.561593], [143.082584, 42.561632], [143.082904, 42.561778], [143.083003, 42.561807], [143.083117, 42.561807], [143.083185, 42.561762], [143.083223, 42.561717], [143.083307, 42.561486], [143.083368, 42.561379], [143.083451, 42.561294], [143.083991, 42.5609], [143.083992, 42.5609], [143.084394, 42.560675], [143.084676, 42.560591], [143.084858, 42.560512], [143.085132, 42.560299], [143.085238, 42.560186], [143.085421, 42.559933], [143.085482, 42.559798], [143.085504, 42.559708], [143.085497, 42.559455], [143.085482, 42.559263], [143.085512, 42.55919], [143.085596, 42.559128], [143.085687, 42.559134], [143.085915, 42.559201], [143.086044, 42.559201], [143.086432, 42.559027], [143.086569, 42.558942], [143.086782, 42.558785], [143.086995, 42.558594], [143.08717, 42.558414], [143.087634, 42.557902], [143.087756, 42.5578], [143.087824, 42.557761], [143.087976, 42.557767], [143.088022, 42.557784], [143.088273, 42.557772], [143.088371, 42.557744], [143.088448, 42.557705], [143.088516, 42.557643], [143.088623, 42.557429], [143.088623, 42.557272], [143.088691, 42.557041], [143.088729, 42.556985], [143.088729, 42.556945], [143.088759, 42.556872], [143.088965, 42.556726], [143.088988, 42.556681], [143.08901, 42.556591], [143.089026, 42.556422], [143.089071, 42.556293], [143.089102, 42.556253], [143.089155, 42.556225], [143.089238, 42.556158], [143.089459, 42.556028], [143.089634, 42.555949], [143.09009, 42.555786], [143.090174, 42.555735], [143.090318, 42.555555], [143.090539, 42.555454], [143.090607, 42.555432], [143.09074, 42.555388]]}, "properties": {"name": "ペンケ目方川", "system": "歴舟川水系", "river_code": "0100510000"}}, {"type": "Feature", "geometry": {"type": "LineString", "coordinates": [[142.957359, 42.540596], [142.95903, 42.540564], [142.960219, 42.540467], [142.961199, 42.540355], [142.962163, 42.540403], [142.963143, 42.540708], [142.964016, 42.541129], [142.964707, 42.541595], [142.965205, 42.541723], [142.965896, 42.542028], [142.966506, 42.54243], [142.967165, 42.542831], [142.968033, 42.543265], [142.969109, 42.543811], [142.969898, 42.544205], [142.970562, 42.544486], [142.971215, 42.544667], [142.97188, 42.544858], [142.972533, 42.545151], [142.973108, 42.545398], [142.973594, 42.545434], [142.973633, 42.545446], [142.973891, 42.545474], [142.973982, 42.545519], [142.974089, 42.545598], [142.974233, 42.545682], [142.974332, 42.54571], [142.974735, 42.545733], [142.974879, 42.54584], [142.974994, 42.545958], [142.975328, 42.546121], [142.975975, 42.546526], [142.976096, 42.546627], [142.976263, 42.546903], [142.97637, 42.547044], [142.976811, 42.547443], [142.976933, 42.547544], [142.977283, 42.547876], [142.977328, 42.547955], [142.977366, 42.548085], [142.977503, 42.548276], [142.977792, 42.54858], [142.977853, 42.548732], [142.977838, 42.548861], [142.977746, 42.54903], [142.977548, 42.549323], [142.977449, 42.549542], [142.977396, 42.54975], [142.977389, 42.550026], [142.977366, 42.550071], [142.977183, 42.550268], [142.977138, 42.550431], [142.977115, 42.550701], [142.977153, 42.550808], [142.977313, 42.550988], [142.977366, 42.551067], [142.977472, 42.551314], [142.977472, 42.551528], [142.977419, 42.551748], [142.977343, 42.552007], [142.97732, 42.552204], [142.977343, 42.552277], [142.977489, 42.552481], [142.977632, 42.552682], [142.977624, 42.552755], [142.977442, 42.552952], [142.977267, 42.553177], [142.977252, 42.553222], [142.977221, 42.55325], [142.977199, 42.5533], [142.977206, 42.553419], [142.977221, 42.553475], [142.977213, 42.553576], [142.977077, 42.553824], [142.977077, 42.55397], [142.977282, 42.554297], [142.97735, 42.554432], [142.977388, 42.554578], [142.977388, 42.554825], [142.97735, 42.554876], [142.977115, 42.554988], [142.977031, 42.55505], [142.976955, 42.55514], [142.976955, 42.555236], [142.976993, 42.55536], [142.976985, 42.555512], [142.976963, 42.555568], [142.976963, 42.555658], [142.977023, 42.555748], [142.977282, 42.555844], [142.97735, 42.555922], [142.977518, 42.556232], [142.977563, 42.556305], [142.977594, 42.556401], [142.977586, 42.55657], [142.977571, 42.556632], [142.977571, 42.556727], [142.977647, 42.556862], [142.977822, 42.55702], [142.978164, 42.557273], [142.9784, 42.557442], [142.978468, 42.557515], [142.978544, 42.557639], [142.978628, 42.557819], [142.978628, 42.558038], [142.978521, 42.558381], [142.978483, 42.558516], [142.978483, 42.55877], [142.978536, 42.558967], [142.978567, 42.559068], [142.978719, 42.559327], [142.978924, 42.559642], [142.978932, 42.559861], [142.978977, 42.559957], [142.979015, 42.560002], [142.979084, 42.560047], [142.979251, 42.560114], [142.979343, 42.560176], [142.97938, 42.560244], [142.979388, 42.560313], [142.979403, 42.560452], [142.979441, 42.560548], [142.979738, 42.56079], [142.980095, 42.561037], [142.980346, 42.561279], [142.980384, 42.561347], [142.980384, 42.561532], [142.980323, 42.561769], [142.980308, 42.561954], [142.980316, 42.562123], [142.980369, 42.562236], [142.980437, 42.562309], [142.980628, 42.562438], [142.98081, 42.562528], [142.981015, 42.562596], [142.981388, 42.56268], [142.981882, 42.562765], [142.981966, 42.562787], [142.982072, 42.562883], [142.982278, 42.563125], [142.982422, 42.56326], [142.982726, 42.563479], [142.982787, 42.563535], [142.982886, 42.5638], [142.983068, 42.564025], [142.983099, 42.564081], [142.983129, 42.564194], [142.983144, 42.564312], [142.98322, 42.56461], [142.983296, 42.564756], [142.98338, 42.564852], [142.983413, 42.56489], [142.98345, 42.56494]]}, "properties": {"name": "一の沢川", "system": "歴舟川水系", "river_code": "0100510000"}}, {"type": "Feature", "geometry": {"type": "LineString", "coordinates": [[142.910654, 42.507998], [142.910738, 42.508454], [142.910738, 42.508854], [142.910753, 42.508904], [142.910898, 42.509118], [142.910913, 42.509186], [142.910883, 42.509287], [142.910898, 42.509405], [142.910966, 42.509518], [142.911049, 42.509602], [142.911141, 42.509658], [142.911186, 42.509715], [142.911217, 42.509805], [142.911263, 42.509884], [142.911361, 42.509979], [142.911453, 42.510097], [142.911453, 42.510221], [142.911339, 42.510356], [142.911224, 42.510542], [142.911164, 42.510823], [142.911141, 42.511301], [142.911126, 42.511453], [142.911057, 42.511599], [142.910989, 42.511701], [142.910799, 42.511898], [142.910677, 42.511977], [142.910571, 42.512022], [142.910426, 42.512061], [142.910236, 42.51214], [142.910031, 42.512354], [142.909878, 42.512455], [142.909719, 42.512477], [142.909643, 42.512556], [142.90962, 42.512635], [142.909658, 42.512775], [142.909696, 42.513079], [142.909673, 42.513186], [142.909559, 42.513434], [142.909559, 42.513687], [142.909635, 42.513805], [142.909772, 42.513918], [142.910144, 42.514086], [142.910243, 42.514143], [142.910365, 42.514255], [142.910532, 42.514396], [142.910966, 42.514565], [142.911057, 42.514627], [142.911118, 42.514694], [142.911316, 42.514919], [142.911429, 42.514981], [142.911886, 42.515156], [142.911901, 42.515161], [142.912091, 42.515189], [142.912251, 42.515189], [142.912889, 42.515245], [142.913718, 42.51524], [142.91381, 42.515229], [142.913863, 42.5152], [142.913931, 42.51515], [142.914129, 42.514902], [142.914494, 42.514503], [142.914532, 42.51448], [142.914631, 42.514435], [142.914821, 42.514407], [142.914836, 42.514396], [142.915217, 42.51439], [142.91562, 42.514345], [142.915863, 42.514329], [142.916114, 42.514329], [142.916129, 42.51434], [142.916289, 42.514379], [142.916479, 42.514385], [142.916654, 42.514357], [142.917011, 42.514323], [142.917186, 42.5143], [142.917316, 42.514295], [142.917475, 42.514312], [142.917597, 42.514357], [142.917863, 42.514514], [142.917992, 42.51457], [142.918297, 42.514576], [142.918365, 42.51461], [142.918509, 42.514739], [142.918768, 42.515145], [142.918943, 42.515268], [142.918966, 42.515302], [142.918966, 42.515426], [142.918958, 42.515595], [142.918981, 42.51564], [142.91908, 42.515797], [142.919087, 42.515876], [142.919064, 42.516084], [142.919019, 42.516377], [142.91895, 42.516574], [142.918912, 42.516624], [142.918783, 42.51672], [142.918745, 42.516737], [142.918563, 42.516754], [142.918258, 42.516906], [142.918159, 42.516922], [142.918053, 42.516962], [142.918038, 42.516996], [142.918038, 42.517069], [142.918102, 42.517171], [142.918258, 42.517423], [142.918524, 42.517665], [142.918639, 42.517795], [142.918783, 42.518099], [142.918851, 42.518222], [142.918943, 42.518307], [142.919247, 42.518498], [142.919285, 42.518554], [142.919315, 42.518661], [142.9193, 42.51887], [142.919277, 42.51897], [142.919209, 42.519269], [142.919117, 42.519438], [142.918965, 42.519561], [142.918859, 42.519629], [142.918722, 42.519696], [142.918608, 42.519725], [142.9186, 42.519736], [142.918501, 42.519753], [142.91825, 42.519787], [142.917954, 42.519798], [142.917148, 42.519798], [142.916996, 42.519781], [142.916768, 42.519781], [142.916638, 42.519758], [142.916479, 42.519696], [142.916228, 42.519567], [142.916015, 42.519466], [142.915824, 42.519404], [142.915619, 42.519387], [142.915604, 42.519398], [142.915543, 42.519404], [142.915216, 42.519511], [142.914919, 42.519606], [142.914669, 42.519719], [142.914585, 42.519832], [142.914577, 42.519916], [142.914623, 42.520056], [142.914691, 42.520315], [142.914691, 42.520507], [142.914608, 42.520647], [142.9146, 42.520889], [142.914562, 42.520979], [142.914478, 42.521097], [142.914478, 42.521159], [142.914509, 42.521221], [142.914836, 42.521531]]}, "properties": {"name": null, "system": "歴舟川水系", "river_code": "0100510000"}}, {"type": "Feature", "geometry": {"type": "LineString", "coordinates": [[142.894753, 42.511081], [142.89454, 42.511351], [142.894441, 42.511526], [142.894395, 42.511627], [142.89441, 42.5117], [142.894479, 42.511802], [142.894646, 42.511886], [142.894882, 42.512027], [142.894935, 42.512139], [142.894973, 42.512415], [142.894973, 42.512792], [142.894973, 42.512977], [142.895019, 42.513084], [142.895034, 42.513185], [142.894859, 42.513433], [142.894828, 42.513534], [142.894866, 42.513591], [142.895049, 42.513748], [142.895521, 42.514024], [142.895688, 42.514148], [142.895809, 42.514317], [142.895848, 42.514452], [142.895893, 42.514502], [142.896106, 42.514581], [142.896213, 42.514643], [142.896228, 42.514722], [142.896159, 42.514857], [142.896045, 42.514964], [142.895946, 42.515076], [142.895848, 42.515284], [142.895802, 42.515442], [142.89571, 42.515684], [142.895657, 42.515779], [142.895627, 42.515813], [142.895307, 42.516055], [142.895262, 42.516207], [142.895186, 42.516359], [142.895186, 42.516438], [142.895436, 42.516691], [142.89552, 42.516759], [142.895649, 42.516759], [142.895718, 42.516736], [142.896159, 42.516584], [142.896456, 42.51655], [142.896661, 42.516539], [142.896768, 42.516567], [142.896927, 42.516685], [142.897018, 42.51682], [142.897018, 42.516899], [142.896958, 42.516995], [142.896806, 42.517107], [142.89676, 42.517192], [142.89676, 42.517389], [142.896828, 42.51749], [142.896829, 42.51749], [142.896904, 42.517552], [142.896935, 42.517563], [142.897056, 42.517653], [142.897178, 42.517845], [142.897224, 42.517985], [142.897216, 42.518194], [142.897163, 42.518317], [142.89714, 42.518807], [142.897163, 42.518874], [142.897163, 42.519099], [142.89714, 42.519161], [142.896828, 42.519425], [142.896767, 42.519504], [142.896714, 42.519611], [142.896706, 42.519881], [142.896668, 42.520039], [142.896608, 42.520129], [142.896547, 42.520163], [142.896433, 42.520196], [142.896273, 42.52023], [142.896189, 42.520236], [142.895984, 42.520281], [142.895847, 42.520337], [142.895809, 42.520365], [142.895725, 42.520484], [142.895695, 42.52059], [142.895581, 42.520748], [142.89533, 42.520916], [142.895284, 42.521023], [142.895314, 42.521232], [142.895269, 42.521513], [142.895223, 42.521687], [142.895147, 42.521777], [142.89498, 42.521845], [142.894934, 42.521873], [142.894843, 42.521985], [142.894858, 42.522081], [142.894949, 42.52225], [142.894972, 42.522351], [142.894934, 42.522548]]}, "properties": {"name": null, "system": "歴舟川水系", "river_code": "0100510000"}}, {"type": "Feature", "geometry": {"type": "LineString", "coordinates": [[142.880881, 42.512814], [142.880866, 42.512825], [142.880866, 42.512932], [142.88095, 42.513112], [142.880935, 42.51319], [142.880783, 42.513404], [142.880783, 42.513545], [142.880752, 42.51359], [142.8806, 42.513658], [142.880486, 42.513804], [142.880387, 42.513928], [142.880159, 42.514119], [142.880113, 42.514204]]}, "properties": {"name": null, "system": "歴舟川水系", "river_code": "0100510000"}}, {"type": "Feature", "geometry": {"type": "LineString", "coordinates": [[143.104318, 42.541833], [143.104333, 42.541934], [143.104387, 42.542125], [143.104409, 42.542249], [143.104493, 42.542418], [143.104615, 42.542587], [143.104668, 42.54271], [143.104683, 42.542845], [143.104729, 42.542902], [143.104828, 42.542947], [143.104911, 42.543009], [143.104942, 42.543048], [143.104965, 42.543138], [143.104957, 42.543228], [143.104904, 42.543363], [143.104896, 42.543634], [143.104979, 42.543819], [143.105025, 42.543881], [143.105094, 42.543932], [143.105215, 42.543994], [143.105231, 42.544005], [143.105276, 42.544112], [143.105329, 42.54446], [143.105542, 42.544804], [143.105656, 42.545113], [143.105748, 42.545214], [143.105793, 42.545248], [143.105938, 42.545271], [143.105953, 42.545271], [143.106021, 42.545338], [143.106067, 42.545434], [143.106059, 42.545558], [143.106014, 42.545614], [143.105907, 42.545704], [143.105839, 42.545794], [143.105839, 42.545912], [143.105884, 42.545985], [143.106089, 42.546137], [143.106128, 42.546182], [143.106105, 42.546272], [143.106036, 42.546368], [143.106006, 42.546441], [143.106014, 42.546525], [143.106082, 42.546621], [143.106264, 42.546767], [143.106295, 42.546824], [143.106303, 42.546998], [143.106417, 42.547156], [143.106454, 42.54728], [143.106478, 42.547432], [143.106561, 42.547639], [143.106546, 42.547786], [143.106546, 42.547966], [143.106584, 42.548033], [143.106668, 42.548101], [143.106774, 42.548152], [143.106941, 42.548152], [143.107071, 42.54814], [143.107139, 42.548152], [143.107192, 42.548174], [143.107314, 42.548259], [143.107413, 42.548388], [143.107534, 42.548652], [143.10761, 42.548737], [143.107686, 42.548782], [143.107755, 42.548838], [143.107953, 42.549097], [143.108021, 42.549209], [143.108013, 42.549277], [143.107975, 42.549333], [143.107998, 42.549401], [143.107998, 42.549401], [143.108036, 42.549434], [143.108127, 42.549429], [143.108279, 42.549384], [143.108424, 42.549361], [143.108508, 42.549367], [143.10866, 42.549496], [143.108888, 42.549637], [143.108948, 42.549699], [143.109009, 42.549812], [143.108994, 42.549868], [143.108781, 42.550025], [143.108751, 42.55007], [143.108751, 42.550205], [143.108849, 42.550346], [143.109093, 42.550526], [143.109177, 42.550554], [143.10942, 42.550616], [143.109494, 42.55064], [143.109542, 42.550655], [143.10961, 42.550684], [143.109747, 42.550785], [143.1098, 42.550858], [143.109815, 42.550931], [143.109861, 42.550993], [143.109952, 42.551032], [143.11015, 42.551077], [143.110378, 42.551117], [143.110454, 42.55114], [143.110515, 42.551173], [143.110629, 42.551274], [143.110674, 42.551359], [143.110667, 42.551454], [143.110583, 42.551601], [143.110568, 42.551674], [143.110591, 42.551753], [143.11072, 42.55195], [143.110773, 42.552073], [143.110842, 42.552203], [143.111108, 42.552422], [143.111275, 42.55267], [143.111328, 42.552698], [143.111389, 42.552704], [143.111435, 42.55267], [143.111488, 42.552563], [143.111526, 42.552512], [143.111633, 42.55245], [143.111716, 42.552445], [143.1118, 42.552467], [143.111906, 42.552524], [143.111929, 42.552569], [143.111937, 42.552664], [143.111884, 42.552732], [143.111701, 42.552839], [143.111693, 42.552906], [143.111716, 42.552968], [143.111861, 42.553193], [143.111899, 42.553233], [143.111974, 42.553373], [143.112051, 42.553452], [143.112127, 42.553458], [143.112378, 42.553345], [143.112484, 42.553317], [143.112705, 42.553289], [143.112971, 42.553289], [143.113366, 42.553351], [143.11348, 42.553396], [143.113534, 42.553446], [143.113572, 42.553553], [143.11364, 42.553632], [143.113686, 42.55366], [143.113807, 42.5537], [143.113967, 42.553717], [143.114172, 42.5537], [143.114434, 42.553686], [143.114499, 42.553683], [143.114841, 42.553638], [143.115244, 42.553638], [143.115579, 42.553655], [143.115731, 42.553638], [143.11583, 42.553598], [143.116104, 42.553424], [143.11621, 42.553379], [143.116393, 42.553373], [143.116469, 42.553385], [143.116644, 42.553385], [143.116765, 42.553334], [143.11694, 42.553334], [143.117069, 42.553385], [143.117183, 42.553469], [143.117313, 42.553627], [143.117518, 42.553779], [143.117602, 42.553874], [143.1177, 42.55406], [143.117776, 42.554257], [143.117845, 42.554313], [143.11802, 42.554358], [143.118096, 42.554358], [143.118453, 42.55438], [143.118537, 42.554409], [143.11859, 42.554448], [143.118621, 42.554521], [143.118666, 42.554572], [143.118735, 42.554606], [143.118811, 42.554606], [143.118864, 42.554594], [143.118978, 42.554589], [143.119024, 42.554606], [143.119191, 42.554634], [143.119206, 42.554645], [143.119381, 42.554656], [143.11951, 42.554684], [143.119601, 42.554735], [143.119678, 42.554808], [143.119761, 42.55496], [143.119753, 42.555146], [143.119753, 42.555292], [143.119791, 42.555343], [143.119875, 42.555349], [143.119906, 42.555337], [143.120156, 42.555258], [143.120233, 42.55527], [143.120324, 42.55536], [143.120408, 42.555427], [143.120499, 42.555467], [143.120544, 42.555506], [143.120537, 42.555641], [143.120537, 42.555911], [143.120598, 42.555979], [143.120681, 42.556012], [143.120826, 42.556001], [143.121008, 42.555894], [143.121122, 42.55577], [143.121161, 42.555732], [143.121198, 42.555706], [143.121282, 42.555688], [143.121388, 42.555649], [143.121525, 42.555649], [143.121616, 42.55571], [143.121692, 42.555789], [143.121723, 42.555834], [143.121761, 42.555958], [143.121784, 42.556211], [143.121814, 42.556262], [143.121844, 42.55629], [143.121943, 42.55629], [143.122133, 42.556234], [143.122248, 42.55624], [143.122354, 42.55629], [143.122384, 42.556313], [143.122468, 42.55647], [143.122567, 42.55656], [143.122666, 42.556617], [143.122749, 42.556639], [143.12316, 42.55665], [143.123335, 42.556673], [143.123509, 42.556724], [143.123677, 42.55683], [143.123715, 42.556864], [143.123761, 42.556954], [143.123798, 42.557117], [143.123776, 42.557297], [143.123761, 42.557365], [143.123761, 42.557466], [143.123798, 42.557545], [143.123905, 42.557618], [143.124088, 42.55768], [143.124308, 42.557725], [143.124818, 42.557899], [143.125251, 42.558096], [143.125502, 42.558203], [143.125585, 42.558254], [143.12565, 42.558292], [143.125725, 42.558351]]}, "properties": {"name": null, "system": "歴舟川水系", "river_code": "0100510000"}}, {"type": "Feature", "geometry": {"type": "LineString", "coordinates": [[143.000314, 42.568523], [143.000741, 42.568347], [143.000893, 42.568251], [143.001288, 42.567936], [143.001441, 42.567835], [143.001669, 42.5677], [143.00198, 42.567497], [143.002368, 42.567233], [143.002718, 42.567059], [143.002802, 42.567042], [143.002847, 42.567047], [143.002961, 42.567053], [143.003144, 42.566952], [143.003243, 42.566845], [143.003456, 42.566665], [143.003608, 42.566484], [143.003676, 42.566417], [143.003897, 42.566282], [143.003958, 42.566198], [143.004034, 42.566142], [143.004254, 42.566097], [143.004406, 42.566001], [143.004718, 42.565911], [143.004824, 42.56586], [143.005014, 42.565753], [143.005174, 42.565674], [143.00525, 42.565618], [143.005311, 42.565539], [143.005341, 42.565472], [143.005334, 42.565309], [143.005296, 42.565078], [143.005326, 42.56501], [143.005364, 42.564977], [143.005638, 42.564965], [143.005714, 42.564932], [143.005805, 42.564859], [143.006094, 42.564397], [143.006155, 42.564341], [143.006368, 42.564178], [143.006634, 42.563959], [143.006786, 42.563874], [143.00687, 42.563812], [143.006984, 42.563683], [143.007258, 42.563435], [143.007364, 42.563294], [143.007547, 42.563137], [143.007615, 42.563052], [143.007669, 42.562929], [143.007676, 42.56276], [143.007639, 42.562544], [143.007623, 42.56245], [143.007608, 42.562428], [143.007554, 42.562152], [143.007554, 42.56204], [143.007593, 42.561984], [143.007676, 42.561939], [143.008041, 42.561849], [143.008125, 42.561815], [143.008292, 42.561775], [143.008482, 42.561714], [143.008528, 42.56168], [143.008589, 42.561573], [143.008589, 42.561325], [143.008611, 42.561168], [143.00868, 42.560999], [143.008748, 42.560887], [143.00884, 42.56078], [143.008969, 42.56069], [143.009098, 42.560639], [143.00925, 42.560605], [143.009729, 42.560543], [143.009897, 42.560481], [143.010011, 42.560431], [143.010056, 42.560397], [143.010102, 42.560318], [143.010117, 42.560172], [143.010094, 42.560076], [143.010018, 42.559896], [143.009859, 42.55962], [143.009699, 42.559272], [143.009562, 42.559103], [143.009463, 42.558934], [143.009379, 42.558771], [143.009334, 42.558647], [143.009322, 42.558557], [143.009316, 42.558509]]}, "properties": {"name": null, "system": "歴舟川水系", "river_code": "0100510000"}}, {"type": "Feature", "geometry": {"type": "LineString", "coordinates": [[142.934927, 42.526196], [142.934942, 42.52637], [142.934919, 42.526455], [142.934866, 42.526539], [142.934737, 42.526651], [142.934608, 42.526713], [142.93444, 42.52682], [142.934136, 42.527254], [142.934136, 42.52736], [142.934182, 42.527479], [142.93425, 42.527749], [142.93425, 42.527991], [142.934136, 42.528216], [142.934136, 42.528334], [142.934197, 42.52843], [142.934584, 42.528767], [142.934645, 42.528846], [142.934653, 42.528919], [142.934638, 42.528998], [142.934638, 42.529138], [142.934676, 42.529206], [142.934858, 42.529347], [142.934881, 42.529403], [142.934798, 42.529465], [142.934759, 42.529515], [142.934721, 42.529679], [142.934706, 42.52969], [142.934691, 42.529757], [142.934615, 42.529977], [142.934577, 42.530044], [142.934463, 42.530174], [142.934159, 42.530371], [142.933908, 42.530494], [142.933619, 42.530607], [142.933474, 42.530652], [142.933269, 42.530753], [142.933231, 42.530782], [142.933132, 42.530843], [142.933071, 42.530905], [142.933071, 42.531035], [142.933117, 42.531209], [142.933109, 42.531243], [142.932941, 42.531682], [142.932911, 42.531794], [142.932896, 42.531969], [142.932911, 42.532014], [142.933177, 42.53221], [142.933291, 42.53234], [142.933375, 42.532486], [142.933474, 42.532739], [142.933459, 42.532801], [142.933314, 42.53292], [142.932964, 42.533257], [142.932911, 42.53337], [142.932781, 42.533623], [142.932683, 42.533814], [142.932516, 42.534039], [142.932257, 42.534112], [142.932044, 42.534197], [142.932014, 42.53423], [142.931991, 42.534287], [142.931991, 42.5345], [142.932044, 42.534731], [142.932135, 42.534906], [142.932272, 42.535086], [142.932493, 42.535294], [142.932569, 42.535418], [142.93266, 42.535789], [142.932911, 42.536239], [142.933109, 42.536492], [142.933299, 42.5367], [142.93339, 42.536852], [142.933595, 42.53719], [142.933732, 42.537342], [142.933975, 42.537511], [142.934066, 42.53755], [142.934241, 42.537657], [142.934348, 42.537758], [142.934394, 42.537837], [142.934394, 42.538231], [142.934416, 42.538389], [142.934568, 42.538602], [142.934637, 42.53867], [142.93485, 42.538799], [142.934918, 42.538884], [142.935146, 42.53925], [142.935146, 42.539362], [142.935024, 42.539559], [142.934857, 42.539846], [142.934789, 42.539958], [142.93472, 42.539992], [142.934469, 42.540082], [142.934378, 42.540139], [142.934234, 42.54029], [142.934173, 42.540431], [142.934165, 42.540566], [142.934218, 42.540707], [142.934424, 42.541033], [142.934454, 42.541101], [142.934455, 42.541124], [142.934469, 42.541421], [142.934515, 42.541697], [142.934606, 42.542018], [142.934682, 42.542136], [142.934698, 42.542192], [142.934675, 42.542378], [142.934667, 42.542766], [142.934705, 42.543053], [142.934707, 42.543095], [142.934702, 42.543191]]}, "properties": {"name": null, "system": "歴舟川水系", "river_code": "0100510000"}}, {"type": "Feature", "geometry": {"type": "LineString", "coordinates": [[142.884545, 42.540665], [142.884788, 42.540761], [142.88491, 42.540845], [142.885009, 42.540952], [142.885131, 42.541222], [142.885191, 42.541369], [142.885245, 42.541453], [142.885389, 42.541594], [142.885412, 42.541639], [142.885427, 42.541954], [142.885473, 42.542117], [142.885572, 42.542336], [142.885648, 42.542494], [142.885648, 42.54264], [142.885609, 42.542764], [142.885609, 42.543034], [142.885708, 42.543355], [142.885731, 42.543484], [142.885693, 42.543659], [142.885686, 42.543856], [142.885716, 42.54403], [142.885769, 42.544132], [142.885838, 42.544171], [142.885974, 42.544199], [142.886165, 42.544222], [142.886621, 42.544233], [142.886811, 42.544261], [142.886971, 42.544306], [142.887617, 42.544599], [142.887624, 42.54461], [142.887632, 42.544604], [142.887876, 42.544694], [142.887967, 42.544739], [142.88818, 42.544795], [142.888355, 42.54479], [142.888514, 42.544756], [142.888689, 42.544683], [142.888895, 42.544565], [142.88913, 42.544469], [142.889184, 42.544458], [142.889313, 42.544464], [142.889397, 42.544514], [142.889594, 42.5447], [142.88967, 42.54475], [142.889868, 42.544762], [142.889967, 42.544795], [142.890165, 42.544914], [142.89034, 42.544987], [142.890529, 42.544987], [142.89072, 42.544959], [142.891138, 42.544824], [142.891556, 42.544739], [142.891611, 42.544739], [142.891708, 42.544739], [142.89186, 42.544807], [142.891974, 42.544914], [142.892028, 42.545021], [142.892058, 42.545251], [142.892028, 42.545324], [142.891952, 42.545437], [142.891853, 42.545645], [142.891823, 42.54573], [142.891823, 42.545837], [142.89186, 42.545915], [142.891921, 42.545994], [142.892081, 42.546152], [142.892134, 42.546225], [142.892226, 42.54641], [142.892279, 42.546484], [142.892362, 42.546534], [142.89259, 42.54659], [142.892689, 42.546652], [142.89275, 42.546737], [142.892826, 42.546905], [142.892841, 42.546967], [142.892818, 42.547102], [142.892826, 42.547372], [142.892856, 42.547659], [142.892933, 42.547789], [142.893176, 42.548054], [142.893229, 42.548183], [142.893282, 42.548571], [142.893328, 42.548622], [142.893495, 42.548734], [142.893533, 42.548768], [142.893602, 42.548844]]}, "properties": {"name": null, "system": "歴舟川水系", "river_code": "0100510000"}}, {"type": "Feature", "geometry": {"type": "LineString", "coordinates": [[142.867229, 42.552017], [142.867364, 42.552302], [142.867404, 42.552451], [142.867404, 42.552565], [142.867267, 42.553007], [142.867267, 42.553345], [142.867312, 42.553553], [142.867464, 42.553835], [142.867464, 42.553944], [142.867426, 42.554071], [142.867431, 42.554456], [142.867336, 42.554666], [142.867343, 42.554774], [142.867388, 42.55487], [142.867421, 42.554989], [142.867396, 42.555084], [142.867419, 42.555202], [142.86751, 42.555359], [142.86752, 42.555421], [142.867509, 42.555498], [142.867477, 42.555563], [142.867312, 42.555708], [142.86717, 42.555907], [142.867008, 42.556034], [142.866939, 42.556119], [142.866787, 42.556406], [142.866662, 42.556609], [142.866399, 42.556845], [142.866316, 42.556957], [142.866258, 42.557134], [142.866224, 42.557188], [142.866215, 42.557306], [142.866095, 42.55743], [142.866034, 42.557582]]}, "properties": {"name": null, "system": "歴舟川水系", "river_code": "0100510000"}}, {"type": "Feature", "geometry": {"type": "LineString", "coordinates": [[143.183979, 42.512252], [143.184895, 42.512687], [143.185621, 42.512888], [143.186983, 42.513279], [143.188446, 42.513636], [143.18944, 42.513837], [143.190166, 42.513837], [143.191271, 42.513882], [143.192214, 42.513938], [143.193253, 42.51415], [143.194045, 42.514395], [143.195486, 42.514853], [143.196725, 42.5153], [143.197552, 42.515712], [143.198471, 42.516205], [143.199342, 42.516562], [143.200291, 42.51702], [143.201196, 42.517567], [143.201779, 42.518142], [143.201857, 42.518633], [143.201678, 42.519358], [143.201332, 42.520776], [143.200975, 42.521579], [143.200964, 42.521987], [143.201366, 42.522612], [143.201276, 42.523148], [143.201075, 42.523795], [143.200964, 42.524275], [143.201086, 42.524733], [143.2015, 42.525157], [143.20169, 42.525909], [143.20176, 42.527119]]}, "properties": {"name": "今野川", "system": "歴舟川水系", "river_code": "0100510000"}}, {"type": "Feature", "geometry": {"type": "LineString", "coordinates": [[143.147263, 42.569507], [143.147635, 42.569456], [143.148236, 42.569349], [143.148912, 42.569203], [143.150593, 42.568809], [143.151156, 42.568657], [143.151566, 42.568522], [143.153459, 42.567802], [143.156402, 42.566593], [143.156949, 42.566435], [143.157193, 42.56634], [143.15733, 42.566205], [143.157447, 42.566125], [143.157512, 42.566081], [143.158204, 42.565743], [143.159831, 42.564973], [143.162295, 42.563842], [143.162447, 42.563791], [143.162516, 42.56378], [143.162744, 42.56378], [143.163018, 42.563819], [143.163109, 42.563825], [143.163258, 42.563743], [143.16336, 42.563662], [143.165542, 42.561985], [143.1665, 42.561242], [143.168333, 42.559819], [143.168515, 42.559735], [143.174218, 42.557479], [143.174476, 42.557625], [143.175761, 42.557124], [143.175868, 42.557062], [143.175876, 42.556978], [143.175864, 42.556961], [143.175351, 42.55614], [143.175351, 42.556078], [143.175374, 42.556022], [143.175663, 42.555892], [143.177678, 42.555054], [143.179023, 42.554509], [143.179718, 42.55423], [143.179822, 42.554233], [143.182004, 42.557248], [143.18208, 42.557243], [143.182486, 42.557086], [143.185319, 42.555994], [143.185928, 42.555791], [143.186658, 42.555572], [143.187935, 42.555223], [143.188118, 42.555285], [143.192616, 42.553571], [143.193729, 42.553147], [143.194307, 42.552872], [143.1949, 42.552624], [143.195121, 42.552523], [143.195364, 42.552382], [143.19582, 42.552011], [143.196991, 42.550925], [143.19728, 42.550655], [143.197987, 42.550008], [143.19801, 42.549985], [143.19858, 42.549462], [143.198618, 42.54944], [143.199047, 42.549052], [143.199371, 42.548753], [143.199736, 42.548416], [143.199866, 42.548242], [143.199987, 42.547994], [143.200276, 42.547229], [143.200383, 42.546975], [143.200413, 42.54688], [143.20055, 42.546587], [143.200687, 42.54639], [143.200816, 42.546244], [143.201105, 42.546], [143.201136, 42.545974], [143.202299, 42.544916], [143.202436, 42.544759], [143.202481, 42.544686], [143.202489, 42.544652], [143.20255, 42.544534], [143.202573, 42.544432], [143.202565, 42.54414], [143.202519, 42.543915], [143.202448, 42.543733], [143.202451, 42.543628], [143.20255, 42.543307], [143.202626, 42.5432], [143.203964, 42.542165], [143.205067, 42.541327], [143.205113, 42.541276], [143.205516, 42.540978], [143.205592, 42.54091], [143.206861, 42.539977], [143.207264, 42.539667], [143.207417, 42.539521], [143.207516, 42.539307], [143.207574, 42.539156], [143.208063, 42.537895], [143.20823, 42.537512], [143.208352, 42.537287], [143.208542, 42.536978], [143.209219, 42.535797], [143.209439, 42.535408], [143.209462, 42.535386], [143.209569, 42.535211], [143.20969, 42.535076], [143.20982, 42.534969], [143.210276, 42.53466], [143.211014, 42.534165], [143.211242, 42.534052], [143.211325, 42.534002], [143.211797, 42.533698], [143.21207, 42.533518], [143.213964, 42.532314], [143.214088, 42.532232], [143.214253, 42.532123], [143.214359, 42.532061], [143.214815, 42.531768], [143.214998, 42.531662], [143.215112, 42.531616], [143.215492, 42.531515], [143.2155, 42.531504], [143.216648, 42.531183], [143.217492, 42.530947], [143.218298, 42.530711], [143.218883, 42.530548], [143.219028, 42.530497], [143.219134, 42.530424], [143.219188, 42.530345], [143.219598, 42.529445], [143.220047, 42.528421], [143.220047, 42.528309], [143.220039, 42.528269], [143.219462, 42.527453], [143.218831, 42.526575], [143.218709, 42.526418], [143.218678, 42.526374], [143.217576, 42.524859], [143.217414, 42.524604], [143.217394, 42.524572], [143.216922, 42.523937], [143.216405, 42.523239], [143.216071, 42.522727], [143.216071, 42.522631], [143.216738, 42.521487], [143.2169, 42.521168]]}, "properties": {"name": null, "system": "歴舟川水系", "river_code": "0100510000"}}, {"type": "Feature", "geometry": {"type": "LineString", "coordinates": [[143.179957, 42.489835], [143.180718, 42.49021], [143.181614, 42.490818], [143.182902, 42.491586], [143.183815, 42.492162], [143.184471, 42.492498], [143.185023, 42.49281], [143.186284, 42.493655], [143.187212, 42.494175], [143.18854, 42.494871], [143.189757, 42.495511], [143.190721, 42.496146], [143.191473, 42.49673], [143.192265, 42.497626], [143.193473, 42.499066], [143.194037, 42.499942], [143.195005, 42.501758], [143.195599, 42.502626], [143.195743, 42.503042], [143.195671, 42.503706], [143.195542, 42.50445], [143.195863, 42.505041], [143.196543, 42.506033], [143.196767, 42.506524], [143.196797, 42.50681]]}, "properties": {"name": "二の沢川", "system": "歴舟川水系", "river_code": "0100510000"}}, {"type": "Feature", "geometry": {"type": "LineString", "coordinates": [[143.18079, 42.484782], [143.18206, 42.485809], [143.183071, 42.486569], [143.183694, 42.486901], [143.18494, 42.487224], [143.185951, 42.487644], [143.18708, 42.488052], [143.188432, 42.488497], [143.189419, 42.489095], [143.190697, 42.48967], [143.192221, 42.490603], [143.193078, 42.49146], [143.194109, 42.492296], [143.195136, 42.493088], [143.1955, 42.493331], [143.196156, 42.493589], [143.19637, 42.493695], [143.196841, 42.493904], [143.197312, 42.494162], [143.197654, 42.49441], [143.197783, 42.494595], [143.197821, 42.494691], [143.197828, 42.494837], [143.19779, 42.494922], [143.19779, 42.495017], [143.197836, 42.495051], [143.197949, 42.495074], [143.198177, 42.495124], [143.198276, 42.495186], [143.198641, 42.495456], [143.198793, 42.495625], [143.198952, 42.495749], [143.199142, 42.495862], [143.19918, 42.49589], [143.199339, 42.495985], [143.19943, 42.496064], [143.199559, 42.49621], [143.199628, 42.496323], [143.199734, 42.49652], [143.199795, 42.496728], [143.199863, 42.496829], [143.199946, 42.496897], [143.200205, 42.49702], [143.200296, 42.497082], [143.200326, 42.497122], [143.200341, 42.497234], [143.200379, 42.497442], [143.200433, 42.497544], [143.200645, 42.497735], [143.200956, 42.497892], [143.201139, 42.49801], [143.201214, 42.498129], [143.20126, 42.498252], [143.201321, 42.498348], [143.201549, 42.49859], [143.201632, 42.49877], [143.201716, 42.498854], [143.201837, 42.498911], [143.202004, 42.499006], [143.202095, 42.49913], [143.202194, 42.499321], [143.20227, 42.499457], [143.202422, 42.499637], [143.202748, 42.499884], [143.203019, 42.50011], [143.203044, 42.500132], [143.203211, 42.500222], [143.203303, 42.50025], [143.203508, 42.500261], [143.203614, 42.500306], [143.203659, 42.500362], [143.20369, 42.500441], [143.203872, 42.500829], [143.203887, 42.50084], [143.203933, 42.500992], [143.204016, 42.501105], [143.204062, 42.501144], [143.204343, 42.501296], [143.204609, 42.501397], [143.20476, 42.50151], [143.204836, 42.5016], [143.204966, 42.501819], [143.205125, 42.50201], [143.20533, 42.502275], [143.205383, 42.502331], [143.205443, 42.502423], [143.205507, 42.502509], [143.205573, 42.502573], [143.205617, 42.502646], [143.205731, 42.502753], [143.205746, 42.502832], [143.205708, 42.502888], [143.205716, 42.503018], [143.205777, 42.50313], [143.206127, 42.503496], [143.206172, 42.503575], [143.20618, 42.503715], [143.206149, 42.503918], [143.206165, 42.50403], [143.206218, 42.50416], [143.206294, 42.504295], [143.206324, 42.504379], [143.206347, 42.504649], [143.206415, 42.50488], [143.206476, 42.504959], [143.206522, 42.505077], [143.206537, 42.505178], [143.206575, 42.505263], [143.206636, 42.50533], [143.206856, 42.505471], [143.206948, 42.505583], [143.207009, 42.505741], [143.207024, 42.506247], [143.207062, 42.506472], [143.207092, 42.506579], [143.207153, 42.506675], [143.207472, 42.507018], [143.207556, 42.507159], [143.207594, 42.50735], [143.207594, 42.507671], [143.207579, 42.507778], [143.207579, 42.508036], [143.207594, 42.508267], [143.207571, 42.508357], [143.207457, 42.508622], [143.207464, 42.50883], [143.207503, 42.508965], [143.207708, 42.509381], [143.207746, 42.509443], [143.207784, 42.50955], [143.207784, 42.509674], [143.207746, 42.509741], [143.207518, 42.509893], [143.207464, 42.509966], [143.207434, 42.510039], [143.207434, 42.510135], [143.207479, 42.510293], [143.207479, 42.510394], [143.207449, 42.510473], [143.20735, 42.510585], [143.207062, 42.510787], [143.207061, 42.510788]]}, "properties": {"name": "一の沢川", "system": "歴舟川水系", "river_code": "0100510000"}}, {"type": "Feature", "geometry": {"type": "LineString", "coordinates": [[143.168322, 42.469314], [143.168535, 42.4693], [143.169472, 42.469233], [143.169884, 42.469436], [143.170319, 42.470189], [143.170805, 42.471125], [143.171441, 42.471761], [143.171792, 42.472464], [143.172278, 42.472949], [143.173232, 42.473384], [143.174604, 42.473551], [143.17509, 42.473618], [143.175994, 42.47412], [143.177048, 42.47484], [143.178069, 42.475308], [143.17904, 42.475576], [143.180496, 42.47571], [143.181378, 42.47585], [143.18188, 42.476068], [143.182248, 42.476553], [143.1824, 42.47684], [143.182521, 42.476997], [143.182681, 42.477127], [143.182909, 42.477329], [143.182984, 42.477419], [143.183038, 42.477526], [143.183038, 42.477943], [143.183076, 42.478027], [143.183144, 42.478078], [143.183266, 42.478128], [143.183394, 42.478145], [143.1836, 42.478134], [143.183805, 42.478095], [143.184146, 42.477999], [143.184404, 42.477937], [143.184526, 42.477909], [143.184624, 42.477875], [143.184754, 42.477841], [143.184913, 42.477841], [143.184989, 42.477869], [143.185103, 42.477959], [143.185179, 42.478095], [143.185217, 42.478218], [143.185202, 42.47832], [143.185179, 42.478365], [143.185088, 42.478472], [143.184997, 42.478539], [143.184579, 42.478775], [143.184511, 42.478826], [143.184397, 42.478894], [143.184344, 42.478939], [143.184344, 42.479017], [143.184389, 42.47909], [143.184473, 42.479163], [143.184549, 42.479197], [143.184853, 42.479259], [143.185354, 42.479332], [143.185604, 42.479366], [143.185938, 42.479445], [143.18609, 42.479518], [143.18628, 42.479675], [143.1865, 42.479917], [143.186644, 42.480041], [143.186834, 42.480154], [143.187798, 42.480609], [143.187912, 42.480677], [143.188391, 42.481026], [143.188474, 42.481076], [143.188578, 42.481107], [143.188664, 42.481132], [143.188899, 42.481172], [143.189386, 42.481211], [143.189598, 42.481245], [143.189917, 42.481256], [143.190092, 42.481279], [143.190646, 42.481459], [143.19076, 42.481521], [143.191041, 42.481729], [143.191329, 42.48201], [143.191489, 42.482207], [143.191557, 42.482275], [143.191709, 42.482376], [143.191838, 42.482421], [143.192316, 42.4825], [143.19281, 42.482528], [143.193152, 42.48255], [143.193539, 42.482618], [143.193623, 42.482652], [143.193736, 42.482719], [143.19385, 42.48282], [143.193926, 42.48291], [143.193987, 42.48304], [143.193987, 42.483209], [143.193964, 42.483282], [143.193964, 42.483394], [143.194032, 42.483484], [143.194283, 42.483698], [143.194496, 42.483833], [143.194625, 42.483844], [143.194921, 42.483884], [143.195134, 42.483934], [143.195293, 42.483996], [143.195376, 42.484058], [143.195468, 42.484171], [143.195559, 42.484317], [143.195642, 42.484554], [143.19565, 42.484632], [143.195688, 42.484734], [143.195756, 42.484835], [143.195839, 42.484908], [143.196052, 42.484986], [143.19631, 42.485037], [143.196622, 42.485037], [143.197176, 42.48497], [143.197321, 42.484991], [143.197328, 42.484992], [143.197518, 42.485043], [143.197837, 42.485167], [143.197913, 42.485234], [143.19792, 42.485302], [143.197874, 42.48542], [143.197654, 42.48574], [143.197593, 42.485881], [143.197586, 42.486027], [143.197631, 42.486134], [143.197738, 42.486219], [143.198072, 42.486387], [143.198976, 42.486742], [143.199143, 42.486826], [143.199302, 42.486944], [143.200099, 42.487636], [143.200099, 42.487648], [143.200206, 42.487715], [143.20054, 42.487878], [143.201268, 42.488154], [143.201679, 42.488334], [143.202005, 42.488503], [143.202172, 42.488632], [143.202294, 42.488767], [143.202362, 42.488919], [143.202385, 42.489015], [143.202423, 42.489257], [143.202438, 42.489645], [143.202461, 42.489791], [143.202514, 42.489965], [143.202597, 42.490089], [143.202711, 42.490162], [143.203, 42.490235], [143.203281, 42.490252], [143.203546, 42.490241], [143.203782, 42.490213], [143.204078, 42.490213], [143.204321, 42.490236], [143.20434, 42.490243], [143.204404, 42.49027], [143.204564, 42.490388], [143.204792, 42.490635], [143.204898, 42.490731], [143.20505, 42.49086], [143.205164, 42.490922], [143.205285, 42.490956], [143.205581, 42.490967], [143.205847, 42.490944], [143.205991, 42.490956], [143.206136, 42.491006], [143.206273, 42.491108], [143.206424, 42.491288], [143.206667, 42.491564], [143.20688, 42.491732], [143.207085, 42.49194], [143.207168, 42.492075], [143.207237, 42.492284], [143.207328, 42.492413], [143.207389, 42.492464], [143.207563, 42.49257], [143.207677, 42.492672], [143.207723, 42.49275], [143.207746, 42.49284], [143.207746, 42.49297], [143.207639, 42.493234], [143.207642, 42.493528], [143.207677, 42.493589], [143.207729, 42.49362], [143.207783, 42.493617], [143.207928, 42.493538], [143.208072, 42.493488], [143.208284, 42.493375], [143.208353, 42.493353], [143.208482, 42.493347], [143.208573, 42.493381], [143.208725, 42.493482], [143.208793, 42.49355], [143.208846, 42.493578], [143.209088, 42.493737], [143.209136, 42.493771], [143.20918, 42.493774], [143.209249, 42.493763], [143.209507, 42.493673], [143.209659, 42.493673], [143.209773, 42.493702], [143.209887, 42.493771], [143.209949, 42.493806], [143.210001, 42.493826], [143.210085, 42.493862], [143.210327, 42.494045], [143.21038, 42.494107], [143.210456, 42.494185], [143.210653, 42.494416], [143.210836, 42.494652], [143.210865, 42.494695], [143.210881, 42.494737], [143.210942, 42.494855], [143.210995, 42.495024], [143.210995, 42.495254], [143.21098, 42.495333], [143.210926, 42.495443], [143.210927, 42.495528], [143.210927, 42.495552], [143.21095, 42.495592], [143.211026, 42.495659], [143.211134, 42.495668], [143.211232, 42.495626], [143.211276, 42.495597], [143.211375, 42.49553], [143.211428, 42.495502], [143.211511, 42.49544], [143.211732, 42.495316], [143.211883, 42.495305], [143.211937, 42.495344], [143.211974, 42.495412], [143.21202, 42.495935], [143.21202, 42.496205], [143.211959, 42.496419], [143.211959, 42.496475], [143.211944, 42.496548], [143.211929, 42.496846], [143.211944, 42.496908], [143.211997, 42.497032], [143.21221, 42.497297], [143.212301, 42.497465], [143.212438, 42.497668], [143.212514, 42.49773], [143.212719, 42.497825], [143.213106, 42.498045], [143.213486, 42.498112], [143.21363, 42.498152], [143.213744, 42.498208], [143.213804, 42.498253], [143.21385, 42.498365], [143.213843, 42.498517], [143.213824, 42.498567], [143.21371, 42.498678], [143.213524, 42.498787], [143.213476, 42.498827], [143.213412, 42.498945], [143.213098, 42.499732], [143.213098, 42.499822], [143.213144, 42.499867], [143.213333, 42.499912], [143.214389, 42.500042], [143.214518, 42.500087], [143.214632, 42.500171], [143.214966, 42.500498], [143.215239, 42.500813], [143.215391, 42.501038], [143.215436, 42.501144], [143.215596, 42.501527], [143.215733, 42.501792], [143.215816, 42.501893], [143.215946, 42.502011], [143.216151, 42.502129], [143.216447, 42.502287], [143.21653, 42.502321], [143.216796, 42.502467], [143.216879, 42.50254], [143.216911, 42.502574], [143.217274, 42.502945], [143.217311, 42.50299], [143.217563, 42.50317], [143.217722, 42.503226], [143.217836, 42.503249], [143.218353, 42.503294], [143.218604, 42.503367], [143.218817, 42.503451], [143.218901, 42.503491], [143.219114, 42.503558], [143.219532, 42.503716], [143.219699, 42.503789], [143.219904, 42.503885], [143.220011, 42.503924], [143.220178, 42.504008], [143.220627, 42.504295], [143.220824, 42.504487], [143.220976, 42.5047], [143.221068, 42.504937], [143.22109, 42.505021], [143.221106, 42.505167], [143.221098, 42.505184], [143.221113, 42.505184], [143.221075, 42.505505], [143.221052, 42.505606], [143.221037, 42.505905], [143.221068, 42.506068], [143.221159, 42.506225], [143.221288, 42.506383], [143.221964, 42.50703], [143.222193, 42.507187], [143.222428, 42.507317], [143.222558, 42.507351], [143.223059, 42.507368], [143.223136, 42.507379], [143.223599, 42.507384], [143.22366, 42.507429], [143.223653, 42.507514], [143.223615, 42.507643], [143.223561, 42.507784], [143.223561, 42.507907], [143.223607, 42.507992], [143.223691, 42.508054], [143.223774, 42.508082], [143.223876, 42.508082], [143.223979, 42.508082], [143.224322, 42.507992], [143.224763, 42.507874], [143.224899, 42.507874], [143.224998, 42.507942], [143.225097, 42.50806], [143.225173, 42.508189], [143.225181, 42.508369], [143.225135, 42.508656], [143.225014, 42.508904], [143.224869, 42.509196], [143.224839, 42.509303], [143.224839, 42.509432], [143.224892, 42.509562], [143.225181, 42.509989], [143.22531, 42.510113], [143.225578, 42.510294], [143.225835, 42.5104], [143.225987, 42.510423], [143.226184, 42.510434], [143.226405, 42.510411], [143.226701, 42.510395], [143.226944, 42.510395], [143.227051, 42.510451], [143.227135, 42.510524], [143.227188, 42.510603], [143.227203, 42.51067], [143.227127, 42.511042], [143.227051, 42.511233], [143.226952, 42.511542], [143.226884, 42.511666], [143.226785, 42.511767], [143.226701, 42.511829], [143.226488, 42.511925], [143.226207, 42.51202], [143.226055, 42.512049], [143.225903, 42.512065], [143.225325, 42.512049], [143.225067, 42.512037], [143.224907, 42.512071], [143.224846, 42.51215], [143.224854, 42.512229], [143.224869, 42.512262], [143.224953, 42.512324], [143.225272, 42.512487], [143.225507, 42.512617], [143.225815, 42.512764], [143.225979, 42.512842], [143.226298, 42.512971], [143.226496, 42.513022], [143.226618, 42.513039], [143.226929, 42.513039], [143.226998, 42.513022], [143.227074, 42.513011], [143.227203, 42.512983], [143.227378, 42.512915], [143.227576, 42.512808], [143.2281, 42.512465], [143.22848, 42.51219], [143.229005, 42.511857], [143.229149, 42.511745], [143.229256, 42.511587], [143.229469, 42.511109], [143.229644, 42.5108], [143.229834, 42.510524], [143.229963, 42.510366], [143.230085, 42.510265], [143.230214, 42.510169], [143.230381, 42.510085], [143.230579, 42.510012], [143.230792, 42.50995], [143.231028, 42.509905], [143.23156, 42.509844], [143.231834, 42.509793], [143.232047, 42.50972], [143.232214, 42.50963], [143.232399, 42.509478], [143.232775, 42.509312]]}, "properties": {"name": "パンケタイキ川", "system": "歴舟川水系", "river_code": "0100510000"}}, {"type": "Feature", "geometry": {"type": "LineString", "coordinates": [[143.142963, 42.466735], [143.14452, 42.466467], [143.146193, 42.466233], [143.146896, 42.465965], [143.148169, 42.465246], [143.148604, 42.465062], [143.149139, 42.464995], [143.149658, 42.465012], [143.15001, 42.465112], [143.152102, 42.46625], [143.152655, 42.466467], [143.153274, 42.466568], [143.153927, 42.466685], [143.154931, 42.466852], [143.156277, 42.466987], [143.156628, 42.466987], [143.157649, 42.46687], [143.158235, 42.466937], [143.159491, 42.467523], [143.160026, 42.467924], [143.160646, 42.468158], [143.161717, 42.468543], [143.162559, 42.468898], [143.164551, 42.469383], [143.165589, 42.469383], [143.167095, 42.4694], [143.168322, 42.469314]]}, "properties": {"name": "支一の沢川", "system": "歴舟川水系", "river_code": "0100510000"}}, {"type": "Feature", "geometry": {"type": "LineString", "coordinates": [[143.159263, 42.461814], [143.16014, 42.462178], [143.161051, 42.462476], [143.162839, 42.463055], [143.163981, 42.463518], [143.165157, 42.46423], [143.166332, 42.465272], [143.167061, 42.466265], [143.167876, 42.467613], [143.16814, 42.468656], [143.168322, 42.469314]]}, "properties": {"name": null, "system": "歴舟川水系", "river_code": "0100510000"}}, {"type": "Feature", "geometry": {"type": "LineString", "coordinates": [[143.355989, 42.470014], [143.357391, 42.469392], [143.358937, 42.468844], [143.359703, 42.468454], [143.360454, 42.467905], [143.361191, 42.467414], [143.36307, 42.466821], [143.363764, 42.466634], [143.364559, 42.466157], [143.366047, 42.465261], [143.36715, 42.464681], [143.368508, 42.464406], [143.369188, 42.463987], [143.369751, 42.463438], [143.370185, 42.46315], [143.371355, 42.462774], [143.371977, 42.462398], [143.372444, 42.462104], [143.373167, 42.461367], [143.373702, 42.460949], [143.374337, 42.460746], [143.376433, 42.46053], [143.37743, 42.460327], [143.378823, 42.459747], [143.380152, 42.458967], [143.381872, 42.458245], [143.382277, 42.457999], [143.383274, 42.457031], [143.383823, 42.456583], [143.385477, 42.455579], [143.386036, 42.455109]]}, "properties": {"name": "一の沢川", "system": "歴舟川水系", "river_code": "0100510000"}}, {"type": "Feature", "geometry": {"type": "LineString", "coordinates": [[143.345074, 42.500249], [143.345423, 42.499534], [143.345476, 42.499422], [143.346289, 42.497756], [143.346418, 42.497689], [143.348567, 42.496603], [143.348582, 42.496586], [143.351331, 42.495112], [143.351908, 42.494775], [143.352341, 42.49446], [143.352493, 42.494313], [143.352553, 42.494223], [143.352568, 42.494145], [143.352567, 42.494116], [143.352561, 42.493993], [143.352508, 42.493875], [143.352341, 42.49361], [143.35228, 42.493475], [143.35228, 42.493346], [143.352341, 42.49325], [143.352584, 42.493087], [143.353183, 42.492805], [143.355781, 42.49168], [143.356001, 42.491545], [143.356259, 42.491354], [143.356843, 42.490876], [143.357489, 42.490263], [143.357542, 42.490224], [143.358005, 42.489728], [143.358188, 42.489588], [143.358909, 42.489064], [143.359137, 42.488867], [143.359494, 42.488502], [143.359706, 42.488344], [143.359873, 42.488254], [143.359971, 42.488251], [143.360192, 42.488243], [143.360443, 42.488215], [143.360663, 42.488175], [143.3608, 42.488119], [143.361202, 42.487911], [143.361901, 42.48754], [143.363078, 42.486932], [143.363799, 42.486645], [143.363913, 42.486583], [143.364095, 42.48633], [143.365819, 42.483787], [143.365842, 42.48368], [143.365842, 42.483365], [143.365796, 42.482785], [143.365811, 42.482735], [143.365857, 42.482201], [143.36588, 42.482071], [143.366004, 42.481647], [143.366176, 42.481058], [143.366199, 42.480923], [143.366396, 42.480237], [143.366616, 42.479725], [143.366677, 42.479618], [143.366753, 42.479562], [143.366791, 42.479545], [143.366951, 42.479528], [143.367186, 42.479556], [143.367824, 42.479686], [143.368765, 42.479883], [143.369403, 42.480018], [143.370238, 42.480198], [143.37118, 42.480378], [143.371294, 42.480422], [143.371436, 42.480455], [143.371529, 42.480469], [143.371637, 42.480478], [143.37174, 42.480474], [143.371831, 42.480454], [143.371962, 42.48041], [143.372143, 42.480342], [143.372502, 42.480249], [143.372743, 42.480178], [143.373058, 42.480042], [143.373276, 42.479912], [143.373403, 42.479863], [143.373862, 42.479745], [143.374069, 42.479703], [143.374158, 42.479672], [143.374391, 42.479583], [143.374749, 42.479427], [143.375189, 42.479286], [143.375539, 42.479195], [143.376032, 42.478992], [143.376434, 42.478782], [143.376634, 42.478638], [143.376839, 42.478392], [143.377031, 42.478193], [143.377179, 42.478062], [143.377419, 42.477938], [143.377813, 42.477751], [143.378204, 42.477613], [143.378526, 42.477447], [143.378727, 42.477378], [143.378853, 42.477315], [143.378991, 42.477204], [143.379361, 42.476973], [143.379586, 42.476856], [143.37977, 42.476813], [143.379911, 42.476787], [143.380139, 42.476727], [143.380627, 42.476548], [143.380813, 42.476442], [143.380878, 42.476405], [143.380975, 42.476353], [143.381067, 42.476267], [143.382537, 42.474402], [143.382763, 42.474123], [143.382813, 42.474046], [143.382837, 42.473977], [143.38283, 42.473907], [143.38282, 42.473847], [143.382357, 42.473241], [143.382326, 42.473189], [143.382311, 42.473124], [143.382319, 42.473047], [143.382353, 42.472955], [143.38238, 42.472909], [143.382484, 42.47284], [143.383588, 42.4724], [143.384303, 42.472116], [143.38519, 42.471756], [143.386093, 42.471401], [143.386253, 42.471334], [143.386518, 42.471238], [143.38706, 42.471027], [143.387716, 42.470772], [143.387987, 42.470667], [143.388255, 42.47055], [143.388227, 42.470163], [143.38823, 42.470066], [143.388488, 42.469956], [143.388915, 42.469794], [143.390004, 42.469363], [143.389472, 42.468633], [143.388311, 42.467064], [143.387805, 42.466358], [143.387556, 42.466026], [143.387225, 42.465584], [143.386891, 42.465123], [143.386815, 42.465016], [143.38642, 42.464476], [143.386329, 42.464363], [143.385948, 42.463839], [143.38549, 42.463207], [143.385107, 42.462681], [143.384214, 42.461391], [143.3833, 42.460077], [143.383229, 42.459974], [143.38318, 42.45986], [143.383095, 42.459655], [143.383095, 42.459446], [143.383155, 42.459289], [143.383333, 42.459048], [143.383801, 42.458248], [143.3839, 42.458169], [143.38411, 42.458074], [143.384326, 42.457928], [143.384408, 42.457798], [143.384436, 42.457683], [143.384356, 42.457384]]}, "properties": {"name": null, "system": "歴舟川水系", "river_code": "0100510000"}}, {"type": "Feature", "geometry": {"type": "LineString", "coordinates": [[143.33307, 42.478948], [143.333139, 42.478751], [143.3332, 42.478638], [143.333275, 42.478582], [143.333366, 42.478537], [143.333594, 42.478509], [143.334392, 42.478312], [143.334627, 42.478306], [143.334642, 42.478295], [143.334908, 42.478172], [143.335303, 42.478037], [143.3355, 42.477958], [143.335622, 42.477879], [143.335781, 42.477744], [143.335948, 42.477564], [143.336176, 42.477243], [143.33629, 42.477029], [143.336328, 42.47699], [143.336427, 42.476787], [143.336533, 42.47663], [143.3367, 42.476506], [143.336928, 42.476399], [143.337065, 42.476298], [143.337201, 42.476163], [143.337247, 42.476084], [143.337353, 42.475814], [143.337406, 42.475747], [143.337573, 42.475741], [143.338165, 42.475792], [143.339456, 42.475803], [143.340049, 42.475809], [143.340246, 42.475786], [143.340481, 42.475741], [143.340679, 42.475679], [143.340869, 42.475589], [143.341013, 42.475494], [143.341241, 42.475308], [143.341514, 42.475038], [143.341711, 42.47481], [143.341955, 42.474526], [143.342053, 42.474447], [143.342197, 42.47438], [143.342478, 42.474295], [143.34279, 42.474228], [143.343101, 42.474188], [143.343807, 42.474177], [143.343967, 42.474121], [143.344111, 42.474093], [143.344476, 42.474076], [143.344605, 42.474036], [143.344855, 42.473924], [143.344977, 42.473885], [143.345546, 42.473817], [143.346693, 42.473722], [143.346806, 42.473705], [143.34705, 42.473632], [143.347232, 42.473553], [143.347543, 42.473446], [143.348006, 42.473345], [143.34847, 42.473288], [143.348766, 42.47321], [143.348819, 42.47321], [143.349153, 42.473142], [143.349464, 42.473108], [143.349646, 42.473086], [143.349882, 42.473024], [143.350094, 42.4729], [143.350239, 42.472838], [143.350322, 42.472822], [143.350428, 42.472816], [143.351043, 42.472906], [143.351317, 42.472906], [143.351438, 42.472883], [143.351507, 42.472861], [143.351643, 42.47281], [143.351879, 42.472647], [143.352051, 42.472505], [143.352137, 42.472433], [143.352281, 42.472343], [143.352463, 42.472259], [143.352669, 42.472214], [143.352881, 42.472214], [143.3532, 42.472304], [143.35339, 42.472304], [143.353511, 42.472281], [143.353701, 42.472208], [143.354028, 42.472039], [143.354187, 42.471932], [143.354255, 42.471871], [143.354567, 42.471539], [143.354559, 42.471533], [143.354605, 42.471477], [143.354848, 42.471201], [143.354916, 42.471145], [143.355038, 42.471094], [143.355265, 42.471044], [143.355675, 42.470993], [143.356139, 42.47092], [143.356351, 42.470847], [143.35661, 42.470768], [143.356799, 42.470734], [143.357103, 42.470734], [143.357209, 42.470745], [143.357794, 42.470745], [143.358895, 42.470644], [143.359419, 42.470644], [143.359844, 42.470712], [143.360839, 42.470791], [143.361674, 42.470808], [143.362183, 42.470842], [143.362282, 42.470842], [143.362509, 42.470842], [143.362783, 42.470819], [143.363033, 42.47078]]}, "properties": {"name": null, "system": "歴舟川水系", "river_code": "0100510000"}}, {"type": "Feature", "geometry": {"type": "LineString", "coordinates": [[143.311143, 42.517475], [143.312032, 42.516007], [143.312565, 42.51509], [143.313211, 42.513993], [143.313819, 42.512986], [143.314009, 42.512665], [143.314443, 42.511945], [143.314488, 42.511866], [143.314526, 42.511815], [143.314945, 42.511101], [143.315561, 42.510071], [143.315976, 42.509362], [143.316496, 42.508474], [143.316526, 42.508434], [143.316663, 42.50817], [143.317348, 42.507027], [143.31769, 42.506426], [143.319636, 42.503027], [143.319636, 42.50301], [143.31989, 42.502577], [143.319935, 42.502487], [143.320047, 42.502262], [143.320183, 42.502043], [143.32051, 42.501463], [143.32054, 42.501418], [143.320776, 42.500991], [143.321406, 42.499905], [143.322082, 42.498656], [143.322211, 42.498347], [143.322272, 42.498217], [143.322462, 42.497739], [143.322553, 42.497587], [143.322553, 42.497429], [143.32247, 42.497002], [143.322401, 42.496771], [143.32234, 42.496619], [143.322242, 42.496445], [143.322151, 42.496327], [143.322105, 42.496259], [143.321353, 42.495241], [143.320762, 42.49438], [143.320708, 42.494301], [143.320708, 42.494256], [143.321057, 42.494115], [143.322303, 42.493615], [143.322462, 42.493553], [143.323236, 42.493238], [143.323981, 42.492951], [143.32411, 42.492889], [143.324391, 42.492782], [143.324816, 42.492625], [143.324955, 42.492564]]}, "properties": {"name": null, "system": "歴舟川水系", "river_code": "0100510000"}}, {"type": "Feature", "geometry": {"type": "LineString", "coordinates": [[143.246645, 42.526244], [143.249184, 42.525429], [143.250476, 42.524973], [143.250553, 42.524973], [143.250826, 42.525305], [143.250925, 42.525389], [143.250963, 42.525384], [143.251184, 42.525299], [143.251237, 42.525316], [143.251273, 42.525345], [143.251541, 42.525749], [143.251632, 42.5258], [143.2518, 42.525777], [143.252187, 42.525682], [143.252712, 42.52553], [143.254879, 42.524928], [143.25535, 42.524782], [143.255518, 42.524714], [143.25589, 42.524545], [143.256293, 42.524332], [143.256411, 42.524258], [143.256833, 42.523994], [143.257038, 42.523893], [143.257411, 42.523752], [143.257677, 42.523645], [143.25849, 42.523269], [143.258764, 42.523128], [143.260034, 42.522548], [143.26027, 42.522458], [143.260498, 42.522402], [143.26106, 42.522307], [143.261668, 42.522177], [143.261828, 42.522121], [143.262126, 42.522011], [143.262235, 42.521962], [143.262276, 42.521968], [143.262316, 42.521979], [143.262494, 42.522129], [143.262586, 42.522152], [143.262721, 42.522169], [143.262966, 42.522154], [143.263007, 42.522143], [143.263166, 42.522104], [143.263736, 42.521885], [143.263767, 42.521868], [143.263911, 42.521845], [143.264695, 42.521794], [143.265075, 42.521794], [143.265257, 42.521823], [143.265432, 42.521862], [143.265523, 42.521868], [143.265706, 42.521901], [143.265767, 42.521907], [143.266474, 42.522053], [143.267143, 42.522177], [143.26731, 42.522217], [143.267614, 42.522262], [143.268093, 42.522357], [143.268854, 42.522509], [143.268914, 42.522515], [143.269081, 42.522554], [143.269294, 42.522588], [143.269431, 42.522605], [143.269796, 42.522627], [143.270017, 42.522605], [143.270222, 42.522554], [143.271279, 42.522155], [143.27191, 42.521907], [143.27264, 42.521632], [143.272644, 42.52163], [143.272777, 42.52157], [143.273552, 42.521266], [143.27502, 42.520698], [143.275362, 42.520574], [143.276837, 42.52], [143.276875, 42.519978], [143.277088, 42.519899], [143.27743, 42.519781], [143.277673, 42.519679], [143.27911, 42.519123], [143.279194, 42.519083], [143.280099, 42.51874], [143.28022, 42.5187], [143.280464, 42.518599], [143.280638, 42.518504], [143.280844, 42.518385], [143.281901, 42.517626], [143.281923, 42.51762], [143.282313, 42.517337], [143.282836, 42.516957], [143.283817, 42.516264], [143.28441, 42.515888], [143.284911, 42.515606], [143.285626, 42.515229], [143.285695, 42.515201], [143.286258, 42.514903], [143.286592, 42.514723], [143.28787, 42.514076], [143.288676, 42.513654], [143.288805, 42.513598], [143.288965, 42.513525], [143.289162, 42.513379], [143.289322, 42.513176], [143.289504, 42.512827], [143.28974, 42.512327], [143.289839, 42.512107], [143.290113, 42.511601], [143.290249, 42.511409], [143.290257, 42.511398], [143.290379, 42.511297], [143.29044, 42.511263], [143.290698, 42.51119], [143.290805, 42.511167], [143.2912, 42.511111], [143.291686, 42.511015], [143.291899, 42.510976], [143.292378, 42.510869], [143.292728, 42.510768], [143.293048, 42.510655], [143.293397, 42.510554], [143.293709, 42.510442], [143.294241, 42.510267], [143.294545, 42.510149], [143.295184, 42.50989], [143.29529, 42.509868], [143.295663, 42.509733], [143.296051, 42.509609], [143.296279, 42.509547], [143.296446, 42.509525], [143.296591, 42.509514], [143.296644, 42.509497], [143.296948, 42.509452], [143.297275, 42.50939], [143.297404, 42.509379], [143.297876, 42.509334], [143.298408, 42.509232], [143.298575, 42.509176], [143.298743, 42.509103], [143.300065, 42.508372], [143.300435, 42.508162], [143.300841, 42.507933], [143.30097, 42.507826], [143.301031, 42.507764], [143.301632, 42.507212], [143.302263, 42.506571], [143.30243, 42.506369], [143.30278, 42.505879], [143.302985, 42.505559], [143.303221, 42.505193], [143.303578, 42.504709], [143.303753, 42.504507], [143.30392, 42.504276], [143.304392, 42.503713], [143.304894, 42.503145], [143.305327, 42.502661], [143.305396, 42.502577], [143.305437, 42.502501], [143.305529, 42.502335], [143.305597, 42.502138], [143.305613, 42.502042], [143.305802, 42.501598], [143.305962, 42.501266], [143.306341, 42.500349]]}, "properties": {"name": null, "system": "歴舟川水系", "river_code": "0100510000"}}, {"type": "Feature", "geometry": {"type": "LineString", "coordinates": [[143.276369, 42.533775], [143.277099, 42.533356], [143.277961, 42.533102], [143.279336, 42.532746], [143.280452, 42.532536], [143.281601, 42.532459], [143.283182, 42.532614], [143.284787, 42.532908]]}, "properties": {"name": null, "system": "歴舟川水系", "river_code": "0100510000"}}, {"type": "Feature", "geometry": {"type": "LineString", "coordinates": [[143.404919, 42.451387], [143.405741, 42.45147], [143.405879, 42.451455], [143.406629, 42.451292], [143.407337, 42.451123], [143.407636, 42.451031], [143.407871, 42.450902], [143.408001, 42.450789], [143.408054, 42.450699], [143.40813, 42.450514], [143.40813, 42.450317], [143.408023, 42.450092], [143.407985, 42.449962], [143.40797, 42.449754], [143.407993, 42.449619], [143.408069, 42.449501], [143.408304, 42.449276], [143.408775, 42.448877], [143.408942, 42.448758], [143.409253, 42.448612], [143.40958, 42.448341], [143.409634, 42.44828], [143.410069, 42.448319], [143.410331, 42.448402], [143.410774, 42.448574], [143.411184, 42.448597], [143.411252, 42.448584], [143.411333, 42.448449], [143.411365, 42.447721]]}, "properties": {"name": null, "system": "歴舟川水系", "river_code": "0100510000"}}, {"type": "Feature", "geometry": {"type": "LineString", "coordinates": [[143.371368, 42.502376], [143.371642, 42.502275], [143.371976, 42.502185], [143.372067, 42.50214], [143.372135, 42.502078], [143.372143, 42.501971], [143.37209, 42.50191], [143.371968, 42.501808], [143.371968, 42.501752], [143.37209, 42.501611], [143.372135, 42.501538], [143.372188, 42.501116], [143.37228, 42.500913], [143.372378, 42.500795], [143.372454, 42.500745], [143.372515, 42.500745], [143.37256, 42.500773], [143.372614, 42.500975], [143.372644, 42.501004], [143.372697, 42.50102], [143.372773, 42.500998], [143.372895, 42.50093], [143.372933, 42.500852], [143.372917, 42.500767], [143.372933, 42.500739], [143.372978, 42.500728], [143.373244, 42.500672], [143.373381, 42.500672], [143.373495, 42.500717], [143.373753, 42.50088], [143.373836, 42.500925], [143.373965, 42.500925], [143.374011, 42.500902], [143.374087, 42.50084], [143.374117, 42.500762], [143.37414, 42.500272], [143.374163, 42.500227], [143.374231, 42.500171], [143.374284, 42.500171], [143.374383, 42.500255], [143.374459, 42.5003], [143.374573, 42.5003], [143.374618, 42.500278], [143.374633, 42.500244], [143.374641, 42.50025], [143.374618, 42.500149], [143.374664, 42.500109], [143.374869, 42.500075], [143.375036, 42.50003], [143.375127, 42.499991], [143.375454, 42.499817], [143.37556, 42.499772], [143.375651, 42.499772], [143.375674, 42.499794], [143.375704, 42.499878], [143.375742, 42.499907], [143.375833, 42.499912], [143.376236, 42.499755], [143.376608, 42.499659], [143.376691, 42.499653], [143.376714, 42.499665], [143.376798, 42.499755], [143.376858, 42.499772], [143.376934, 42.49976], [143.377025, 42.499704], [143.3772, 42.499552], [143.377291, 42.499428], [143.377314, 42.49926], [143.377344, 42.499192], [143.37739, 42.499187], [143.377914, 42.499372], [143.378126, 42.499406], [143.378255, 42.499457], [143.378172, 42.499473], [143.37812, 42.49948], [143.377959, 42.499502], [143.377731, 42.499541], [143.377648, 42.499575], [143.37761, 42.49958], [143.377618, 42.499592], [143.377602, 42.499631], [143.377625, 42.499659], [143.377686, 42.499687], [143.377914, 42.499727], [143.377975, 42.499772], [143.377982, 42.499878], [143.37805, 42.499924], [143.37818, 42.49985], [143.378286, 42.499805], [143.378385, 42.4998], [143.378453, 42.499783], [143.378483, 42.49967], [143.378514, 42.499631], [143.378612, 42.499569], [143.378681, 42.499558], [143.378741, 42.499603], [143.37881, 42.499704], [143.378886, 42.499755], [143.379068, 42.499817], [143.379296, 42.49994], [143.379455, 42.499997], [143.379683, 42.500047], [143.379971, 42.50016], [143.380343, 42.500306], [143.380533, 42.500306], [143.380753, 42.500211], [143.380845, 42.500188], [143.380989, 42.500182], [143.381247, 42.500222], [143.381824, 42.500357], [143.381968, 42.500357], [143.381999, 42.500323], [143.38212, 42.50002], [143.382158, 42.499986], [143.382226, 42.499992], [143.382629, 42.50007], [143.383221, 42.500183], [143.383259, 42.500183], [143.383305, 42.500149], [143.383365, 42.500008], [143.383479, 42.49962], [143.383677, 42.499125], [143.383753, 42.499052], [143.383798, 42.499029], [143.383912, 42.499007], [143.384201, 42.498995], [143.384338, 42.498984], [143.384444, 42.498939], [143.384588, 42.498849]]}, "properties": {"name": null, "system": "アイホシマ川水系", "river_code": "0105880000"}}, {"type": "Feature", "geometry": {"type": "LineString", "coordinates": [[143.391583, 42.47776], [143.391684, 42.477743], [143.391908, 42.477751], [143.391962, 42.477753], [143.39224, 42.477786], [143.392631, 42.477858], [143.392779, 42.477894], [143.393018, 42.477947], [143.39316, 42.477598], [143.393405, 42.477619], [143.393447, 42.477612], [143.393481, 42.477534], [143.393526, 42.477438], [143.393722, 42.477131], [143.39472, 42.4763], [143.395114, 42.475951], [143.395288, 42.475813], [143.39558, 42.475549], [143.396351, 42.475058], [143.396826, 42.47477], [143.397218, 42.474645], [143.397567, 42.474422], [143.397752, 42.474253], [143.398208, 42.4739], [143.398571, 42.473654], [143.399483, 42.473853], [143.401325, 42.474254], [143.402099, 42.474428], [143.402388, 42.474485], [143.402942, 42.474608], [143.403215, 42.47467], [143.403526, 42.474732], [143.403921, 42.474822], [143.403982, 42.474828], [143.404643, 42.474974], [143.405356, 42.475132], [143.407164, 42.475531], [143.407331, 42.475559], [143.40787, 42.475689], [143.407923, 42.475694], [143.408158, 42.475751], [143.409593, 42.47606], [143.409646, 42.476077], [143.40976, 42.476094], [143.410185, 42.476187], [143.411218, 42.476415], [143.411431, 42.476465], [143.412486, 42.476696], [143.412501, 42.47673], [143.411886, 42.478322], [143.411894, 42.478333], [143.411841, 42.47844], [143.412137, 42.478429], [143.412365, 42.478429], [143.412471, 42.478564], [143.412615, 42.478711], [143.41264, 42.478746]]}, "properties": {"name": null, "system": "アイホシマ川水系", "river_code": "0105880000"}}, {"type": "Feature", "geometry": {"type": "LineString", "coordinates": [[143.389775, 42.48249], [143.390307, 42.481274], [143.391711, 42.480076], [143.391939, 42.479857], [143.39222, 42.479536], [143.393033, 42.478456], [143.393223, 42.478231], [143.393405, 42.478057], [143.393511, 42.477989], [143.393557, 42.477972], [143.393671, 42.47795], [143.393967, 42.47795], [143.39443, 42.478034], [143.397467, 42.478693], [143.398644, 42.478957], [143.399373, 42.479126], [143.40014, 42.479289], [143.400375, 42.479351], [143.40181, 42.479666], [143.403215, 42.479981], [143.403344, 42.480004], [143.403822, 42.480116], [143.405128, 42.480403], [143.40525, 42.480437], [143.405685, 42.48054], [143.405759, 42.480563], [143.40582, 42.480582]]}, "properties": {"name": null, "system": "アイホシマ川水系", "river_code": "0105880000"}}, {"type": "Feature", "geometry": {"type": "LineString", "coordinates": [[143.43568, 42.520901], [143.436073, 42.520744], [143.436656, 42.520581], [143.436819, 42.520427], [143.43686, 42.520141], [143.436697, 42.519712], [143.436196, 42.519344], [143.435715, 42.518965], [143.43551, 42.518689], [143.434928, 42.518413], [143.434488, 42.518117], [143.434283, 42.517595], [143.434283, 42.516583], [143.434437, 42.51597], [143.434733, 42.515612], [143.435183, 42.515458], [143.435541, 42.51554], [143.436114, 42.515796], [143.436451, 42.515878], [143.436574, 42.515755], [143.436533, 42.515254], [143.436676, 42.51506], [143.437024, 42.514957], [143.4373, 42.515029], [143.437525, 42.51507], [143.437668, 42.514978], [143.437679, 42.514753], [143.437876, 42.514515], [143.438248, 42.514143], [143.438505, 42.513643], [143.438409, 42.512528], [143.438295, 42.512175], [143.438269, 42.511801]]}, "properties": {"name": null, "system": "当縁川水系", "river_code": "0100500000"}}, {"type": "Feature", "geometry": {"type": "LineString", "coordinates": [[143.45565, 42.521208], [143.456607, 42.520906], [143.457575, 42.520395], [143.458279, 42.520003], [143.459018, 42.519772], [143.459555, 42.519737], [143.460255, 42.519803], [143.460828, 42.519825], [143.461203, 42.519727], [143.461825, 42.519288], [143.46187, 42.518975], [143.461768, 42.518522], [143.461728, 42.5181], [143.461573, 42.517876], [143.461208, 42.51753], [143.461035, 42.517164], [143.461066, 42.516879], [143.461153, 42.516738], [143.461352, 42.516582], [143.46182, 42.516321], [143.461822, 42.51632], [143.462474, 42.516065], [143.463639, 42.515485], [143.463918, 42.515271], [143.464038, 42.515108], [143.464081, 42.514977], [143.464103, 42.514798], [143.464087, 42.514483], [143.464, 42.514242], [143.463875, 42.514089], [143.463717, 42.513964], [143.46272, 42.513482], [143.462589, 42.513362], [143.462524, 42.513232], [143.462488, 42.513035], [143.462481, 42.512898], [143.462472, 42.512692], [143.462488, 42.512469], [143.46255, 42.512292], [143.462788, 42.512201], [143.463118, 42.51225], [143.463784, 42.512446], [143.464491, 42.512736]]}, "properties": {"name": null, "system": "当縁川水系", "river_code": "0100500000"}}, {"type": "Feature", "geometry": {"type": "LineString", "coordinates": [[143.464735, 42.515873], [143.464759, 42.515787], [143.464832, 42.515708], [143.464942, 42.515635], [143.465015, 42.515617], [143.465178, 42.515616], [143.465426, 42.515615]]}, "properties": {"name": null, "system": "当縁川水系", "river_code": "0100500000"}}, {"type": "Feature", "geometry": {"type": "LineString", "coordinates": [[143.467917, 42.51745], [143.468054, 42.517439], [143.468319, 42.517406], [143.468518, 42.517266], [143.468524, 42.517107], [143.468566, 42.516959], [143.468577, 42.516815]]}, "properties": {"name": null, "system": "当縁川水系", "river_code": "0100500000"}}, {"type": "Feature", "geometry": {"type": "LineString", "coordinates": [[143.460853, 42.512938], [143.460776, 42.512848], [143.460754, 42.512798], [143.460731, 42.512635], [143.460655, 42.512511], [143.460503, 42.512382], [143.460465, 42.512359], [143.46029, 42.512297], [143.46013, 42.512247], [143.459895, 42.5121], [143.459674, 42.511965], [143.459598, 42.511932], [143.459294, 42.511836], [143.459096, 42.511819], [143.458838, 42.51178], [143.458633, 42.511735], [143.458503, 42.511667], [143.458397, 42.511577], [143.458358, 42.511507]]}, "properties": {"name": null, "system": "当縁川水系", "river_code": "0100500000"}}, {"type": "Feature", "geometry": {"type": "LineString", "coordinates": [[143.452584, 42.518198], [143.45262, 42.518148], [143.45262, 42.518081], [143.452516, 42.517843], [143.452506, 42.517801], [143.452516, 42.517743], [143.452682, 42.517534], [143.452725, 42.517386], [143.452748, 42.51734], [143.452809, 42.517288], [143.453083, 42.517085], [143.453466, 42.516763], [143.453661, 42.516536], [143.453965, 42.516099], [143.454081, 42.515693], [143.454185, 42.515513], [143.45463, 42.514974], [143.454786, 42.51485], [143.455106, 42.514633], [143.45615, 42.514016]]}, "properties": {"name": null, "system": "当縁川水系", "river_code": "0100500000"}}, {"type": "Feature", "geometry": {"type": "LineString", "coordinates": [[143.45129, 42.510014], [143.451707, 42.509974], [143.452223, 42.509765], [143.453074, 42.509313], [143.453735, 42.50906], [143.454142, 42.508951], [143.455029, 42.508624], [143.45528, 42.50859], [143.45547, 42.508539], [143.45563, 42.508472], [143.455706, 42.508427], [143.455789, 42.508325], [143.455918, 42.508134], [143.456337, 42.507797], [143.456398, 42.507763], [143.456633, 42.507752], [143.456717, 42.507723]]}, "properties": {"name": null, "system": "当縁川水系", "river_code": "0100500000"}}, {"type": "Feature", "geometry": {"type": "LineString", "coordinates": [[143.127322, 42.462561], [143.128469, 42.463162], [143.129775, 42.46432], [143.131251, 42.465591], [143.132573, 42.466844], [143.132959, 42.467684], [143.133334, 42.468865], [143.133243, 42.470102], [143.133313, 42.470869], [143.134096, 42.472492], [143.1353, 42.474251], [143.135892, 42.474891], [143.136278, 42.475255], [143.136823, 42.476038], [143.137459, 42.476855], [143.138256, 42.478245], [143.13887, 42.479539], [143.138972, 42.480367], [143.138983, 42.48131], [143.138699, 42.482156], [143.138199, 42.482826], [143.137518, 42.483631], [143.137109, 42.484324], [143.136741, 42.485009], [143.136458, 42.485883], [143.136242, 42.486791], [143.136071, 42.48754], [143.135924, 42.487926], [143.135719, 42.488187], [143.135356, 42.488403], [143.135072, 42.488459], [143.134186, 42.488584], [143.132983, 42.488766], [143.132483, 42.488811], [143.131864, 42.489402]]}, "properties": {"name": "ポン一の沢川", "system": "歴舟川水系", "river_code": "0100510000"}}, {"type": "Feature", "geometry": {"type": "LineString", "coordinates": [[143.039388, 42.465393], [143.040677, 42.465746], [143.041638, 42.466201], [143.042131, 42.466454], [143.042599, 42.467187], [143.042788, 42.46797], [143.043205, 42.468931], [143.043686, 42.469676], [143.044371, 42.47077], [143.044851, 42.471566], [143.045155, 42.471844], [143.045496, 42.472059], [143.04585, 42.472122], [143.047076, 42.472122], [143.04738, 42.472198], [143.047885, 42.472526], [143.048151, 42.472855], [143.048288, 42.473018], [143.048326, 42.473102], [143.048348, 42.473383], [143.048485, 42.473642], [143.048637, 42.473969], [143.048705, 42.474042], [143.048842, 42.474064], [143.048941, 42.474098], [143.049017, 42.474149], [143.049085, 42.474182], [143.049283, 42.474312], [143.049404, 42.474374], [143.049479, 42.474447], [143.049594, 42.474576], [143.049692, 42.474661], [143.049874, 42.474717], [143.049988, 42.474784], [143.050095, 42.474931], [143.050216, 42.475049], [143.050383, 42.475122], [143.050459, 42.475128], [143.050588, 42.475094], [143.050687, 42.475021], [143.050809, 42.474886], [143.050923, 42.474807], [143.051006, 42.474807], [143.051128, 42.474841], [143.051325, 42.474931], [143.05153, 42.475055], [143.051765, 42.475184], [143.051909, 42.475291], [143.051948, 42.475342], [143.051963, 42.475454], [143.051872, 42.475651], [143.051864, 42.475707], [143.051894, 42.475752], [143.052024, 42.475814], [143.052081, 42.475857], [143.052084, 42.475934], [143.052069, 42.475983], [143.05172, 42.476304], [143.051651, 42.476394], [143.051651, 42.476653], [143.051689, 42.476754], [143.05175, 42.476821], [143.051826, 42.476911], [143.051864, 42.476996], [143.051864, 42.477086], [143.051849, 42.477148], [143.051818, 42.477254], [143.051477, 42.47775], [143.051446, 42.477885], [143.051393, 42.477992], [143.051317, 42.478082], [143.051127, 42.478335], [143.051013, 42.478526], [143.050998, 42.478656], [143.050945, 42.478763], [143.050968, 42.479066], [143.051016, 42.479233], [143.051021, 42.479252], [143.051112, 42.479364], [143.051135, 42.479409], [143.051401, 42.479646], [143.051568, 42.479781], [143.051621, 42.479792], [143.051978, 42.480012], [143.052297, 42.480147], [143.052578, 42.480293], [143.052874, 42.480507], [143.052912, 42.480546], [143.053154, 42.480749], [143.053284, 42.480822], [143.053474, 42.480827], [143.053884, 42.480687], [143.054089, 42.480647], [143.054522, 42.480642], [143.054651, 42.480625], [143.054818, 42.480563], [143.054993, 42.480507], [143.055425, 42.480405], [143.055851, 42.480355], [143.056025, 42.480355], [143.056435, 42.480428], [143.056716, 42.480456], [143.056929, 42.480507], [143.057012, 42.480546], [143.057476, 42.480704], [143.057787, 42.4808], [143.058023, 42.480828], [143.058281, 42.480766], [143.058471, 42.480693], [143.058478, 42.480682], [143.058584, 42.480659], [143.058736, 42.48067], [143.058804, 42.480704], [143.058941, 42.480817], [143.05926, 42.481025], [143.059389, 42.481075], [143.059807, 42.481177], [143.060004, 42.481239], [143.060202, 42.481362], [143.060437, 42.481525], [143.060581, 42.481593], [143.060737, 42.48163], [143.060771, 42.481638], [143.060938, 42.481683], [143.06109, 42.481689], [143.061447, 42.481655], [143.061599, 42.481627], [143.061963, 42.481627], [143.062434, 42.481638], [143.062738, 42.481683], [143.062928, 42.4817], [143.063186, 42.481745], [143.063346, 42.48179], [143.063665, 42.481903], [143.063756, 42.481948], [143.064059, 42.482173], [143.064204, 42.482257], [143.064318, 42.482291], [143.065138, 42.48228], [143.065844, 42.482195], [143.066527, 42.482195], [143.067066, 42.482206], [143.067234, 42.482229], [143.067461, 42.48224], [143.067606, 42.482263], [143.067811, 42.482263], [143.067993, 42.482235], [143.06816, 42.48219], [143.068213, 42.48215], [143.068244, 42.482111], [143.068244, 42.481981], [143.068175, 42.481897], [143.068099, 42.481711], [143.068107, 42.48156], [143.068153, 42.481481], [143.068229, 42.481402], [143.068509, 42.481222], [143.068646, 42.48116], [143.068798, 42.481121], [143.068973, 42.481137], [143.069011, 42.481154], [143.069148, 42.481273], [143.069307, 42.481441], [143.069398, 42.481577], [143.069444, 42.481627], [143.069451, 42.481723], [143.069489, 42.481762], [143.069588, 42.481813], [143.069929, 42.481909], [143.069976, 42.481934], [143.070302, 42.482111], [143.070552, 42.482269], [143.070643, 42.482359], [143.070696, 42.482398], [143.07075, 42.482415], [143.070826, 42.482415], [143.070894, 42.482381], [143.071152, 42.482285], [143.071251, 42.482269], [143.071327, 42.48228], [143.071464, 42.482314], [143.071707, 42.482398], [143.071843, 42.482398], [143.071866, 42.482387], [143.072428, 42.48237], [143.072868, 42.482285], [143.073043, 42.482235], [143.073195, 42.482167], [143.073476, 42.482162], [143.073658, 42.48219], [143.073742, 42.482212], [143.073886, 42.482269], [143.074205, 42.482347], [143.074326, 42.482359], [143.074494, 42.482359], [143.074608, 42.482347], [143.074866, 42.482218], [143.074972, 42.482184], [143.075542, 42.482167], [143.075974, 42.482083], [143.076126, 42.482044], [143.076179, 42.481993], [143.076194, 42.481954], [143.076172, 42.481869], [143.076172, 42.481774], [143.07621, 42.481723], [143.076316, 42.481678], [143.07643, 42.481655], [143.076597, 42.481577], [143.076931, 42.481504], [143.077129, 42.481391], [143.077417, 42.48129], [143.077599, 42.481256], [143.078359, 42.481234], [143.07845, 42.481211], [143.078648, 42.481205], [143.078822, 42.481245], [143.078853, 42.481239], [143.079088, 42.48125], [143.079726, 42.481256], [143.079862, 42.481245], [143.079969, 42.481228], [143.080116, 42.481167], [143.080174, 42.481144], [143.080409, 42.481104], [143.080569, 42.481121], [143.080713, 42.481155], [143.08091, 42.481262], [143.081366, 42.481549], [143.081624, 42.48165], [143.081693, 42.48165], [143.081799, 42.481633], [143.081905, 42.481565], [143.082262, 42.481397], [143.082437, 42.481357], [143.082589, 42.481352], [143.082741, 42.481369], [143.083021, 42.481464], [143.083287, 42.481594], [143.083409, 42.481639], [143.083447, 42.481644], [143.083682, 42.481616], [143.083789, 42.481577], [143.084009, 42.481532], [143.084206, 42.481459], [143.084358, 42.481363], [143.08448, 42.481312], [143.084654, 42.481307], [143.084776, 42.481335], [143.084905, 42.481442], [143.085216, 42.481667], [143.085353, 42.481695], [143.085497, 42.481689], [143.085656, 42.48165], [143.085915, 42.48156], [143.086089, 42.481492], [143.086226, 42.481453], [143.08637, 42.481459], [143.086477, 42.481476], [143.086826, 42.481588], [143.087175, 42.481605], [143.08754, 42.481594], [143.087965, 42.481566], [143.088246, 42.481493], [143.088352, 42.481476], [143.088428, 42.481453], [143.088626, 42.481448], [143.088724, 42.481481], [143.088846, 42.481594], [143.088891, 42.481695], [143.088937, 42.481875], [143.088945, 42.482381], [143.089066, 42.482539], [143.089233, 42.48268], [143.089292, 42.48272], [143.089545, 42.482894], [143.089681, 42.482944], [143.089902, 42.48295], [143.090418, 42.482927], [143.090532, 42.48291], [143.090896, 42.482899], [143.091048, 42.48291], [143.091185, 42.482939], [143.091329, 42.483], [143.09139, 42.483079], [143.091557, 42.483546], [143.091633, 42.483738], [143.091686, 42.483783], [143.092126, 42.483974], [143.092179, 42.483985], [143.092255, 42.483985], [143.092316, 42.483957], [143.092453, 42.48385], [143.09265, 42.483608], [143.092779, 42.483512], [143.092977, 42.483439], [143.093152, 42.483434], [143.093189, 42.48345], [143.093577, 42.483546], [143.093691, 42.483546], [143.094033, 42.483462], [143.094139, 42.483474], [143.094207, 42.483552], [143.094223, 42.483659], [143.09426, 42.483726], [143.094291, 42.483754], [143.094351, 42.483799], [143.094428, 42.483799], [143.094511, 42.483788], [143.094868, 42.483642], [143.094959, 42.483631], [143.095073, 42.483609], [143.095217, 42.483547], [143.095346, 42.483479], [143.095544, 42.483434], [143.095673, 42.483434], [143.095794, 42.483474], [143.096068, 42.48362], [143.096189, 42.483631], [143.096326, 42.483592], [143.096569, 42.483457], [143.096614, 42.48344], [143.096827, 42.483412], [143.096911, 42.483423], [143.097063, 42.48349], [143.097374, 42.483659], [143.097549, 42.483749], [143.09767, 42.483772], [143.098323, 42.483789], [143.098528, 42.483817], [143.098577, 42.483831], [143.099113, 42.483985], [143.099333, 42.484025], [143.099515, 42.484008], [143.099736, 42.484002], [143.099774, 42.483991], [143.100115, 42.483912], [143.100267, 42.483907], [143.100358, 42.483924], [143.100548, 42.483985], [143.1007, 42.484019], [143.100867, 42.484025], [143.101034, 42.483985], [143.101133, 42.483918], [143.101269, 42.483749], [143.101353, 42.483704], [143.101459, 42.483704], [143.101566, 42.483744], [143.101687, 42.483766], [143.101869, 42.483789], [143.102074, 42.483744], [143.102128, 42.483704], [143.102241, 42.483558], [143.102295, 42.483468], [143.102484, 42.483254], [143.102583, 42.483108], [143.102644, 42.483069], [143.102728, 42.483035], [143.102841, 42.483024], [143.102955, 42.483046], [143.103009, 42.483085], [143.103161, 42.483232], [143.103214, 42.483271], [143.103631, 42.483676], [143.103783, 42.483738], [143.103943, 42.483744], [143.104071, 42.483704], [143.104163, 42.483648], [143.104201, 42.483592], [143.104208, 42.48344], [143.104193, 42.48331], [143.104216, 42.483232], [143.104383, 42.483153], [143.104466, 42.48308], [143.104588, 42.482945], [143.104702, 42.48277], [143.104778, 42.482692], [143.104869, 42.482647], [143.104983, 42.482624], [143.105021, 42.48263], [143.105127, 42.482663], [143.105131, 42.482667], [143.105158, 42.482708], [143.105188, 42.48277], [143.105211, 42.48286], [143.105256, 42.482962], [143.10534, 42.483046], [143.105423, 42.483102], [143.105621, 42.483181], [143.105841, 42.483237], [143.105978, 42.483237], [143.106319, 42.483187], [143.106418, 42.483198], [143.106699, 42.483355], [143.106828, 42.483457], [143.106927, 42.48349], [143.107018, 42.483502], [143.107109, 42.483462], [143.107162, 42.483417], [143.107167, 42.483408], [143.107208, 42.483333], [143.107246, 42.483299], [143.107307, 42.483265], [143.107355, 42.48325], [143.107383, 42.483249], [143.107512, 42.483282], [143.107724, 42.483299], [143.107815, 42.483265], [143.107906, 42.483159], [143.107906, 42.483001], [143.107846, 42.482855], [143.107846, 42.482765], [143.107899, 42.482714], [143.107975, 42.482714], [143.108058, 42.482737], [143.108096, 42.482759], [143.108264, 42.482759], [143.108347, 42.482714], [143.108506, 42.48263], [143.108605, 42.482517], [143.108621, 42.482405], [143.108674, 42.482286], [143.108901, 42.482073], [143.109008, 42.482028], [143.109175, 42.482005], [143.109494, 42.481949], [143.109744, 42.481943], [143.109889, 42.481977], [143.109988, 42.482045], [143.110063, 42.482112], [143.110329, 42.482439], [143.110413, 42.482562], [143.110579, 42.482731], [143.110731, 42.482872], [143.110861, 42.483035], [143.110967, 42.48313], [143.111111, 42.483187], [143.111218, 42.483181], [143.111286, 42.483153], [143.111369, 42.483114], [143.111597, 42.48304], [143.112007, 42.482984], [143.11222, 42.482979], [143.112304, 42.48299], [143.112402, 42.483029], [143.112645, 42.483204], [143.11282, 42.483288], [143.112941, 42.483327], [143.113184, 42.483327], [143.113427, 42.483367], [143.113708, 42.483367], [143.113959, 42.483305], [143.114286, 42.483266], [143.114377, 42.483243], [143.114582, 42.483119], [143.114582, 42.483108], [143.114711, 42.482979], [143.114939, 42.482742], [143.115189, 42.482529], [143.11528, 42.482478], [143.115493, 42.482388], [143.115613, 42.482383], [143.115637, 42.482382], [143.115873, 42.48241], [143.116063, 42.48245], [143.116192, 42.482523], [143.116283, 42.482596], [143.116374, 42.482697], [143.116434, 42.482849], [143.116442, 42.482962], [143.116313, 42.483209], [143.116328, 42.483254], [143.116488, 42.483395], [143.11667, 42.483497], [143.116852, 42.483536], [143.117019, 42.483513], [143.117133, 42.483468], [143.11727, 42.48339], [143.117483, 42.483232], [143.117612, 42.483164], [143.117741, 42.483159], [143.117801, 42.483176], [143.117946, 42.483181], [143.118113, 42.483159], [143.118364, 42.483153], [143.118561, 42.483209], [143.118811, 42.4833], [143.118925, 42.483322], [143.119092, 42.483333], [143.119221, 42.483311], [143.119305, 42.483266], [143.119343, 42.483193], [143.119389, 42.482928], [143.119419, 42.48236], [143.119442, 42.48227], [143.119488, 42.482202], [143.119579, 42.482129], [143.119639, 42.482124], [143.119738, 42.482135], [143.119814, 42.482163], [143.120125, 42.482388], [143.120231, 42.482427], [143.120353, 42.482433], [143.120406, 42.482422], [143.120588, 42.482422], [143.12071, 42.48245], [143.120809, 42.482506], [143.120862, 42.482557], [143.120862, 42.482647], [143.120748, 42.482832], [143.120763, 42.48286], [143.120831, 42.482922], [143.120938, 42.482984], [143.12109, 42.483024], [143.121204, 42.483018], [143.121318, 42.482993], [143.121728, 42.482993], [143.121804, 42.482953], [143.12194, 42.482824], [143.122183, 42.482644], [143.122365, 42.482571], [143.12257, 42.482515], [143.122958, 42.482419], [143.123049, 42.482369], [143.123117, 42.482301], [143.123117, 42.482003], [143.12314, 42.481958], [143.123193, 42.481901], [143.123322, 42.481817], [143.123436, 42.481783], [143.123535, 42.481783], [143.123664, 42.481806], [143.124158, 42.481958], [143.12437, 42.482059], [143.124993, 42.482492], [143.125236, 42.482655], [143.125456, 42.482819], [143.125828, 42.48306], [143.125927, 42.483094], [143.126193, 42.483156], [143.126492, 42.483186], [143.1266, 42.483199]]}, "properties": {"name": "ポン二の沢川", "system": "歴舟川水系", "river_code": "0100510000"}}, {"type": "Feature", "geometry": {"type": "LineString", "coordinates": [[143.064917, 42.467386], [143.065147, 42.468462], [143.065628, 42.46901], [143.066456, 42.469654], [143.067687, 42.470212], [143.068928, 42.470693], [143.069649, 42.470895], [143.070259, 42.471022], [143.071048, 42.470945], [143.07176, 42.470772], [143.07226, 42.470705], [143.07277, 42.470715], [143.073251, 42.47082], [143.074107, 42.47082], [143.074347, 42.470743], [143.074963, 42.470724], [143.076439, 42.47059], [143.077112, 42.470388], [143.077815, 42.470157], [143.078401, 42.469811], [143.079094, 42.469503], [143.079806, 42.469388], [143.080326, 42.469378], [143.080448, 42.469339], [143.080592, 42.469339], [143.080782, 42.469356], [143.080934, 42.469322], [143.080995, 42.4693], [143.081086, 42.469238], [143.081156, 42.46922], [143.081224, 42.469221], [143.081299, 42.469231], [143.081359, 42.469245], [143.081416, 42.469273], [143.081451, 42.469294], [143.081595, 42.46935], [143.081678, 42.469345], [143.081724, 42.469311], [143.081724, 42.469238], [143.081709, 42.469193], [143.081747, 42.469142], [143.081808, 42.469114], [143.082088, 42.469114], [143.082271, 42.469142], [143.082665, 42.46926], [143.082794, 42.46926], [143.082946, 42.46912], [143.083076, 42.469064], [143.083151, 42.469052], [143.083258, 42.469075], [143.083349, 42.469125], [143.083417, 42.46921], [143.083448, 42.469266], [143.083524, 42.469317], [143.083949, 42.469446], [143.084048, 42.469497], [143.084283, 42.469671], [143.084443, 42.469671], [143.084617, 42.469598], [143.084746, 42.46957], [143.084921, 42.469547], [143.085118, 42.469547], [143.085255, 42.469581], [143.085506, 42.469688], [143.085642, 42.469733], [143.085786, 42.469733], [143.085954, 42.469716], [143.086113, 42.469716], [143.086257, 42.46975], [143.086402, 42.469806], [143.086599, 42.469919], [143.086721, 42.469936], [143.086956, 42.469924], [143.08707, 42.469964], [143.087131, 42.470071], [143.087153, 42.470127], [143.087305, 42.470239], [143.087351, 42.470267], [143.087624, 42.470363], [143.087746, 42.470352], [143.087928, 42.470357], [143.088011, 42.470318], [143.088087, 42.470262], [143.088194, 42.470138], [143.08827, 42.470088], [143.088391, 42.470065], [143.088513, 42.470082], [143.088634, 42.470127], [143.088763, 42.470116], [143.088938, 42.470003], [143.089037, 42.469969], [143.089295, 42.469958], [143.089515, 42.469992], [143.089659, 42.47006], [143.089796, 42.470161], [143.089903, 42.4702], [143.090013, 42.4702], [143.090077, 42.4702], [143.090161, 42.470172], [143.090305, 42.470071], [143.090381, 42.470043], [143.090594, 42.470043], [143.090654, 42.470054], [143.090738, 42.470031], [143.090882, 42.46993], [143.090951, 42.469902], [143.091026, 42.469863], [143.091224, 42.469868], [143.091429, 42.469896], [143.09152, 42.469885], [143.091603, 42.469857], [143.09171, 42.469834], [143.091968, 42.469834], [143.092029, 42.469817], [143.09215, 42.469823], [143.092325, 42.469851], [143.092553, 42.46984], [143.092659, 42.469817], [143.092743, 42.469789], [143.092872, 42.469722], [143.093008, 42.469615], [143.093138, 42.469446], [143.093229, 42.469379], [143.093381, 42.469339], [143.093654, 42.469334], [143.093783, 42.469261], [143.094034, 42.469041], [143.09414, 42.4689], [143.094261, 42.468816], [143.094459, 42.46876], [143.094702, 42.468743], [143.094854, 42.468704], [143.09493, 42.468653], [143.095196, 42.468529], [143.095309, 42.468501], [143.095431, 42.468512], [143.095712, 42.468608], [143.095811, 42.468619], [143.095947, 42.468602], [143.096129, 42.468479], [143.096243, 42.468434], [143.096388, 42.468434], [143.096494, 42.468479], [143.096805, 42.468681], [143.096927, 42.468861], [143.096973, 42.469019], [143.097094, 42.469137], [143.097193, 42.469188], [143.097307, 42.46921], [143.097405, 42.469244], [143.097565, 42.469278], [143.097739, 42.469278], [143.097861, 42.469249], [143.098036, 42.469249], [143.098362, 42.469368], [143.09843, 42.469385], [143.098552, 42.469379], [143.098871, 42.469278], [143.099015, 42.469266], [143.099167, 42.4693], [143.099243, 42.469379], [143.099243, 42.469638], [143.099228, 42.469672], [143.099228, 42.469691], [143.099228, 42.469897], [143.099251, 42.469959], [143.099311, 42.470037], [143.099395, 42.470099], [143.099532, 42.470161], [143.099759, 42.470217], [143.099911, 42.470262], [143.100033, 42.470268], [143.100025, 42.470262], [143.100101, 42.470234], [143.100139, 42.470189], [143.100169, 42.470127], [143.10026, 42.47006], [143.100572, 42.469959], [143.100671, 42.469773], [143.100754, 42.469728], [143.100929, 42.469734], [143.101005, 42.469762], [143.101164, 42.46988], [143.101301, 42.470037], [143.1014, 42.470077], [143.101506, 42.470071], [143.10162, 42.469981], [143.101741, 42.469869], [143.101848, 42.469795], [143.101969, 42.46975], [143.102068, 42.469734], [143.102265, 42.469728], [143.102379, 42.4697], [143.102599, 42.469615], [143.102676, 42.469598], [143.102843, 42.46961], [143.103017, 42.469683], [143.103093, 42.469739], [143.103192, 42.469885], [143.103268, 42.470054], [143.103313, 42.47011], [143.103389, 42.47015], [143.103473, 42.470178], [143.103594, 42.470161], [143.103685, 42.470105], [143.103814, 42.469992], [143.104095, 42.469801], [143.104263, 42.469722], [143.104399, 42.469694], [143.104786, 42.469694], [143.105106, 42.4697], [143.105181, 42.469711], [143.105318, 42.469711], [143.105485, 42.469683], [143.105721, 42.469598], [143.105888, 42.469598], [143.106093, 42.469683], [143.106283, 42.469846], [143.106397, 42.46988], [143.106511, 42.469852], [143.106624, 42.469824], [143.10667, 42.469824], [143.106768, 42.469897], [143.106814, 42.469998], [143.106859, 42.470167], [143.106898, 42.470206], [143.106951, 42.470234], [143.106943, 42.470229], [143.107072, 42.47024], [143.107201, 42.4702], [143.107422, 42.470206], [143.107498, 42.470223], [143.107763, 42.470347], [143.107854, 42.470375], [143.108073, 42.470375], [143.108379, 42.470375], [143.10847, 42.470397], [143.108675, 42.47047], [143.108827, 42.470504], [143.1091, 42.470504], [143.109229, 42.470476], [143.109411, 42.470414], [143.109616, 42.47042], [143.109707, 42.470454], [143.109783, 42.47051], [143.109867, 42.470594], [143.110011, 42.470707], [143.110102, 42.470746], [143.110323, 42.470752], [143.110733, 42.470729], [143.11096, 42.470741], [143.11112, 42.470797], [143.111226, 42.470842], [143.111439, 42.470836], [143.11156, 42.470814], [143.111674, 42.47078], [143.111826, 42.470758], [143.111993, 42.470769], [143.112365, 42.470825], [143.112471, 42.470881], [143.112487, 42.470915], [143.112509, 42.471095], [143.11254, 42.47118], [143.112548, 42.471264], [143.112646, 42.471439], [143.11273, 42.471545], [143.112851, 42.47163], [143.112942, 42.471664], [143.113132, 42.471692], [143.113239, 42.471686], [143.11333, 42.47168], [143.11339, 42.471664], [143.113504, 42.471664], [143.113596, 42.471703], [143.113687, 42.471759], [143.113755, 42.471832], [143.113801, 42.471934], [143.11393, 42.472035], [143.114089, 42.472108], [143.114226, 42.472108], [143.114332, 42.472085], [143.114499, 42.472029], [143.114628, 42.472012], [143.11481, 42.472024], [143.115069, 42.472108], [143.115501, 42.472142], [143.115828, 42.472249], [143.116162, 42.472401], [143.11636, 42.472541], [143.116428, 42.472648], [143.116542, 42.473009], [143.116618, 42.473144], [143.116658, 42.473188], [143.116765, 42.473269]]}, "properties": {"name": "ポン三の沢川", "system": "歴舟川水系", "river_code": "0100510000"}}, {"type": "Feature", "geometry": {"type": "LineString", "coordinates": [[143.093676, 42.43592], [143.093861, 42.436396], [143.094161, 42.436795], [143.094699, 42.43727], [143.095561, 42.43777], [143.096886, 42.438345], [143.097849, 42.438633], [143.098374, 42.438707], [143.099111, 42.438695], [143.099961, 42.438633], [143.100599, 42.438657], [143.101111, 42.438745], [143.101897, 42.439083], [143.102556, 42.439506], [143.103058, 42.439867], [143.104251, 42.440479], [143.104988, 42.440761], [143.105756, 42.441012], [143.106572, 42.441231], [143.107061, 42.441431], [143.107314, 42.441607], [143.107446, 42.441783], [143.107591, 42.442006], [143.107576, 42.442225], [143.107545, 42.442389], [143.107393, 42.442675], [143.107226, 42.44294], [143.107173, 42.443075], [143.107158, 42.443176], [143.107113, 42.44334], [143.107029, 42.443514], [143.107029, 42.443553], [143.107014, 42.443565], [143.107021, 42.443739], [143.107204, 42.44415], [143.107333, 42.444622], [143.107363, 42.444724], [143.107484, 42.444926], [143.107545, 42.445039], [143.107606, 42.445185], [143.107621, 42.445269], [143.107682, 42.445438], [143.107765, 42.445511], [143.107818, 42.445539], [143.107894, 42.445562], [143.10794, 42.445624], [143.107948, 42.44572], [143.107796, 42.445979], [143.107781, 42.44604], [143.107811, 42.446147], [143.107917, 42.446271], [143.108092, 42.446451], [143.108213, 42.44667], [143.108251, 42.4468], [143.108365, 42.44703], [143.108494, 42.447171], [143.108547, 42.447317], [143.108676, 42.447509], [143.108699, 42.447593], [143.108699, 42.447807], [143.108669, 42.447965], [143.108669, 42.44819], [143.108699, 42.448257], [143.108729, 42.448392], [143.108692, 42.448831], [143.108722, 42.44909], [143.108714, 42.449624], [143.108669, 42.449832], [143.108676, 42.449979], [143.108775, 42.450238], [143.108767, 42.450311], [143.108737, 42.450378], [143.108658, 42.450463], [143.108463, 42.450671], [143.108365, 42.450795], [143.108266, 42.450964], [143.108228, 42.451166], [143.108228, 42.451425], [143.108289, 42.451667], [143.108281, 42.451824], [143.108243, 42.451937], [143.108243, 42.452049], [143.108281, 42.452117], [143.108365, 42.452179], [143.108615, 42.452274], [143.108691, 42.452331], [143.108775, 42.452432], [143.108798, 42.452511], [143.10879, 42.452713], [143.108653, 42.45295], [143.108539, 42.45309], [143.108539, 42.453192], [143.108608, 42.45336], [143.108851, 42.453709], [143.108926, 42.453771], [143.109078, 42.45399], [143.109124, 42.454109], [143.109116, 42.454266], [143.109094, 42.454339], [143.108888, 42.454643], [143.108843, 42.454744], [143.108835, 42.454795], [143.108737, 42.455003], [143.108653, 42.455127], [143.108516, 42.455251], [143.108364, 42.45538], [143.108311, 42.455476], [143.108319, 42.455634], [143.108395, 42.455977], [143.108387, 42.456264], [143.108304, 42.456438], [143.107901, 42.457001], [143.107734, 42.457338], [143.107734, 42.457502], [143.107871, 42.457805], [143.107946, 42.457895], [143.108159, 42.458075], [143.108235, 42.458199], [143.108235, 42.458261], [143.108121, 42.458469], [143.108104, 42.458514], [143.108083, 42.45857], [143.108068, 42.458717], [143.108098, 42.458852], [143.108182, 42.459026], [143.108197, 42.459161], [143.108192, 42.459265]]}, "properties": {"name": "ポン四の沢川", "system": "歴舟川水系", "river_code": "0100510000"}}, {"type": "Feature", "geometry": {"type": "LineString", "coordinates": [[143.08753, 42.431552], [143.087453, 42.432337], [143.087427, 42.432775], [143.087453, 42.433097], [143.087569, 42.433522], [143.087749, 42.434037], [143.087813, 42.434449], [143.087955, 42.434926], [143.088136, 42.435531], [143.088161, 42.436033], [143.08811, 42.436433], [143.087994, 42.436987], [143.088033, 42.43727], [143.088161, 42.437514], [143.089034, 42.438489], [143.089364, 42.438933], [143.089478, 42.43925], [143.08958, 42.439643], [143.089783, 42.440176], [143.090138, 42.440734], [143.090494, 42.441064], [143.091077, 42.441495], [143.091712, 42.441774], [143.092333, 42.44199], [143.092879, 42.442244], [143.093276, 42.442473], [143.09358, 42.442726], [143.093724, 42.442816], [143.094127, 42.443131], [143.09437, 42.443221], [143.094583, 42.443277], [143.094826, 42.443367], [143.095015, 42.443508], [143.095106, 42.443626], [143.095197, 42.443778], [143.095296, 42.443891], [143.095683, 42.444223], [143.096048, 42.444527], [143.096185, 42.444622], [143.096397, 42.444842], [143.096579, 42.445089], [143.096754, 42.445466], [143.096807, 42.445652], [143.096944, 42.446102], [143.097065, 42.446383], [143.097111, 42.446603], [143.097134, 42.446659], [143.097179, 42.44685], [143.097179, 42.447042], [143.097164, 42.447109], [143.097172, 42.4473], [143.09724, 42.447464], [143.097278, 42.447672], [143.097278, 42.447902], [143.097225, 42.448054], [143.097209, 42.448184], [143.097186, 42.44824], [143.097065, 42.448414], [143.096883, 42.448606], [143.096807, 42.448724], [143.096792, 42.448775], [143.096799, 42.44887], [143.096852, 42.448994], [143.09686, 42.449135], [143.096564, 42.44941], [143.096503, 42.449523], [143.09648, 42.449607], [143.096465, 42.449889], [143.096436, 42.44998], [143.096412, 42.450057], [143.096199, 42.45049], [143.096093, 42.450654], [143.095835, 42.451143], [143.095789, 42.451239], [143.095706, 42.451402], [143.095607, 42.451959], [143.095539, 42.452044], [143.09547, 42.452094], [143.095311, 42.452162], [143.095235, 42.452229], [143.095202, 42.452261], [143.095083, 42.452387], [143.094976, 42.45255], [143.094885, 42.452668], [143.094642, 42.452814], [143.094597, 42.452876], [143.094536, 42.453011], [143.094528, 42.453208], [143.094559, 42.453304], [143.094559, 42.453507], [143.094513, 42.453569], [143.094361, 42.453703], [143.094346, 42.453731], [143.094339, 42.453866], [143.094392, 42.453962], [143.094498, 42.454091], [143.094658, 42.454232], [143.094718, 42.454334], [143.094701, 42.454572], [143.094688, 42.454647]]}, "properties": {"name": "ポン五の沢川", "system": "歴舟川水系", "river_code": "0100510000"}}, {"type": "Feature", "geometry": {"type": "LineString", "coordinates": [[143.055489, 42.464337], [143.057164, 42.463958], [143.058129, 42.463558], [143.059328, 42.462993], [143.059611, 42.462924], [143.059907, 42.462855], [143.060931, 42.462523], [143.061393, 42.462357], [143.062165, 42.461861], [143.062392, 42.461606], [143.062751, 42.461241], [143.063233, 42.46089], [143.063736, 42.460683], [143.064622, 42.46044], [143.064912, 42.460233], [143.065249, 42.459723], [143.065628, 42.459172], [143.066443, 42.458376], [143.067374, 42.458045], [143.068015, 42.457783], [143.068876, 42.457613], [143.069225, 42.457545], [143.069377, 42.457523], [143.069514, 42.457478], [143.069628, 42.45741], [143.06981, 42.457185], [143.07, 42.457005], [143.07022, 42.456853], [143.070379, 42.45678], [143.070531, 42.45673], [143.070683, 42.456662], [143.070934, 42.456465], [143.070979, 42.45642], [143.071207, 42.456263], [143.071397, 42.45619], [143.071693, 42.456088], [143.071868, 42.455976], [143.072149, 42.455846], [143.072346, 42.455694], [143.072415, 42.455632], [143.072619, 42.455497], [143.072916, 42.45539], [143.07306, 42.455306], [143.073189, 42.455205], [143.073296, 42.455104], [143.073432, 42.455031], [143.073683, 42.45494], [143.073797, 42.454924], [143.074101, 42.454924], [143.074268, 42.454957], [143.074435, 42.454974], [143.074678, 42.454974], [143.074731, 42.454957], [143.074951, 42.454783], [143.075103, 42.454721], [143.075422, 42.454693], [143.075581, 42.454625], [143.075711, 42.454558], [143.07609, 42.454417], [143.076288, 42.454316], [143.076394, 42.454237], [143.076599, 42.454012], [143.07669, 42.453939], [143.076857, 42.453849], [143.077176, 42.453748], [143.07729, 42.453686], [143.077541, 42.453467], [143.077761, 42.453196], [143.077814, 42.453095], [143.077871, 42.453035], [143.077905, 42.452999], [143.078034, 42.452921], [143.078285, 42.45287], [143.078482, 42.452814], [143.078627, 42.452735], [143.078816, 42.452555], [143.079029, 42.452415], [143.07909, 42.452313], [143.07909, 42.452111], [143.079044, 42.451891], [143.078961, 42.45166], [143.07909, 42.45139], [143.079114, 42.451339]]}, "properties": {"name": "ポン六の沢川", "system": "歴舟川水系", "river_code": "0100510000"}}, {"type": "Feature", "geometry": {"type": "LineString", "coordinates": [[143.081771, 42.422174], [143.08045, 42.424432], [143.078513, 42.428134], [143.078087, 42.429156], [143.077921, 42.429796], [143.077838, 42.430471], [143.077826, 42.431253], [143.07785, 42.43194], [143.077962, 42.432761], [143.077995, 42.433431], [143.077864, 42.434167], [143.077758, 42.435328], [143.077717, 42.43635], [143.077747, 42.43653], [143.077717, 42.436626], [143.077648, 42.436789], [143.077633, 42.436896], [143.07758, 42.43697], [143.077466, 42.437048], [143.077398, 42.437127], [143.077238, 42.437459], [143.077223, 42.43747], [143.077139, 42.437757], [143.077048, 42.437932], [143.07698, 42.438089], [143.076889, 42.438241], [143.076859, 42.438382], [143.076866, 42.438505], [143.076904, 42.438742], [143.076972, 42.439001], [143.077025, 42.439085], [143.077018, 42.43922], [143.076957, 42.439372], [143.07698, 42.439485], [143.07698, 42.439659], [143.076972, 42.439727], [143.076881, 42.439918], [143.076866, 42.43998], [143.076927, 42.44016], [143.076927, 42.440278], [143.076858, 42.440435], [143.076737, 42.440616], [143.076653, 42.440795], [143.076638, 42.440863], [143.076638, 42.441144], [143.076676, 42.441465], [143.076775, 42.441825], [143.076866, 42.442022], [143.076873, 42.442208], [143.076812, 42.442444], [143.076706, 42.442619], [143.076357, 42.443046], [143.07622, 42.44317], [143.076007, 42.443299], [143.075947, 42.443378], [143.075939, 42.443614], [143.076, 42.443783], [143.076038, 42.443963], [143.076038, 42.444132], [143.076015, 42.444256], [143.075848, 42.44461], [143.07581, 42.444768], [143.07581, 42.444781], [143.07581, 42.445055], [143.07584, 42.445151], [143.075863, 42.445285], [143.075977, 42.445662], [143.076, 42.445972], [143.076068, 42.446062], [143.076417, 42.446417], [143.076569, 42.446585], [143.076638, 42.446687], [143.076736, 42.446895], [143.076881, 42.447142], [143.077063, 42.447379], [143.077108, 42.447463], [143.077306, 42.447739], [143.077336, 42.447907], [143.077329, 42.448025], [143.077238, 42.448363], [143.077116, 42.448571], [143.076903, 42.449039], [143.076812, 42.449303], [143.076797, 42.449494], [143.076766, 42.449562], [143.076728, 42.449708], [143.076637, 42.449899], [143.076895, 42.449995], [143.077108, 42.450119], [143.077214, 42.45022], [143.077268, 42.45031], [143.077381, 42.450591], [143.077533, 42.450861], [143.077632, 42.450968], [143.077776, 42.451081], [143.077822, 42.451104], [143.077879, 42.451148], [143.077919, 42.451239]]}, "properties": {"name": "ポン七の沢川", "system": "歴舟川水系", "river_code": "0100510000"}}, {"type": "Feature", "geometry": {"type": "LineString", "coordinates": [[143.066432, 42.427381], [143.06648, 42.428431], [143.066518, 42.429135], [143.066681, 42.429525], [143.066933, 42.429953], [143.067273, 42.430356], [143.067525, 42.431035], [143.067801, 42.431702], [143.068028, 42.43218], [143.068091, 42.432683], [143.068116, 42.433124], [143.068317, 42.433715], [143.068468, 42.434143], [143.068603, 42.434761], [143.068575, 42.435226], [143.068408, 42.435753], [143.068117, 42.43642], [143.068047, 42.43692], [143.068089, 42.437586], [143.068118, 42.438157], [143.068103, 42.438365], [143.068133, 42.438573], [143.068171, 42.438719], [143.068171, 42.438877], [143.068064, 42.439141], [143.067943, 42.439327], [143.067806, 42.439518], [143.067708, 42.439631], [143.067541, 42.439732], [143.06729, 42.439805], [143.066834, 42.439867], [143.06672, 42.439878], [143.066424, 42.439963], [143.066219, 42.440047], [143.06612, 42.440109], [143.066006, 42.440221], [143.0659, 42.440345], [143.065778, 42.440418], [143.065452, 42.440536], [143.065323, 42.440564], [143.065216, 42.440604], [143.06511, 42.440683], [143.06508, 42.440739], [143.06508, 42.441015], [143.065103, 42.44111], [143.065095, 42.441324], [143.064928, 42.441707], [143.064844, 42.441802], [143.06473, 42.441892], [143.064654, 42.442005], [143.064571, 42.442235], [143.064525, 42.44259], [143.064457, 42.442731], [143.064389, 42.442764], [143.064252, 42.442764], [143.0641, 42.442708], [143.063857, 42.442657], [143.063743, 42.44268], [143.063591, 42.442759], [143.06347, 42.443085], [143.06347, 42.443232], [143.06369, 42.443564], [143.063743, 42.443631], [143.063736, 42.44371], [143.063682, 42.4438], [143.06369, 42.443805], [143.063622, 42.443867], [143.063546, 42.443985], [143.063432, 42.444137], [143.063356, 42.444278], [143.063318, 42.444435], [143.063318, 42.44457], [143.063359, 42.444666], [143.063401, 42.444762], [143.06347, 42.444902], [143.063599, 42.445071], [143.063713, 42.445234], [143.063751, 42.445302], [143.063842, 42.445415], [143.064214, 42.445735], [143.06429, 42.445837], [143.064335, 42.445972], [143.064366, 42.446135], [143.064449, 42.446394], [143.064525, 42.446517], [143.064662, 42.446619], [143.064996, 42.446765], [143.065102, 42.446832], [143.065133, 42.446849], [143.065231, 42.446956], [143.0653, 42.447108], [143.065338, 42.447164], [143.065452, 42.447254], [143.065679, 42.44735], [143.065709, 42.447372], [143.065982, 42.447602], [143.066009, 42.447672], [143.066012, 42.447729], [143.065979, 42.447799], [143.065955, 42.447853], [143.065955, 42.447903], [143.065989, 42.447933], [143.066069, 42.447984], [143.066185, 42.448052]]}, "properties": {"name": "ポン八の沢川", "system": "歴舟川水系", "river_code": "0100510000"}}, {"type": "Feature", "geometry": {"type": "LineString", "coordinates": [[143.055617, 42.455199], [143.055875, 42.455103], [143.056034, 42.455013], [143.056255, 42.454895], [143.056543, 42.454799], [143.056665, 42.45472], [143.056748, 42.454608], [143.056756, 42.454563], [143.056764, 42.454467], [143.056726, 42.454299], [143.056794, 42.454164], [143.056961, 42.453961], [143.057121, 42.453618], [143.05725, 42.453454], [143.057318, 42.453409], [143.057478, 42.453264], [143.057538, 42.453196], [143.057857, 42.452734], [143.057964, 42.452414], [143.057956, 42.452329], [143.057895, 42.4522], [143.057865, 42.45216], [143.057827, 42.452065], [143.057796, 42.45193], [143.057781, 42.451722], [143.057759, 42.451654], [143.057683, 42.451553], [143.057629, 42.451429], [143.057614, 42.451064], [143.057561, 42.450962], [143.057379, 42.450765], [143.057257, 42.450602], [143.057219, 42.450484], [143.057234, 42.450287], [143.05728, 42.450185], [143.057409, 42.449775], [143.057447, 42.44955], [143.0575, 42.44942], [143.057675, 42.449212], [143.057789, 42.449134], [143.057918, 42.449077], [143.058039, 42.449038], [143.058146, 42.44897], [143.058229, 42.448835], [143.058305, 42.44861], [143.058389, 42.448413], [143.058465, 42.44834], [143.058548, 42.448278], [143.058799, 42.448126], [143.059057, 42.448036], [143.059308, 42.44798], [143.059401, 42.447964], [143.059467, 42.447952], [143.059619, 42.447856], [143.05971, 42.44776], [143.059832, 42.447581], [143.059961, 42.447451], [143.060083, 42.447384], [143.060234, 42.447327], [143.060363, 42.447271], [143.060555, 42.447138], [143.060591, 42.447104]]}, "properties": {"name": null, "system": "歴舟川水系", "river_code": "0100510000"}}, {"type": "Feature", "geometry": {"type": "LineString", "coordinates": [[143.041546, 42.462823], [143.042421, 42.461948], [143.042968, 42.461201], [143.043424, 42.460327], [143.043515, 42.459926], [143.043533, 42.459252], [143.043442, 42.458705], [143.043406, 42.458359], [143.04346, 42.457812], [143.043643, 42.457284], [143.043952, 42.456646], [143.044317, 42.456136], [143.044609, 42.455662], [143.044773, 42.455115], [143.044791, 42.454605], [143.044445, 42.454059], [143.044299, 42.453603], [143.044263, 42.45323], [143.044317, 42.452993], [143.044309, 42.452841], [143.044378, 42.452374], [143.044401, 42.452222], [143.044416, 42.452188], [143.044424, 42.452098], [143.044439, 42.452075], [143.044461, 42.45198], [143.044515, 42.451862], [143.044553, 42.451665], [143.044522, 42.45158], [143.044515, 42.451457], [143.044568, 42.451333], [143.044606, 42.451209], [143.044826, 42.45086], [143.044864, 42.450776], [143.044887, 42.450635], [143.044925, 42.450579], [143.045001, 42.450517], [143.04532, 42.450286], [143.045517, 42.450168], [143.045798, 42.450027], [143.046034, 42.449864], [143.04614, 42.449763], [143.046261, 42.4496], [143.046375, 42.449521], [143.046793, 42.449347], [143.04696, 42.449302], [143.047188, 42.449268], [143.047378, 42.449229], [143.047628, 42.449161], [143.04775, 42.449105], [143.047841, 42.449026], [143.047902, 42.448936], [143.047932, 42.448784], [143.04797, 42.4487], [143.048023, 42.448615], [143.048114, 42.448537], [143.048228, 42.448464], [143.048358, 42.448424], [143.048555, 42.448424], [143.048646, 42.448435], [143.048912, 42.448424], [143.049033, 42.44839], [143.049102, 42.44834], [143.049185, 42.448233], [143.049216, 42.448154], [143.04933, 42.447935], [143.049687, 42.447608], [143.049755, 42.447507], [143.049884, 42.44722], [143.04996, 42.447158], [143.050332, 42.447012], [143.050506, 42.446894], [143.050654, 42.446648], [143.050666, 42.446629], [143.050727, 42.446382], [143.050742, 42.446129], [143.050811, 42.446027], [143.05094, 42.445926], [143.051122, 42.445847], [143.051236, 42.445774], [143.051296, 42.445712], [143.051395, 42.445482], [143.051501, 42.445347], [143.051532, 42.445245], [143.051593, 42.445144], [143.051699, 42.445048], [143.052117, 42.444789], [143.052223, 42.444734], [143.052428, 42.444615], [143.052534, 42.444576], [143.052793, 42.44457], [143.052853, 42.444553], [143.052914, 42.444503], [143.052982, 42.444407], [143.05302, 42.444221], [143.053066, 42.44412], [143.053149, 42.444024], [143.053256, 42.443951], [143.0534, 42.443895], [143.053575, 42.443895], [143.053666, 42.443912], [143.053909, 42.443923], [143.054547, 42.443912], [143.054729, 42.443895], [143.055048, 42.443889], [143.055169, 42.443951], [143.055344, 42.444148], [143.055496, 42.444244], [143.05564, 42.444283], [143.055861, 42.444289], [143.055982, 42.444306], [143.056187, 42.444311], [143.056453, 42.444345], [143.057114, 42.444435], [143.057387, 42.444435], [143.057523, 42.444413], [143.057804, 42.444312], [143.05807, 42.444165], [143.058382, 42.444014], [143.058632, 42.444008], [143.058693, 42.443985], [143.058948, 42.443959], [143.059058, 42.443952], [143.059149, 42.443957], [143.059388, 42.444048], [143.059665, 42.444154], [143.060014, 42.44425], [143.06023, 42.444247], [143.060309, 42.444245]]}, "properties": {"name": "ポン九の沢川", "system": "歴舟川水系", "river_code": "0100510000"}}, {"type": "Feature", "geometry": {"type": "LineString", "coordinates": [[142.999269, 42.403038], [142.999269, 42.402925], [142.999292, 42.402807], [142.999368, 42.402605], [142.999368, 42.402436], [142.999208, 42.402053], [142.998761, 42.401715], [142.998693, 42.401642], [142.998647, 42.401558], [142.998624, 42.401384], [142.998594, 42.401322], [142.998503, 42.401215], [142.998488, 42.401119], [142.998503, 42.401063], [142.998503, 42.400922], [142.998481, 42.400894], [142.998321, 42.400731], [142.998185, 42.400489], [142.998154, 42.400467], [142.998086, 42.400439], [142.997957, 42.400422], [142.997821, 42.400382], [142.997699, 42.400287], [142.997593, 42.400174], [142.997533, 42.400045], [142.99751, 42.399904], [142.997616, 42.399572], [142.997624, 42.399369], [142.997563, 42.399229], [142.997502, 42.399172], [142.997464, 42.399155], [142.997351, 42.399155], [142.997252, 42.3992], [142.997153, 42.3992], [142.997063, 42.399172], [142.996949, 42.399077], [142.996911, 42.399015], [142.996911, 42.39888], [142.996987, 42.398756], [142.997055, 42.398694], [142.997351, 42.398452], [142.997533, 42.398312], [142.997646, 42.398261], [142.997715, 42.398216]]}, "properties": {"name": null, "system": "歴舟川水系", "river_code": "0100510000"}}, {"type": "Feature", "geometry": {"type": "LineString", "coordinates": [[142.996985, 42.435098], [142.997145, 42.435143], [142.997153, 42.435138], [142.997289, 42.43516], [142.997388, 42.43516], [142.997539, 42.435138], [142.998026, 42.435121], [142.998193, 42.435127], [142.998512, 42.4352], [142.998724, 42.43525], [142.998831, 42.43525], [142.999058, 42.4352], [142.99918, 42.435149], [142.999499, 42.434947], [143.000023, 42.434564], [143.000258, 42.434384], [143.000433, 42.434299], [143.000547, 42.434266], [143.001101, 42.434029], [143.001413, 42.433923], [143.001716, 42.433844], [143.002172, 42.433692], [143.002286, 42.433641], [143.002719, 42.433495], [143.002954, 42.433416], [143.003326, 42.433343], [143.003554, 42.433304], [143.003828, 42.433292], [143.004488, 42.433281], [143.004769, 42.433304], [143.005043, 42.433337], [143.005248, 42.433337], [143.005384, 42.433287], [143.005461, 42.433258], [143.005495, 42.433228]]}, "properties": {"name": null, "system": "歴舟川水系", "river_code": "0100510000"}}, {"type": "Feature", "geometry": {"type": "LineString", "coordinates": [[142.991549, 42.41954], [142.991686, 42.419636], [142.991914, 42.419754], [142.992028, 42.419799], [142.992316, 42.419855], [142.99246, 42.419867], [142.992559, 42.4199], [142.992696, 42.420007], [142.992734, 42.420052], [142.992749, 42.420126], [142.992734, 42.420204], [142.992521, 42.420441], [142.992415, 42.420615], [142.9924, 42.42066], [142.992384, 42.42093], [142.992248, 42.421161], [142.99224, 42.42124], [142.992316, 42.42133], [142.992392, 42.421403], [142.992749, 42.421611], [142.992825, 42.421679], [142.992825, 42.421769], [142.992779, 42.421887], [142.992764, 42.422011], [142.992764, 42.422236], [142.992901, 42.422607], [142.992885, 42.422714], [142.992771, 42.42299], [142.992779, 42.423142], [142.992832, 42.423277], [142.992809, 42.423384], [142.992627, 42.423626]]}, "properties": {"name": null, "system": "歴舟川水系", "river_code": "0100510000"}}, {"type": "Feature", "geometry": {"type": "LineString", "coordinates": [[143.01171, 42.528442], [143.012578, 42.528276], [143.013195, 42.528093], [143.013771, 42.527854], [143.014288, 42.527627], [143.014941, 42.52725], [143.015557, 42.526837], [143.016028, 42.526431], [143.016471, 42.526064], [143.017246, 42.525707], [143.017895, 42.525379], [143.018414, 42.525152], [143.018789, 42.52494], [143.019486, 42.524705], [143.020172, 42.524584], [143.020804, 42.524592], [143.021411, 42.524595], [143.021845, 42.524733], [143.022344, 42.525175], [143.022648, 42.525325], [143.023049, 42.525378], [143.023427, 42.525378], [143.023887, 42.525272], [143.024333, 42.525179], [143.024495, 42.525183], [143.024803, 42.525333], [143.025115, 42.525653], [143.025229, 42.525771], [143.025381, 42.525985], [143.025442, 42.526165], [143.025526, 42.526266], [143.02564, 42.526357], [143.025883, 42.526464], [143.026013, 42.526548], [143.026203, 42.526767], [143.02621, 42.526818], [143.02618, 42.526897], [143.02618, 42.526981], [143.026218, 42.527043], [143.026339, 42.52715], [143.026415, 42.527189], [143.026644, 42.52733], [143.026887, 42.527442], [143.027039, 42.527499], [143.027358, 42.527504], [143.027412, 42.527527], [143.027579, 42.527656], [143.027693, 42.527847], [143.027822, 42.528151], [143.027891, 42.528258], [143.028362, 42.528607], [143.028484, 42.528731], [143.028727, 42.528934], [143.028871, 42.528984], [143.028963, 42.529035], [143.029168, 42.529215], [143.029488, 42.529434], [143.029738, 42.52958], [143.030012, 42.529727], [143.030065, 42.529738], [143.030392, 42.529946], [143.030537, 42.530025], [143.030818, 42.530143], [143.031251, 42.530245], [143.031373, 42.530284], [143.031799, 42.530402], [143.032248, 42.530543], [143.032521, 42.530672], [143.032788, 42.530807], [143.033008, 42.531032], [143.033145, 42.531111], [143.033226, 42.53113], [143.033244, 42.531134], [143.033487, 42.531134], [143.033746, 42.531094], [143.033791, 42.531083], [143.033966, 42.53106], [143.034156, 42.531049], [143.034445, 42.531049], [143.034582, 42.531083], [143.034787, 42.531089], [143.034901, 42.531077], [143.035031, 42.531094], [143.035319, 42.531094], [143.035593, 42.531004], [143.036004, 42.530999], [143.036103, 42.53097], [143.036354, 42.53083], [143.036529, 42.530757], [143.036711, 42.530729], [143.036886, 42.530723], [143.037183, 42.53074], [143.037304, 42.530712], [143.037479, 42.530672], [143.037685, 42.530667], [143.037821, 42.530701], [143.038004, 42.530695], [143.038331, 42.530695], [143.038437, 42.530667], [143.038703, 42.530566], [143.038886, 42.53047], [143.038985, 42.530425], [143.039167, 42.53038], [143.039281, 42.530335], [143.039532, 42.530172], [143.039669, 42.530166], [143.039776, 42.530211], [143.039966, 42.530329], [143.04011, 42.530385], [143.040179, 42.530391], [143.040453, 42.530307], [143.040734, 42.530307], [143.040825, 42.530324], [143.041175, 42.530363], [143.041426, 42.530425], [143.041867, 42.530622], [143.042004, 42.530701], [143.042445, 42.530875], [143.042635, 42.530971], [143.042779, 42.53101], [143.043083, 42.531016], [143.043258, 42.531112], [143.043479, 42.531297], [143.043515, 42.531357], [143.043654, 42.531584], [143.043745, 42.531618], [143.043851, 42.531607], [143.043973, 42.531562], [143.044019, 42.531534], [143.044118, 42.531506], [143.044285, 42.531494], [143.044444, 42.531517], [143.044551, 42.531556], [143.044596, 42.531601], [143.044604, 42.531714], [143.044551, 42.531843], [143.044551, 42.531961], [143.044596, 42.532051], [143.044817, 42.53222], [143.044848, 42.532287], [143.044863, 42.532546], [143.044908, 42.532682], [143.045014, 42.532929], [143.045091, 42.533047], [143.045296, 42.533255], [143.04541, 42.53343], [143.045615, 42.533751], [143.045851, 42.533908], [143.046307, 42.53424], [143.046687, 42.534544], [143.047136, 42.535005], [143.047334, 42.535298], [143.047448, 42.535551], [143.047455, 42.535602], [143.047471, 42.535816], [143.047539, 42.535967], [143.047843, 42.536429], [143.047911, 42.536598], [143.047919, 42.536857], [143.047972, 42.53698], [143.048094, 42.537104], [143.048269, 42.537307], [143.048375, 42.537397], [143.04871, 42.537627], [143.04906, 42.537779], [143.049212, 42.537875], [143.049334, 42.537971], [143.049416, 42.538085], [143.049455, 42.53814], [143.049493, 42.538292], [143.049516, 42.538455], [143.049546, 42.538562], [143.049698, 42.538742], [143.049729, 42.538843], [143.049744, 42.539085], [143.049782, 42.539242], [143.04982, 42.53931], [143.049881, 42.539394], [143.049987, 42.539495], [143.050162, 42.539608], [143.050253, 42.539642], [143.050474, 42.539743], [143.050596, 42.539839], [143.050664, 42.539929], [143.050733, 42.540064], [143.050892, 42.540373], [143.050907, 42.54043], [143.051067, 42.540694], [143.051082, 42.540721], [143.051106, 42.540764]]}, "properties": {"name": "パンヤオロマップ川", "system": "歴舟川水系", "river_code": "0100510000"}}, {"type": "Feature", "geometry": {"type": "LineString", "coordinates": [[143.001155, 42.526485], [143.000965, 42.526812], [143.00079, 42.526958], [143.000638, 42.527048], [143.000288, 42.527273], [143.000212, 42.527385], [143.000166, 42.527565], [143.000029, 42.527768], [143.000014, 42.527819], [143.000029, 42.527909], [143.000029, 42.528015], [142.999915, 42.528207], [142.999808, 42.528471], [142.999725, 42.528595], [142.999603, 42.528713], [142.999436, 42.528843], [142.999284, 42.528944], [142.999078, 42.52904], [142.998866, 42.529197], [142.998736, 42.529355], [142.998607, 42.529585], [142.998584, 42.529686], [142.998599, 42.529788], [142.998698, 42.529973], [142.99882, 42.530137], [142.999063, 42.530345], [142.999109, 42.530429], [142.999139, 42.530862], [142.99917, 42.530975], [142.999215, 42.531042], [142.999314, 42.531088], [142.999368, 42.531161], [142.999383, 42.531211], [142.999382, 42.53178], [142.999405, 42.531887], [142.999413, 42.532123], [142.999344, 42.532264], [142.999306, 42.532303], [142.999261, 42.532376], [142.999261, 42.532584], [142.999299, 42.532708], [142.999306, 42.533079], [142.999283, 42.533209], [142.999086, 42.533541], [142.99901, 42.533743], [142.998896, 42.53398], [142.998766, 42.534104], [142.998622, 42.534267], [142.998579, 42.53433], [142.998485, 42.534469], [142.998432, 42.53461], [142.998401, 42.534981], [142.998363, 42.535127], [142.998393, 42.535229], [142.99853, 42.535347], [142.998683, 42.535487], [142.998789, 42.535634], [142.998804, 42.535696], [142.998796, 42.535926], [142.99888, 42.536146], [142.998903, 42.536222], [142.99893, 42.536311]]}, "properties": {"name": null, "system": "歴舟川水系", "river_code": "0100510000"}}, {"type": "Feature", "geometry": {"type": "LineString", "coordinates": [[142.967255, 42.512896], [142.967271, 42.512989], [142.967283, 42.51303], [142.967377, 42.513104], [142.967468, 42.513132], [142.968107, 42.513143], [142.968251, 42.51316], [142.968365, 42.5132], [142.968632, 42.513346], [142.968829, 42.513515], [142.968981, 42.513684], [142.969179, 42.513925], [142.969384, 42.514184], [142.969666, 42.514471], [142.969818, 42.514572], [142.969978, 42.514634], [142.970145, 42.514764], [142.970312, 42.514888], [142.970898, 42.515254], [142.971042, 42.515377], [142.971057, 42.515439], [142.971042, 42.515456], [142.971042, 42.515495], [142.970989, 42.515692], [142.97092, 42.515884], [142.970844, 42.51603], [142.970768, 42.516142], [142.970449, 42.516469], [142.970373, 42.516677], [142.970266, 42.516846], [142.97016, 42.516913], [142.970091, 42.516936], [142.969969, 42.516992], [142.969802, 42.517116], [142.969703, 42.517262], [142.969293, 42.517841], [142.969239, 42.517988], [142.969232, 42.518185], [142.9693, 42.518382], [142.96965, 42.519096], [142.969688, 42.519237], [142.969711, 42.519473], [142.969764, 42.519664], [142.969794, 42.519772], [142.969893, 42.520014], [142.969892, 42.520047]]}, "properties": {"name": null, "system": "歴舟川水系", "river_code": "0100510000"}}, {"type": "Feature", "geometry": {"type": "LineString", "coordinates": [[142.959299, 42.528582], [142.959558, 42.528335], [142.959588, 42.528262], [142.959604, 42.527997], [142.959626, 42.527913], [142.95968, 42.527851], [142.959809, 42.527778], [142.959862, 42.527721], [142.960037, 42.527362], [142.960052, 42.527249], [142.960022, 42.527148], [142.959961, 42.527018], [142.959885, 42.526849], [142.959854, 42.526714], [142.959839, 42.526495], [142.95987, 42.526163], [142.95987, 42.525623], [142.959809, 42.525364], [142.959824, 42.525195], [142.959915, 42.525032], [142.959984, 42.524998], [142.960037, 42.524987], [142.960349, 42.524869], [142.960531, 42.524779], [142.960759, 42.524548], [142.960957, 42.524233], [142.960957, 42.52416], [142.960843, 42.52398], [142.960798, 42.523828], [142.960806, 42.52367]]}, "properties": {"name": null, "system": "歴舟川水系", "river_code": "0100510000"}}, {"type": "Feature", "geometry": {"type": "LineString", "coordinates": [[143.106439, 42.501394], [143.106523, 42.501406], [143.106652, 42.501501], [143.106811, 42.501738], [143.106872, 42.501805], [143.106948, 42.501912], [143.107054, 42.501985], [143.107472, 42.50216], [143.107639, 42.50221], [143.10789, 42.502317], [143.107966, 42.50238], [143.108218, 42.50257], [143.108254, 42.502594], [143.108366, 42.502655], [143.108427, 42.502683], [143.108533, 42.502722], [143.10864, 42.502722], [143.108952, 42.502627], [143.109096, 42.502627], [143.109363, 42.502694], [143.109766, 42.5027], [143.109963, 42.502739], [143.110077, 42.50279], [143.110176, 42.502857], [143.110366, 42.502919], [143.110655, 42.502976], [143.110815, 42.503043], [143.110898, 42.503099], [143.111073, 42.503257], [143.111104, 42.50328], [143.111225, 42.503325], [143.111476, 42.503319], [143.111651, 42.503296], [143.112001, 42.503296], [143.112328, 42.503358], [143.112609, 42.503431], [143.112815, 42.503538], [143.112868, 42.503567], [143.112929, 42.503583], [143.113096, 42.503578], [143.113674, 42.503285], [143.113833, 42.503251], [143.11397, 42.503251], [143.114092, 42.503285], [143.114229, 42.50333], [143.114396, 42.503403], [143.114579, 42.503516], [143.114655, 42.503533], [143.114792, 42.503544], [143.114913, 42.503499], [143.115096, 42.503375], [143.115225, 42.50333], [143.115469, 42.503336], [143.115621, 42.50337], [143.115902, 42.503538], [143.116084, 42.503617], [143.116221, 42.50364], [143.116457, 42.503662], [143.116829, 42.503724], [143.117065, 42.503719], [143.117233, 42.50369], [143.117354, 42.50369], [143.117423, 42.503747], [143.117438, 42.503887], [143.117491, 42.504], [143.117598, 42.504107], [143.11775, 42.504135], [143.117902, 42.50414], [143.118153, 42.504124], [143.118168, 42.504124], [143.118252, 42.504124], [143.118479, 42.504107], [143.118609, 42.504112], [143.118708, 42.50414], [143.118814, 42.504191], [143.118898, 42.504242], [143.118989, 42.504281], [143.119194, 42.504343], [143.119308, 42.50436], [143.119468, 42.50436], [143.119673, 42.504315], [143.119886, 42.504253], [143.120046, 42.504191], [143.120487, 42.504017], [143.121202, 42.503873], [143.12124, 42.503865], [143.121415, 42.503842], [143.121803, 42.503707], [143.121939, 42.503707], [143.122038, 42.503769], [143.122069, 42.50391], [143.122114, 42.503955], [143.12219, 42.503983], [143.122487, 42.503989], [143.122707, 42.504005], [143.12289, 42.50405], [143.123323, 42.504129], [143.123407, 42.504157], [143.124121, 42.504405], [143.12438, 42.504518], [143.124798, 42.504732], [143.124912, 42.504816], [143.125156, 42.505052], [143.125224, 42.505142], [143.125726, 42.505834], [143.125824, 42.505935], [143.125931, 42.50598], [143.126235, 42.505986], [143.126288, 42.506009], [143.126342, 42.506065], [143.126403, 42.506211], [143.126539, 42.506504], [143.126623, 42.506633], [143.126752, 42.506684], [143.126996, 42.506678], [143.127315, 42.506661], [143.127794, 42.506672], [143.127961, 42.506729], [143.12809, 42.506807], [143.128197, 42.506903], [143.128471, 42.507207], [143.1286, 42.50728], [143.128775, 42.507353], [143.128942, 42.507404], [143.129611, 42.507404], [143.129946, 42.507426], [143.130166, 42.507454], [143.130402, 42.507483], [143.130645, 42.50755], [143.130873, 42.507629], [143.130911, 42.507652], [143.130972, 42.507674], [143.131231, 42.507764], [143.131269, 42.50777], [143.131634, 42.50777], [143.131976, 42.50773], [143.132143, 42.50773], [143.132257, 42.507781], [143.132448, 42.507899], [143.132873, 42.508214], [143.133124, 42.508372], [143.133322, 42.508462], [143.133527, 42.508529], [143.133694, 42.508529], [143.133748, 42.508512], [143.134029, 42.50836], [143.134318, 42.508107], [143.134546, 42.508], [143.134766, 42.507944], [143.134888, 42.507933]]}, "properties": {"name": null, "system": "歴舟川水系", "river_code": "0100510000"}}, {"type": "Feature", "geometry": {"type": "LineString", "coordinates": [[143.118931, 42.514297], [143.119049, 42.51437], [143.119363, 42.514559], [143.119798, 42.514738], [143.120038, 42.514786], [143.120278, 42.514761], [143.120537, 42.514725], [143.120631, 42.514739], [143.120769, 42.514777], [143.120864, 42.51477], [143.120916, 42.514742], [143.120989, 42.514643], [143.121076, 42.514611], [143.121149, 42.514611], [143.121201, 42.514624], [143.121268, 42.514639], [143.121368, 42.514697], [143.121528, 42.514819], [143.121612, 42.514859], [143.121756, 42.514875], [143.122167, 42.514859], [143.122243, 42.51487], [143.122402, 42.514932], [143.122532, 42.515027], [143.122608, 42.5151], [143.122699, 42.515252], [143.122729, 42.515337], [143.12295, 42.515719], [143.123186, 42.515989], [143.123284, 42.516046], [143.123277, 42.51604], [143.123368, 42.516051], [143.123444, 42.516034], [143.123604, 42.515955], [143.123718, 42.515955], [143.123763, 42.515978], [143.123816, 42.515989], [143.124022, 42.516096], [143.12409, 42.516197], [143.124098, 42.516361], [143.124044, 42.516676], [143.123991, 42.516822], [143.123961, 42.517475], [143.124022, 42.517666], [143.124143, 42.517987], [143.124265, 42.518229], [143.124425, 42.518493], [143.124493, 42.518662], [143.124493, 42.518921], [143.124478, 42.519005], [143.124478, 42.519196], [143.124539, 42.519337], [143.124676, 42.519551], [143.125079, 42.520108], [143.125307, 42.520333], [143.125542, 42.520642], [143.125694, 42.520879], [143.125778, 42.520974], [143.125869, 42.521036], [143.126074, 42.521104], [143.126158, 42.521154], [143.126196, 42.5212], [143.12628, 42.521346], [143.126281, 42.521404], [143.126287, 42.52179], [143.126325, 42.521914], [143.126393, 42.522079], [143.12653, 42.522739], [143.126556, 42.522801], [143.126622, 42.522848], [143.126736, 42.52291], [143.126774, 42.52296], [143.126796, 42.523039], [143.126804, 42.52327], [143.126834, 42.523399], [143.126857, 42.52354], [143.126911, 42.523776], [143.126964, 42.523917], [143.12704, 42.524018], [143.127146, 42.524091], [143.127298, 42.52417], [143.127344, 42.52421], [143.127367, 42.5243], [143.127283, 42.524395], [143.127154, 42.524508], [143.127139, 42.524564], [143.127215, 42.524637], [143.127352, 42.524744], [143.12742, 42.524834], [143.127435, 42.524879], [143.127374, 42.524963], [143.127283, 42.525042], [143.127222, 42.52516], [143.127177, 42.525262], [143.127177, 42.525481], [143.127101, 42.525605], [143.127078, 42.525678], [143.127184, 42.525864], [143.127192, 42.525959], [143.127131, 42.526398], [143.1271, 42.526511], [143.127047, 42.526595], [143.127047, 42.526668], [143.127154, 42.526792], [143.127435, 42.526972], [143.127579, 42.527045], [143.127793, 42.527102], [143.127884, 42.527141], [143.12815, 42.527225], [143.128256, 42.527276], [143.128302, 42.527349], [143.128294, 42.527411], [143.128256, 42.527456], [143.128028, 42.527574], [143.127975, 42.527642], [143.127983, 42.527732], [143.128051, 42.52785], [143.128317, 42.528058], [143.128499, 42.528154], [143.128712, 42.528221], [143.128849, 42.528249], [143.128956, 42.528305], [143.129093, 42.52844], [143.129153, 42.528564], [143.129244, 42.528857], [143.12926, 42.528935], [143.129275, 42.528964], [143.129313, 42.529239], [143.129328, 42.529583], [143.129275, 42.52992], [143.129252, 42.530035], [143.129206, 42.530258], [143.129161, 42.530376], [143.129108, 42.530624], [143.129108, 42.530927], [143.129138, 42.531057], [143.129199, 42.531203], [143.129282, 42.531332], [143.129381, 42.531462], [143.129647, 42.531726], [143.129749, 42.531836], [143.129798, 42.531954]]}, "properties": {"name": null, "system": "歴舟川水系", "river_code": "0100510000"}}, {"type": "Feature", "geometry": {"type": "LineString", "coordinates": [[143.102304, 42.532228], [143.102319, 42.532245], [143.10238, 42.532256], [143.102524, 42.532267], [143.102616, 42.532279], [143.102806, 42.532341], [143.102904, 42.532346], [143.103118, 42.532273], [143.103262, 42.532296], [143.103384, 42.532335], [143.103559, 42.532329], [143.103665, 42.532284], [143.10384, 42.532183], [143.103992, 42.532144], [143.104189, 42.532127], [143.104288, 42.532093], [143.104516, 42.531935], [143.104524, 42.531857], [143.104554, 42.531812], [143.104646, 42.531767], [143.104745, 42.53175], [143.104844, 42.531756], [143.105034, 42.531823], [143.105224, 42.53193], [143.105467, 42.532032], [143.105764, 42.532127], [143.105916, 42.532206], [143.10603, 42.532329], [143.106144, 42.532363], [143.106501, 42.532364], [143.106592, 42.532397], [143.10663, 42.532425], [143.106767, 42.532431], [143.106957, 42.532397], [143.107102, 42.532347], [143.10717, 42.532335], [143.107315, 42.532341], [143.107436, 42.532375], [143.107535, 42.532425], [143.107589, 42.532515], [143.107634, 42.532667], [143.107695, 42.532712], [143.107961, 42.532752], [143.108235, 42.532875], [143.108531, 42.533095], [143.108668, 42.533157], [143.108805, 42.533157], [143.108934, 42.533117], [143.109086, 42.533117], [143.109201, 42.533146], [143.109345, 42.533208], [143.109528, 42.53332], [143.109573, 42.533376], [143.109573, 42.533455], [143.109482, 42.533601], [143.109459, 42.533663], [143.109474, 42.533736], [143.109482, 42.533759], [143.109558, 42.533826], [143.109664, 42.533882], [143.109778, 42.533916], [143.110045, 42.533956], [143.110235, 42.534034], [143.110349, 42.534113], [143.110417, 42.534203], [143.110516, 42.534383], [143.110599, 42.534485], [143.110653, 42.53453], [143.110744, 42.534625], [143.110805, 42.534727], [143.110888, 42.534834], [143.11097, 42.534914], [143.11098, 42.534924], [143.111109, 42.535002], [143.111208, 42.535002], [143.111231, 42.534952], [143.111238, 42.534918], [143.111284, 42.534895], [143.111375, 42.534901], [143.111603, 42.534985], [143.111831, 42.53498], [143.112029, 42.534963], [143.112212, 42.535025], [143.112318, 42.535025], [143.112417, 42.534991], [143.112546, 42.534991], [143.112592, 42.535008], [143.112668, 42.535092], [143.112736, 42.535227], [143.112782, 42.535362], [143.112805, 42.535396], [143.112866, 42.535419], [143.112964, 42.535413], [143.11301, 42.535402], [143.113071, 42.535368], [143.113238, 42.535312], [143.113398, 42.535284], [143.113634, 42.535284], [143.11374, 42.535312], [143.113892, 42.535374], [143.113961, 42.535407], [143.114075, 42.535447], [143.114303, 42.535441], [143.11444, 42.535391], [143.11504, 42.535025], [143.115223, 42.534873], [143.115337, 42.534749], [143.115451, 42.534693], [143.115869, 42.534614], [143.116089, 42.534609], [143.116226, 42.534626], [143.116493, 42.53462], [143.116668, 42.534592], [143.116926, 42.534507], [143.117268, 42.534344], [143.117383, 42.53431], [143.117542, 42.534299], [143.117649, 42.534277], [143.117664, 42.53426], [143.117717, 42.534237], [143.117854, 42.53413], [143.118014, 42.534136], [143.11809, 42.534159], [143.118189, 42.534153], [143.118249, 42.534114], [143.118363, 42.53399], [143.118432, 42.533973], [143.118538, 42.533979], [143.11866, 42.534018], [143.118888, 42.534108], [143.119048, 42.534142], [143.119276, 42.534142], [143.119359, 42.534108], [143.119443, 42.534052], [143.119626, 42.533877], [143.119702, 42.533827], [143.120021, 42.533821], [143.120089, 42.53381], [143.120105, 42.533799], [143.120219, 42.533793], [143.12031, 42.533815], [143.120401, 42.533855], [143.120485, 42.533849], [143.120569, 42.53381], [143.120613, 42.533768], [143.120774, 42.533619], [143.120903, 42.533529], [143.121025, 42.533478], [143.121108, 42.53345], [143.1212, 42.533443], [143.121258, 42.533446], [143.121375, 42.533487], [143.121527, 42.53351], [143.12174, 42.53347], [143.121823, 42.53342], [143.121922, 42.53333], [143.121953, 42.533234], [143.121953, 42.533144], [143.121899, 42.533003], [143.121907, 42.53293], [143.121937, 42.532868], [143.121983, 42.532823], [143.122097, 42.532767], [143.122394, 42.532722], [143.122591, 42.532727], [143.122728, 42.532761], [143.122888, 42.532817], [143.122971, 42.53284], [143.12323, 42.53284], [143.123313, 42.532812], [143.123359, 42.532778], [143.123382, 42.532744], [143.123397, 42.532469], [143.123443, 42.532395], [143.123488, 42.532345], [143.123937, 42.532193], [143.124302, 42.532182], [143.12431, 42.53217], [143.124431, 42.532148], [143.124545, 42.532103], [143.124667, 42.53203], [143.125123, 42.531687], [143.125214, 42.531642], [143.125443, 42.531608], [143.125716, 42.531602], [143.125967, 42.531619], [143.126089, 42.531647], [143.12618, 42.531704], [143.126705, 42.532199], [143.127169, 42.532548], [143.127503, 42.532745], [143.127724, 42.53284], [143.128066, 42.532964], [143.128271, 42.53302], [143.128491, 42.53306], [143.128818, 42.533054], [143.12891, 42.533009], [143.129009, 42.53293], [143.129077, 42.532857], [143.129199, 42.532683], [143.129457, 42.532249], [143.129553, 42.532137], [143.129586, 42.532098], [143.129721, 42.532015], [143.129798, 42.531954]]}, "properties": {"name": null, "system": "歴舟川水系", "river_code": "0100510000"}}, {"type": "Feature", "geometry": {"type": "LineString", "coordinates": [[143.043337, 42.516223], [143.044431, 42.5165], [143.045406, 42.516824], [143.046019, 42.517101], [143.046633, 42.517341], [143.047114, 42.517449], [143.047379, 42.517497], [143.048064, 42.517786], [143.048485, 42.51793], [143.048918, 42.518051], [143.04958, 42.518063], [143.050245, 42.518271], [143.050702, 42.518379], [143.051412, 42.518367], [143.051881, 42.518247], [143.052555, 42.518211], [143.053469, 42.518175], [143.054339, 42.518224], [143.055073, 42.518392], [143.056011, 42.518717], [143.056444, 42.518813], [143.05665, 42.518897], [143.056787, 42.518965], [143.057137, 42.519049], [143.057289, 42.519072], [143.057798, 42.519066], [143.058163, 42.51906], [143.058323, 42.519111], [143.058665, 42.519257], [143.058824, 42.519302], [143.059053, 42.519325], [143.059266, 42.519409], [143.059403, 42.519482], [143.059623, 42.519567], [143.06011, 42.519685], [143.060277, 42.519758], [143.060665, 42.519927], [143.060756, 42.519983], [143.061075, 42.520062], [143.06122, 42.520079], [143.061471, 42.520107], [143.061699, 42.520129], [143.062011, 42.520135], [143.062284, 42.520163], [143.062672, 42.52027], [143.06287, 42.520309], [143.063159, 42.520326], [143.06341, 42.520354], [143.063661, 42.520354], [143.063927, 42.520304], [143.064117, 42.520253], [143.064208, 42.520219], [143.064307, 42.520219], [143.064398, 42.520259], [143.064528, 42.520349], [143.064649, 42.520394], [143.064756, 42.520405], [143.064878, 42.520394], [143.065083, 42.520321], [143.065227, 42.520259], [143.06541, 42.520158], [143.065501, 42.520124], [143.065653, 42.52009], [143.065759, 42.52009], [143.065912, 42.520113], [143.066216, 42.520113], [143.06633, 42.520085], [143.06655, 42.519978], [143.066596, 42.519961], [143.066786, 42.519843], [143.066858, 42.51981], [143.066923, 42.519781], [143.067052, 42.519775], [143.067166, 42.519792], [143.067326, 42.519786], [143.067394, 42.519764], [143.067463, 42.519708], [143.067531, 42.519612], [143.067615, 42.519488], [143.06801, 42.519083], [143.068155, 42.518909], [143.068216, 42.518824], [143.068284, 42.518746], [143.068284, 42.518616], [143.068254, 42.518549], [143.068132, 42.518442], [143.068139, 42.518391], [143.068193, 42.518363], [143.068299, 42.51834], [143.068641, 42.518335], [143.068771, 42.518301], [143.068938, 42.518301], [143.069006, 42.518318], [143.069212, 42.518425], [143.069326, 42.518464], [143.069425, 42.518481], [143.069668, 42.518475], [143.07001, 42.518397], [143.070231, 42.518397], [143.070322, 42.518408], [143.070755, 42.518414], [143.070885, 42.518453], [143.071067, 42.51856], [143.071402, 42.518802], [143.071493, 42.518959], [143.071554, 42.519027], [143.071645, 42.519061], [143.071767, 42.519083], [143.072139, 42.519089], [143.072398, 42.519156], [143.072573, 42.519224], [143.072923, 42.519421], [143.073234, 42.519517], [143.073402, 42.519539], [143.073523, 42.519579], [143.07366, 42.519685], [143.073805, 42.519927], [143.073949, 42.520057], [143.074063, 42.52018], [143.074154, 42.520231], [143.074299, 42.520265], [143.074451, 42.520254], [143.074558, 42.52022], [143.074702, 42.52022], [143.074793, 42.520237], [143.074884, 42.520276], [143.074945, 42.520321], [143.075105, 42.52049], [143.075272, 42.520591], [143.075356, 42.520614], [143.075467, 42.520614], [143.075629, 42.520614], [143.075843, 42.520563], [143.07604, 42.520445], [143.076078, 42.520389], [143.076078, 42.520304], [143.076017, 42.520169], [143.076033, 42.520124], [143.076093, 42.520102], [143.076314, 42.520107], [143.076367, 42.520113], [143.076573, 42.520186], [143.076724, 42.520254], [143.076861, 42.520293], [143.077044, 42.520299], [143.077143, 42.520338], [143.077219, 42.520406], [143.077303, 42.520513], [143.077462, 42.520614], [143.077515, 42.520636], [143.077629, 42.52071], [143.077865, 42.520811], [143.07807, 42.520878], [143.078238, 42.520907], [143.078405, 42.520923], [143.078511, 42.520969], [143.078618, 42.521042], [143.078739, 42.521087], [143.078831, 42.521104], [143.079074, 42.521098], [143.079143, 42.521087], [143.07931, 42.521036], [143.079325, 42.521025], [143.079979, 42.520738], [143.080086, 42.520704], [143.080564, 42.520693], [143.080823, 42.520609], [143.081044, 42.520524], [143.081143, 42.520502], [143.081287, 42.520502], [143.081477, 42.520502], [143.081614, 42.520451], [143.081804, 42.520457], [143.082063, 42.520519], [143.082268, 42.52053], [143.082359, 42.520547], [143.082542, 42.520558], [143.08277, 42.520558], [143.082846, 42.52053], [143.082952, 42.520462], [143.083051, 42.520361], [143.083158, 42.520305], [143.083188, 42.520294], [143.083713, 42.520299], [143.084336, 42.52035], [143.084557, 42.520406], [143.084694, 42.520451], [143.084846, 42.520474], [143.085059, 42.520479], [143.08515, 42.520502], [143.085218, 42.520535], [143.085302, 42.520609], [143.085306, 42.520614], [143.085408, 42.520755], [143.085561, 42.520862], [143.08569, 42.520884], [143.086002, 42.520884], [143.086275, 42.52085], [143.086366, 42.520817], [143.086427, 42.520777], [143.086488, 42.520648], [143.086541, 42.52058], [143.086655, 42.520535], [143.086762, 42.520468], [143.086868, 42.520361], [143.086944, 42.520305], [143.087043, 42.520265], [143.087401, 42.520254], [143.087553, 42.520226], [143.087667, 42.520187], [143.087766, 42.520175], [143.087979, 42.520187], [143.088039, 42.520181], [143.088268, 42.520097], [143.088488, 42.520085], [143.088769, 42.520114], [143.089058, 42.520164], [143.089279, 42.520159], [143.08934, 42.520153], [143.089644, 42.52004], [143.089819, 42.52004], [143.08991, 42.520074], [143.090039, 42.520136], [143.090503, 42.520136], [143.090746, 42.520192], [143.090974, 42.520192], [143.091066, 42.520175], [143.091165, 42.520181], [143.091218, 42.52022], [143.091233, 42.520513], [143.091279, 42.520586], [143.091378, 42.520626], [143.091697, 42.520637], [143.091796, 42.520659], [143.091894, 42.520727], [143.091978, 42.520885], [143.092069, 42.520969], [143.092123, 42.520986], [143.092221, 42.520952], [143.092328, 42.520885], [143.092465, 42.520749], [143.092594, 42.520575], [143.092655, 42.520541], [143.092822, 42.520496], [143.092898, 42.520446], [143.09302, 42.520339], [143.093081, 42.520316], [143.093263, 42.520316], [143.093347, 42.520327], [143.093514, 42.520327], [143.093704, 42.520255], [143.093803, 42.520243], [143.093887, 42.520255], [143.093993, 42.52026], [143.094016, 42.520272], [143.094024, 42.520317], [143.093963, 42.520513], [143.093963, 42.52071], [143.094009, 42.520755], [143.094062, 42.520789], [143.094134, 42.520807], [143.094199, 42.520823]]}, "properties": {"name": "中コウエイ川", "system": "歴舟川水系", "river_code": "0100510000"}}, {"type": "Feature", "geometry": {"type": "LineString", "coordinates": [[143.075349, 42.542596], [143.076776, 42.541387], [143.077045, 42.541101], [143.077431, 42.540539], [143.078431, 42.540086], [143.07896, 42.539532], [143.079405, 42.538894], [143.079649, 42.538365], [143.079734, 42.537276], [143.07986, 42.536815], [143.079768, 42.536219], [143.079449, 42.535522], [143.079415, 42.534918], [143.079642, 42.534221], [143.079895, 42.533545], [143.080214, 42.533125], [143.080883, 42.533077], [143.081149, 42.53306], [143.081583, 42.53306], [143.081628, 42.533021], [143.081636, 42.532897], [143.081659, 42.532841], [143.081681, 42.532818], [143.081849, 42.532711], [143.082123, 42.532593], [143.082336, 42.532531], [143.082754, 42.53252], [143.08286, 42.532503], [143.083028, 42.532452], [143.083164, 42.532424], [143.083431, 42.532424], [143.083514, 42.532441], [143.083606, 42.532447], [143.083841, 42.532497], [143.084145, 42.532593], [143.084236, 42.532593], [143.084274, 42.53257], [143.084358, 42.532492], [143.084442, 42.532363], [143.084472, 42.532239], [143.084457, 42.532183], [143.084419, 42.532109], [143.084328, 42.532008], [143.084267, 42.531918], [143.084267, 42.531693], [143.08432, 42.531547], [143.084374, 42.531299], [143.084419, 42.530995], [143.084465, 42.530838], [143.084526, 42.530753], [143.084693, 42.530584], [143.084845, 42.530382], [143.084898, 42.530269], [143.084921, 42.530196], [143.084921, 42.530022], [143.084784, 42.529802], [143.084708, 42.529645], [143.084663, 42.529459], [143.084655, 42.529347], [143.084685, 42.529285], [143.084761, 42.529229], [143.084845, 42.529189], [143.085256, 42.529189], [143.085423, 42.52915], [143.085514, 42.529099], [143.085621, 42.529004], [143.085857, 42.528728], [143.086077, 42.528565], [143.086404, 42.52839], [143.086609, 42.528266], [143.086883, 42.528109], [143.087065, 42.528034], [143.087089, 42.528025], [143.087157, 42.528008], [143.087278, 42.527997], [143.087415, 42.528025], [143.08756, 42.52803], [143.087704, 42.528008], [143.088054, 42.527901], [143.088274, 42.52785], [143.088594, 42.527833], [143.088731, 42.5278], [143.088853, 42.52771], [143.089035, 42.527439], [143.089141, 42.527332], [143.089248, 42.527254], [143.089377, 42.527175], [143.089529, 42.527012], [143.089568, 42.52691], [143.089583, 42.526815], [143.089544, 42.526708], [143.089552, 42.526517], [143.08959, 42.526399], [143.089674, 42.526275], [143.089826, 42.52614], [143.090115, 42.525954], [143.090602, 42.525701], [143.09083, 42.5256], [143.090997, 42.525498], [143.091203, 42.525414], [143.091309, 42.525414], [143.091332, 42.525431], [143.09137, 42.525532], [143.0914, 42.525577], [143.091446, 42.525605], [143.091529, 42.525617], [143.091658, 42.525583], [143.09178, 42.525532], [143.091864, 42.525459], [143.091963, 42.525329], [143.092077, 42.525054], [143.09216, 42.524952], [143.09229, 42.524846], [143.092571, 42.524756], [143.092639, 42.524745], [143.092761, 42.524677], [143.092814, 42.524615], [143.09286, 42.524497], [143.09289, 42.524283], [143.092951, 42.524148], [143.093088, 42.524047], [143.093514, 42.523861], [143.093621, 42.523777], [143.093689, 42.523675], [143.093811, 42.52354], [143.093993, 42.523422], [143.094206, 42.523377], [143.094389, 42.52331], [143.094488, 42.523236], [143.09467, 42.523029], [143.094689, 42.522982], [143.094723, 42.522894], [143.094723, 42.522826], [143.094678, 42.52273], [143.094601, 42.522663], [143.094472, 42.522595], [143.094404, 42.522522], [143.094381, 42.522477], [143.094305, 42.522319], [143.094229, 42.522094]]}, "properties": {"name": "ポン一の沢川", "system": "歴舟川水系", "river_code": "0100510000"}}, {"type": "Feature", "geometry": {"type": "LineString", "coordinates": [[143.047356, 42.51379], [143.047803, 42.513709], [143.048757, 42.513402], [143.049393, 42.513359], [143.049899, 42.513311], [143.050612, 42.513278], [143.051022, 42.513241], [143.051437, 42.513203], [143.052067, 42.513176], [143.052721, 42.513187], [143.053427, 42.513219], [143.053708, 42.513133], [143.054338, 42.512718], [143.054942, 42.512358], [143.05538, 42.512011], [143.055865, 42.511591], [143.056183, 42.511413], [143.056695, 42.511268], [143.057234, 42.511192], [143.05766, 42.511095], [143.05826, 42.510933], [143.058961, 42.510739], [143.059376, 42.510733], [143.060001, 42.51104], [143.060342, 42.511051], [143.06059, 42.510981], [143.060978, 42.510707], [143.061107, 42.51041], [143.061204, 42.510152], [143.061323, 42.510023], [143.061743, 42.509866], [143.062196, 42.509753], [143.062638, 42.509619], [143.063227, 42.509456], [143.063798, 42.509332], [143.064079, 42.509262], [143.064612, 42.509257], [143.064865, 42.509364], [143.065167, 42.50952], [143.065386, 42.509563], [143.065806, 42.509692], [143.065905, 42.509749], [143.066102, 42.509799], [143.066308, 42.509844], [143.066521, 42.509945], [143.06665, 42.509974], [143.066696, 42.509996], [143.066779, 42.51012], [143.06687, 42.510176], [143.067099, 42.510216], [143.067783, 42.510232], [143.068133, 42.510283], [143.068254, 42.510334], [143.068612, 42.510525], [143.068741, 42.51057], [143.068969, 42.510604], [143.069319, 42.510626], [143.069654, 42.510677], [143.069874, 42.510728], [143.070057, 42.510801], [143.070284, 42.510902], [143.070391, 42.510919], [143.070627, 42.510914], [143.070931, 42.510857], [143.071402, 42.510795], [143.071699, 42.51075], [143.07195, 42.510745], [143.072345, 42.510852], [143.072528, 42.510908], [143.072771, 42.511015], [143.072991, 42.511077], [143.073303, 42.511077], [143.073531, 42.511071], [143.073836, 42.51111], [143.074049, 42.511099], [143.074208, 42.511099], [143.074406, 42.511172], [143.074474, 42.511206], [143.074566, 42.511268], [143.074763, 42.511302], [143.075136, 42.511307], [143.07541, 42.511268], [143.075471, 42.51124], [143.075653, 42.511111], [143.075744, 42.511082], [143.075934, 42.511082], [143.076241, 42.51118], [143.076269, 42.511189], [143.076314, 42.511201], [143.076451, 42.511251], [143.076771, 42.511358], [143.077219, 42.511482], [143.077341, 42.511561], [143.077425, 42.511662], [143.077668, 42.511876], [143.07779, 42.511989], [143.078003, 42.512241], [143.078071, 42.512298], [143.078231, 42.512393], [143.078611, 42.512551], [143.078694, 42.512602], [143.078725, 42.512641], [143.078854, 42.512737], [143.079006, 42.512787], [143.079174, 42.512804], [143.079295, 42.512804], [143.079455, 42.512827], [143.079706, 42.512894], [143.079881, 42.512967], [143.080086, 42.513074], [143.080208, 42.513175], [143.080329, 42.513282], [143.080504, 42.513299], [143.080664, 42.513305], [143.080732, 42.513322], [143.080923, 42.513406], [143.081029, 42.513468], [143.081196, 42.513654], [143.081234, 42.513699], [143.081371, 42.513806], [143.081576, 42.513885], [143.081698, 42.513969], [143.081744, 42.514065], [143.081759, 42.514194], [143.081812, 42.514284], [143.081911, 42.514369], [143.082025, 42.514436], [143.082192, 42.514509], [143.082367, 42.514565], [143.082504, 42.514661], [143.082557, 42.514717], [143.08258, 42.514785], [143.082618, 42.515213], [143.082732, 42.515303], [143.083082, 42.515432], [143.083485, 42.515567], [143.083652, 42.515562], [143.083736, 42.515539], [143.083827, 42.515483], [143.083926, 42.515483], [143.084086, 42.515562], [143.084526, 42.515832], [143.084633, 42.515882], [143.084759, 42.515919], [143.084808, 42.515933], [143.085127, 42.515995], [143.085508, 42.516102], [143.085979, 42.516265], [143.086291, 42.516377], [143.086473, 42.516456], [143.086732, 42.516647], [143.086808, 42.516738], [143.086937, 42.516828], [143.087097, 42.516901], [143.087431, 42.517087], [143.087545, 42.517115], [143.087652, 42.517115], [143.087728, 42.517103], [143.087834, 42.517053], [143.087994, 42.516935], [143.088093, 42.516895], [143.088458, 42.516799], [143.088633, 42.516783], [143.088899, 42.516783], [143.089043, 42.516799], [143.089173, 42.516828], [143.089294, 42.516828], [143.089477, 42.516828], [143.089598, 42.516873], [143.089789, 42.516963], [143.089895, 42.516985], [143.090123, 42.51698], [143.090222, 42.516996], [143.09045, 42.517081], [143.090557, 42.517103], [143.090747, 42.51716], [143.091013, 42.517233], [143.091096, 42.517278], [143.091089, 42.517345], [143.091043, 42.517379], [143.090884, 42.517413], [143.090808, 42.517441], [143.090731, 42.517486], [143.090754, 42.517548], [143.090815, 42.51757], [143.090937, 42.517593], [143.091127, 42.51766], [143.091385, 42.517666], [143.091423, 42.517655], [143.091514, 42.517649], [143.091598, 42.517627], [143.091674, 42.517582], [143.091674, 42.517525], [143.091651, 42.517458], [143.091598, 42.517379], [143.091606, 42.517329], [143.091651, 42.5173], [143.091849, 42.517312], [143.091948, 42.51734], [143.092024, 42.517385], [143.09207, 42.517458], [143.092054, 42.517689], [143.092131, 42.517762], [143.092268, 42.517795], [143.092503, 42.517795], [143.092594, 42.517756], [143.092686, 42.517745], [143.092792, 42.517756], [143.093157, 42.517857], [143.093347, 42.517857], [143.093366, 42.517853], [143.093621, 42.517795], [143.093689, 42.517745], [143.093842, 42.517554], [143.093963, 42.517469], [143.094024, 42.517458], [143.094153, 42.517464], [143.094305, 42.517492], [143.094473, 42.517576], [143.094541, 42.517644], [143.094632, 42.517723], [143.094716, 42.517768], [143.094868, 42.517779], [143.095028, 42.517762], [143.095393, 42.517768], [143.09575, 42.517841], [143.095925, 42.517863], [143.096108, 42.517858], [143.096229, 42.517813], [143.096328, 42.517745], [143.096412, 42.517655], [143.096473, 42.517621], [143.096564, 42.517604], [143.096716, 42.517694], [143.096769, 42.517706], [143.096898, 42.5177], [143.096982, 42.517678], [143.097218, 42.51752], [143.097347, 42.51752], [143.097491, 42.517565], [143.097636, 42.517644], [143.097788, 42.517779], [143.097925, 42.518004], [143.098145, 42.518139], [143.098368, 42.51814], [143.099468, 42.518275]]}, "properties": {"name": "東コウエイ川", "system": "歴舟川水系", "river_code": "0100510000"}}, {"type": "Feature", "geometry": {"type": "LineString", "coordinates": [[143.087371, 42.499458], [143.087288, 42.499537], [143.087121, 42.499644], [143.087022, 42.499722], [143.086916, 42.499829], [143.086718, 42.499998], [143.086498, 42.500145], [143.086301, 42.500297], [143.086194, 42.500432], [143.086134, 42.500572], [143.086118, 42.500944], [143.086096, 42.500994], [143.085929, 42.501259], [143.085929, 42.501501], [143.085966, 42.501602], [143.085997, 42.501737], [143.085997, 42.502052], [143.085936, 42.502142], [143.085663, 42.502485], [143.085577, 42.50257], [143.085432, 42.50275], [143.085273, 42.502913], [143.085022, 42.50311], [143.084839, 42.503295], [143.084794, 42.503363], [143.084794, 42.503515], [143.084839, 42.503639], [143.085037, 42.503971], [143.085083, 42.504106], [143.085075, 42.504314], [143.08506, 42.504567], [143.085037, 42.504697], [143.084976, 42.50482], [143.084976, 42.504944], [143.084999, 42.505006], [143.084999, 42.505119], [143.084968, 42.505197], [143.084923, 42.505366], [143.084862, 42.505456], [143.084626, 42.505614], [143.084565, 42.505687], [143.084565, 42.505782], [143.084657, 42.505901], [143.084885, 42.506137], [143.084923, 42.506193], [143.084953, 42.506272], [143.084946, 42.506362], [143.084885, 42.506413], [143.084839, 42.50643], [143.08474, 42.506447], [143.084695, 42.50648], [143.084657, 42.50657], [143.084657, 42.506621], [143.084679, 42.506728], [143.084854, 42.507015], [143.084961, 42.507122], [143.085075, 42.507189], [143.085158, 42.507212], [143.085311, 42.507221], [143.085424, 42.507228]]}, "properties": {"name": null, "system": "歴舟川水系", "river_code": "0100510000"}}, {"type": "Feature", "geometry": {"type": "LineString", "coordinates": [[143.081752, 42.498203], [143.08179, 42.498276], [143.081798, 42.498445], [143.081836, 42.498552], [143.081934, 42.498687], [143.082063, 42.498862], [143.082071, 42.49894], [143.082056, 42.499053], [143.081972, 42.499244], [143.081949, 42.499334], [143.081964, 42.499441], [143.082048, 42.499576], [143.082109, 42.499756], [143.082109, 42.500167], [143.082078, 42.500522], [143.082018, 42.500707], [143.081987, 42.500898], [143.081957, 42.501191], [143.081904, 42.501382], [143.081828, 42.501557], [143.081782, 42.501686], [143.081759, 42.501945], [143.081729, 42.502074], [143.081699, 42.502283], [143.081653, 42.502474], [143.081623, 42.50253], [143.081599, 42.50257], [143.081616, 42.502602], [143.0816, 42.502665], [143.081532, 42.502795], [143.081387, 42.502969], [143.081083, 42.503188], [143.080893, 42.50334], [143.080779, 42.503475], [143.080741, 42.503565], [143.08071, 42.50374], [143.080665, 42.503847], [143.080573, 42.503937], [143.080474, 42.504077], [143.080459, 42.504162], [143.080399, 42.504297], [143.080338, 42.504387], [143.080269, 42.504449], [143.080071, 42.504528], [143.079912, 42.504578], [143.079516, 42.504742], [143.079341, 42.504871], [143.079267, 42.504961], [143.079211, 42.505028]]}, "properties": {"name": null, "system": "歴舟川水系", "river_code": "0100510000"}}, {"type": "Feature", "geometry": {"type": "LineString", "coordinates": [[143.044753, 42.491671], [143.044724, 42.492212], [143.04455, 42.492596], [143.044282, 42.492968], [143.04416, 42.493165], [143.044212, 42.493677], [143.044317, 42.493887], [143.044614, 42.494044], [143.044858, 42.494197], [143.045033, 42.494436], [143.045103, 42.494785], [143.045079, 42.495267], [143.045015, 42.495593], [143.04508, 42.496282], [143.045353, 42.496649], [143.045347, 42.497224], [143.045033, 42.497614], [143.044741, 42.497948], [143.044625, 42.498227], [143.044631, 42.498623], [143.044904, 42.49896], [143.045201, 42.499227], [143.045428, 42.4997]]}, "properties": {"name": "支一の沢川", "system": "歴舟川水系", "river_code": "0100510000"}}, {"type": "Feature", "geometry": {"type": "LineString", "coordinates": [[143.032299, 42.514231], [143.032066, 42.512979], [143.031961, 42.512369], [143.032033, 42.511125], [143.032339, 42.510395], [143.033312, 42.509354], [143.034099, 42.508584], [143.03446, 42.508295], [143.034846, 42.507902], [143.035336, 42.507332], [143.035962, 42.507059], [143.036982, 42.506714], [143.037415, 42.506449], [143.038012, 42.505891], [143.03855, 42.505346], [143.038968, 42.505089], [143.039707, 42.504824], [143.040823, 42.504744], [143.041345, 42.504358], [143.041602, 42.504013], [143.041803, 42.50366], [143.0422, 42.503005], [143.04224, 42.502636], [143.042288, 42.502106], [143.042449, 42.501552], [143.042537, 42.501207]]}, "properties": {"name": "吉田の沢川", "system": "歴舟川水系", "river_code": "0100510000"}}, {"type": "Feature", "geometry": {"type": "LineString", "coordinates": [[143.009232, 42.511299], [143.009254, 42.511305], [143.009361, 42.511384], [143.009429, 42.511513], [143.009437, 42.511834], [143.009482, 42.511924], [143.009756, 42.512121], [143.009817, 42.512183], [143.009885, 42.512323], [143.010045, 42.512729], [143.010106, 42.512801], [143.01022, 42.512852], [143.010509, 42.512897], [143.010722, 42.512953], [143.010981, 42.513083], [143.011163, 42.513128], [143.011307, 42.513128], [143.011528, 42.513072], [143.011809, 42.512965], [143.011931, 42.512937], [143.012098, 42.512925], [143.012258, 42.512937], [143.012631, 42.51301], [143.01279, 42.513049], [143.01298, 42.513044], [143.01314, 42.512982], [143.013482, 42.512785], [143.013642, 42.512655], [143.013771, 42.512537], [143.013908, 42.512475], [143.01406, 42.512436], [143.014501, 42.51238], [143.014645, 42.512368], [143.014775, 42.512352], [143.014965, 42.512357], [143.015185, 42.512357]]}, "properties": {"name": null, "system": "歴舟川水系", "river_code": "0100510000"}}, {"type": "Feature", "geometry": {"type": "LineString", "coordinates": [[142.995364, 42.505768], [142.995392, 42.504841], [142.995534, 42.50423], [142.995704, 42.503627], [142.995941, 42.503056], [142.996196, 42.502648], [142.996751, 42.50219], [142.99743, 42.501721], [142.998149, 42.500993], [142.998511, 42.500495], [142.998641, 42.500105], [142.998601, 42.499477], [142.998584, 42.498753], [142.998681, 42.498059], [142.998839, 42.49729], [142.998969, 42.49699], [142.999315, 42.496611], [142.99986, 42.496059], [143.00042, 42.495753], [143.000805, 42.495516], [143.001195, 42.495159], [143.001456, 42.494786], [143.001718, 42.494218], [143.001961, 42.493788], [143.002154, 42.493516], [143.002692, 42.49316], [143.003071, 42.492951], [143.003563, 42.492956], [143.003925, 42.493058], [143.004284, 42.493062], [143.004748, 42.492949], [143.004926, 42.493018], [143.004954, 42.493038], [143.004992, 42.493052], [143.005116, 42.493101], [143.005209, 42.493125], [143.005288, 42.493124], [143.005356, 42.493108], [143.00545, 42.49308], [143.00555, 42.493035], [143.00573, 42.492934], [143.005836, 42.492889], [143.005928, 42.492844], [143.006163, 42.492838], [143.006368, 42.492872], [143.006626, 42.492968], [143.00696, 42.493041], [143.007112, 42.493058], [143.00737, 42.493041], [143.007583, 42.493001], [143.007864, 42.492911], [143.008183, 42.492861], [143.008449, 42.492743], [143.008654, 42.492591], [143.008821, 42.492428], [143.009124, 42.492298], [143.009861, 42.492084], [143.010028, 42.492062], [143.010211, 42.492006], [143.010863, 42.491887], [143.011122, 42.491854], [143.011425, 42.491769], [143.011501, 42.491735], [143.011706, 42.491674], [143.011896, 42.491646], [143.012101, 42.491635], [143.012314, 42.491573], [143.012921, 42.491241], [143.013073, 42.491173], [143.013203, 42.491072], [143.013354, 42.490869], [143.013529, 42.490723], [143.013742, 42.490594], [143.014038, 42.49047], [143.014326, 42.490397], [143.014456, 42.490346], [143.014569, 42.490273], [143.014636, 42.490209], [143.014896, 42.489958], [143.015063, 42.48984], [143.015466, 42.489733], [143.015594, 42.489665], [143.0158, 42.489575], [143.016217, 42.489468], [143.016248, 42.489452], [143.016346, 42.489435], [143.016658, 42.489333], [143.01684, 42.489243], [143.017007, 42.489136], [143.017182, 42.489074], [143.017296, 42.489046], [143.017394, 42.488996], [143.017478, 42.488934], [143.017562, 42.488833], [143.01766, 42.488653], [143.017858, 42.488349], [143.017926, 42.488186], [143.017956, 42.488135], [143.017987, 42.488056], [143.018162, 42.487938], [143.018268, 42.487882], [143.018374, 42.487842], [143.018534, 42.487803], [143.01867, 42.487752], [143.018883, 42.487634], [143.018989, 42.487494], [143.019278, 42.48701], [143.019323, 42.48692], [143.01946, 42.486757], [143.019726, 42.486549], [143.019771, 42.486442], [143.019786, 42.486363], [143.019901, 42.486138], [143.019923, 42.485873], [143.020037, 42.485654], [143.020151, 42.485558], [143.02047, 42.485389], [143.020971, 42.485192], [143.021169, 42.485131], [143.021434, 42.485069], [143.021723, 42.485046], [143.021981, 42.485046], [143.0223, 42.485125], [143.022574, 42.485192], [143.022598, 42.485192], [143.022961, 42.485192], [143.02312, 42.485176], [143.02353, 42.485176], [143.023963, 42.485249], [143.024161, 42.485299], [143.024503, 42.485395], [143.024632, 42.485418], [143.024753, 42.485395], [143.024875, 42.485344], [143.024966, 42.485294], [143.025057, 42.485176], [143.025163, 42.485119], [143.025269, 42.485097], [143.025535, 42.485108], [143.025846, 42.485159], [143.026287, 42.485193], [143.026507, 42.485187], [143.026591, 42.485176], [143.026728, 42.48512], [143.026902, 42.485007], [143.026971, 42.484945], [143.026993, 42.4849], [143.027099, 42.484821], [143.027335, 42.48472], [143.027472, 42.484647], [143.027677, 42.484574], [143.027753, 42.484555], [143.0278, 42.484528]]}, "properties": {"name": "支三の沢川", "system": "歴舟川水系", "river_code": "0100510000"}}, {"type": "Feature", "geometry": {"type": "LineString", "coordinates": [[143.036771, 42.465493], [143.03558, 42.465639], [143.034744, 42.465723], [143.033908, 42.465786], [143.033051, 42.465806], [143.032403, 42.465953], [143.031337, 42.465953], [143.030188, 42.465786], [143.029247, 42.465639], [143.027399, 42.465303], [143.026438, 42.465178], [143.025016, 42.465178], [143.023825, 42.465471], [143.021861, 42.465951], [143.02046, 42.466223], [143.019786, 42.466369], [143.019452, 42.466808], [143.019117, 42.467351], [143.018595, 42.467706], [143.017859, 42.467908]]}, "properties": {"name": "シクマノ沢川", "system": "歴舟川水系", "river_code": "0100510000"}}, {"type": "Feature", "geometry": {"type": "LineString", "coordinates": [[142.988084, 42.453539], [142.988107, 42.453595], [142.988175, 42.453713], [142.988244, 42.45378], [142.988312, 42.45387], [142.98832, 42.453921], [142.988343, 42.453966], [142.988411, 42.454118], [142.988426, 42.454129], [142.988426, 42.454276], [142.988213, 42.454529], [142.98797, 42.45476], [142.987963, 42.454878], [142.987986, 42.454951], [142.987986, 42.45508], [142.988054, 42.455283], [142.988054, 42.455423], [142.988046, 42.455609], [142.988061, 42.455727], [142.988061, 42.455845], [142.988023, 42.455924], [142.987849, 42.456127], [142.987765, 42.456194], [142.987643, 42.456239], [142.987416, 42.456245], [142.987317, 42.456279], [142.987226, 42.456335], [142.987089, 42.456594], [142.987089, 42.456791], [142.987066, 42.45692], [142.987059, 42.457072], [142.987112, 42.457207], [142.987135, 42.457337], [142.987264, 42.457646], [142.987294, 42.457849], [142.987355, 42.457967], [142.987408, 42.458107], [142.987423, 42.458119], [142.987416, 42.458259], [142.987332, 42.45849], [142.987324, 42.458659], [142.987286, 42.458743], [142.987158, 42.458879], [142.987066, 42.459025], [142.986998, 42.459137], [142.986899, 42.459205], [142.986595, 42.459323], [142.986436, 42.459424], [142.986292, 42.459492], [142.986155, 42.459525], [142.985927, 42.459525], [142.985745, 42.459503], [142.98519, 42.459486], [142.984682, 42.459486], [142.984606, 42.459497], [142.984522, 42.459537]]}, "properties": {"name": null, "system": "歴舟川水系", "river_code": "0100510000"}}, {"type": "Feature", "geometry": {"type": "LineString", "coordinates": [[142.944175, 42.460717], [142.943948, 42.460863], [142.943834, 42.460947], [142.943667, 42.461094], [142.943583, 42.461144], [142.943408, 42.461195], [142.943279, 42.461201], [142.94315, 42.461229], [142.943067, 42.461279], [142.942991, 42.461381], [142.942877, 42.461493], [142.942786, 42.461634], [142.94274, 42.461769], [142.942664, 42.461836], [142.942565, 42.461876], [142.942489, 42.461893], [142.942231, 42.461988], [142.942117, 42.46205], [142.941988, 42.462056], [142.941928, 42.462039], [142.941783, 42.461943], [142.941608, 42.461786], [142.941502, 42.46178], [142.941434, 42.461808], [142.941305, 42.461904], [142.941244, 42.461994], [142.941153, 42.462101], [142.941046, 42.462168], [142.940879, 42.46232], [142.940674, 42.462405], [142.940484, 42.462467], [142.940128, 42.462472], [142.940029, 42.462512], [142.93974, 42.462664], [142.93949, 42.462703], [142.939353, 42.462754], [142.939254, 42.462838], [142.939186, 42.463035], [142.939133, 42.463114], [142.938973, 42.46326], [142.938708, 42.463412], [142.938662, 42.463474], [142.938662, 42.463614], [142.938723, 42.463772], [142.93873, 42.463834], [142.938685, 42.463975], [142.938662, 42.464177], [142.938631, 42.46425], [142.938525, 42.46438], [142.938495, 42.46443], [142.938464, 42.46465], [142.938449, 42.464661], [142.938441, 42.464824], [142.938388, 42.464982], [142.938244, 42.465229], [142.938214, 42.465302], [142.938181, 42.465392]]}, "properties": {"name": null, "system": "歴舟川水系", "river_code": "0100510000"}}, {"type": "Feature", "geometry": {"type": "LineString", "coordinates": [[143.114678, 42.455606], [143.114449, 42.453477], [143.114579, 42.453149], [143.114957, 42.452703], [143.115743, 42.4521], [143.116003, 42.451747], [143.116282, 42.451456], [143.116592, 42.45132], [143.116926, 42.451332], [143.117508, 42.451605], [143.118276, 42.451914], [143.119201, 42.452068], [143.119573, 42.452137], [143.120347, 42.452384], [143.121232, 42.452601], [143.121994, 42.452842], [143.122418, 42.452992], [143.123044, 42.453048], [143.123502, 42.452955], [143.124164, 42.45259], [143.124895, 42.452002], [143.125558, 42.451494], [143.126092, 42.451102], [143.126544, 42.450903], [143.127188, 42.450823], [143.127851, 42.450842], [143.128367, 42.45078], [143.128663, 42.45078], [143.128929, 42.450814], [143.129582, 42.450819], [143.129886, 42.450853], [143.129924, 42.450864], [143.130045, 42.450875], [143.130205, 42.450909], [143.130425, 42.450994], [143.130728, 42.451129], [143.131055, 42.451247], [143.131176, 42.451275], [143.131336, 42.45132], [143.131609, 42.45132], [143.131852, 42.451275], [143.132019, 42.451247], [143.132316, 42.451207], [143.132612, 42.451207], [143.132779, 42.451275], [143.132961, 42.451427], [143.133158, 42.451657], [143.133515, 42.452136], [143.133675, 42.452271], [143.133864, 42.452395], [143.134115, 42.452507], [143.134343, 42.452653], [143.134525, 42.452799], [143.134874, 42.452968], [143.135239, 42.453109], [143.135717, 42.453306], [143.135915, 42.453362], [143.136158, 42.453385], [143.136317, 42.45339], [143.136704, 42.453435], [143.136917, 42.45348], [143.137084, 42.453537], [143.137266, 42.453615], [143.137608, 42.453832], [143.137638, 42.453852], [143.137828, 42.453981], [143.138003, 42.454071], [143.138344, 42.454184], [143.13858, 42.454212], [143.138846, 42.4542], [143.139127, 42.454155], [143.139225, 42.454139], [143.140023, 42.453936], [143.140251, 42.45384], [143.140418, 42.453756], [143.140835, 42.453604], [143.141033, 42.453554], [143.141481, 42.453402], [143.14202, 42.453227], [143.14224, 42.453165], [143.142893, 42.453025], [143.142946, 42.453019], [143.143129, 42.452969], [143.143166, 42.452969], [143.143318, 42.452912], [143.143417, 42.452862], [143.143501, 42.452783], [143.143546, 42.452687], [143.143554, 42.45262], [143.143539, 42.45253], [143.143379, 42.452215], [143.143243, 42.452001], [143.143227, 42.451883], [143.143243, 42.451832], [143.143318, 42.45177], [143.143463, 42.451709], [143.143713, 42.451697], [143.143766, 42.451686], [143.143835, 42.45163], [143.143873, 42.451562], [143.143896, 42.451382], [143.143926, 42.451258], [143.143994, 42.451146], [143.144063, 42.451084], [143.144366, 42.450944], [143.144511, 42.450865], [143.144663, 42.450809], [143.144966, 42.450713], [143.145171, 42.450617], [143.145331, 42.450516], [143.145376, 42.450471], [143.145369, 42.450465], [143.145536, 42.450201], [143.145596, 42.450079], [143.145756, 42.449751], [143.145976, 42.449188], [143.14606, 42.44902], [143.146181, 42.4488], [143.146333, 42.448597], [143.146546, 42.448372], [143.146766, 42.44817], [143.147009, 42.447973], [143.147275, 42.447799], [143.147609, 42.447602], [143.147844, 42.447422], [143.148171, 42.447163], [143.148558, 42.446741], [143.149022, 42.446117], [143.149295, 42.445835], [143.149576, 42.445639], [143.149713, 42.445577], [143.149796, 42.44556], [143.149992, 42.445539]]}, "properties": {"name": "支六の沢川", "system": "紋別川水系", "river_code": "0100520000"}}, {"type": "Feature", "geometry": {"type": "LineString", "coordinates": [[143.11808, 42.445933], [143.118297, 42.445524], [143.118574, 42.445296], [143.118933, 42.445117], [143.119242, 42.445003], [143.119568, 42.444758], [143.119797, 42.444139], [143.119911, 42.443601], [143.119976, 42.443063], [143.120155, 42.44246], [143.120546, 42.441825], [143.120905, 42.441271], [143.12128, 42.440847], [143.121932, 42.440244], [143.122486, 42.439787], [143.122731, 42.439364], [143.123057, 42.438695], [143.123497, 42.438288], [143.124843, 42.437103], [143.126393, 42.435464]]}, "properties": {"name": "支七の沢川", "system": "紋別川水系", "river_code": "0100520000"}}, {"type": "Feature", "geometry": {"type": "LineString", "coordinates": [[143.116753, 42.422972], [143.11852, 42.421163], [143.119025, 42.420869], [143.119656, 42.420826], [143.121711, 42.42134], [143.122817, 42.421472], [143.123863, 42.421634], [143.124497, 42.421988], [143.125278, 42.422651], [143.125809, 42.423138], [143.12634, 42.423344], [143.126974, 42.423418], [143.12746, 42.423359], [143.12929, 42.422603], [143.130281, 42.422125], [143.131182, 42.421509], [143.131649, 42.421384], [143.132003, 42.42135], [143.132481, 42.421487], [143.13558, 42.422624], [143.136009, 42.422867], [143.136453, 42.423282], [143.136661, 42.423507], [143.137382, 42.423996], [143.137762, 42.424249], [143.138005, 42.42435], [143.138324, 42.424463], [143.138347, 42.42448], [143.138635, 42.424553], [143.139106, 42.424626], [143.139281, 42.42466], [143.139592, 42.424694], [143.139797, 42.424699], [143.139994, 42.424722], [143.140458, 42.424801], [143.14067, 42.424863], [143.141202, 42.425076], [143.141544, 42.425166], [143.141582, 42.425183], [143.141764, 42.425217], [143.142341, 42.425234], [143.1425, 42.425251], [143.142842, 42.425251], [143.143024, 42.425228], [143.143206, 42.425178], [143.143396, 42.425099], [143.143533, 42.425065], [143.1437, 42.425071], [143.144011, 42.4252], [143.144095, 42.425217], [143.144619, 42.425206], [143.144741, 42.425234], [143.144839, 42.425296], [143.14493, 42.425448], [143.145044, 42.425566], [143.145219, 42.425673], [143.145598, 42.425814], [143.145728, 42.425915], [143.145834, 42.426033], [143.145864, 42.426078], [143.145864, 42.426095], [143.146054, 42.42641], [143.146289, 42.426618], [143.146365, 42.426685], [143.14657, 42.426911], [143.146715, 42.427124], [143.146783, 42.42727], [143.146783, 42.427495], [143.146775, 42.42781], [143.146806, 42.427974], [143.146843, 42.428126], [143.147018, 42.428458], [143.14714, 42.428626], [143.147269, 42.42875], [143.147421, 42.428863], [143.147633, 42.42897], [143.147854, 42.42902], [143.148347, 42.429037], [143.14878, 42.429037], [143.148909, 42.429054], [143.149061, 42.429105], [143.149281, 42.429229], [143.149661, 42.429341], [143.150018, 42.42942], [143.150268, 42.429521], [143.150435, 42.429622], [143.150587, 42.429752], [143.150762, 42.429971], [143.150906, 42.430185], [143.150989, 42.430275], [143.151301, 42.430517], [143.151483, 42.430702], [143.151582, 42.430809], [143.151771, 42.431107], [143.152014, 42.431569], [143.152174, 42.431749], [143.152448, 42.432053], [143.152652, 42.432362], [143.152721, 42.432531], [143.152728, 42.432565], [143.152713, 42.432598], [143.152713, 42.432801], [143.152791, 42.432895], [143.152796, 42.432902], [143.152941, 42.432964], [143.153214, 42.432964], [143.153283, 42.432947], [143.153488, 42.432953], [143.153586, 42.433009], [143.153822, 42.433211], [143.153936, 42.433268], [143.154103, 42.433307], [143.154308, 42.433313], [143.15452, 42.433347], [143.154786, 42.433453], [143.154923, 42.433538], [143.155135, 42.433712], [143.155386, 42.433954], [143.155606, 42.434117], [143.155879, 42.434269], [143.156046, 42.434325], [143.156343, 42.434404], [143.156593, 42.434505], [143.156699, 42.43459], [143.156866, 42.434809], [143.157049, 42.434939], [143.157261, 42.435023], [143.157497, 42.435186], [143.15758, 42.435214], [143.157664, 42.435237], [143.157937, 42.435254], [143.158286, 42.435316], [143.158681, 42.435423], [143.158818, 42.435485], [143.158894, 42.435552], [143.158954, 42.435642], [143.158962, 42.435727], [143.158894, 42.435817], [143.158689, 42.435957], [143.158575, 42.43603], [143.158537, 42.436092], [143.158537, 42.436149], [143.158613, 42.436216], [143.158825, 42.436284], [143.158856, 42.436289], [143.159, 42.436255], [143.159251, 42.436137], [143.159364, 42.436115], [143.159456, 42.436109], [143.159539, 42.436137], [143.159593, 42.436182], [143.159593, 42.436272], [143.159547, 42.436312], [143.159471, 42.436351], [143.159357, 42.436374], [143.159258, 42.436429], [143.158954, 42.436728], [143.158924, 42.43679], [143.158924, 42.436919], [143.158962, 42.436981], [143.159046, 42.437043], [143.159111, 42.437066], [143.159159, 42.437076], [143.159809, 42.437157], [143.160337, 42.437303], [143.160497, 42.437355], [143.160643, 42.437369], [143.160831, 42.437374], [143.161261, 42.437379], [143.16167, 42.437384], [143.161782, 42.437382]]}, "properties": {"name": "支五の沢川", "system": "紋別川水系", "river_code": "0100520000"}}, {"type": "Feature", "geometry": {"type": "LineString", "coordinates": [[143.152771, 42.457365], [143.154515, 42.456109], [143.155318, 42.455429], [143.156051, 42.45473], [143.156523, 42.454085], [143.156872, 42.453351], [143.157361, 42.452391], [143.157815, 42.451728], [143.158705, 42.450995], [143.159456, 42.450559], [143.159927, 42.450227], [143.160532, 42.449559], [143.161391, 42.448528], [143.162212, 42.447304], [143.162539, 42.446531], [143.162866, 42.445189], [143.163261, 42.443951], [143.16388, 42.442541], [143.164379, 42.441802], [143.164998, 42.441269], [143.165893, 42.440753], [143.166804, 42.440289], [143.167767, 42.439997], [143.168713, 42.439928], [143.169676, 42.439962], [143.170517, 42.440086]]}, "properties": {"name": "支四の沢川", "system": "紋別川水系", "river_code": "0100520000"}}, {"type": "Feature", "geometry": {"type": "LineString", "coordinates": [[143.184923, 42.470583], [143.185583, 42.470209], [143.186242, 42.469605], [143.186297, 42.469276], [143.186209, 42.468837], [143.185978, 42.468189], [143.185923, 42.467694], [143.186099, 42.467255], [143.186616, 42.466805], [143.187508, 42.465689], [143.188024, 42.464623], [143.188519, 42.463503], [143.188761, 42.46302], [143.189541, 42.462328], [143.190101, 42.461779], [143.190838, 42.461274], [143.191172, 42.461167], [143.191506, 42.461082], [143.192113, 42.460981], [143.192311, 42.460936], [143.192546, 42.460874], [143.192653, 42.460829], [143.192759, 42.46075], [143.192842, 42.460599], [143.192842, 42.460419], [143.192706, 42.460132], [143.192706, 42.460014], [143.192744, 42.459912], [143.19285, 42.459744], [143.193009, 42.459552], [143.193169, 42.459417], [143.19329, 42.459344], [143.193366, 42.45931], [143.193518, 42.459294], [143.19389, 42.459282], [143.193913, 42.459271], [143.193943, 42.459237], [143.193951, 42.459102], [143.193913, 42.458973], [143.193883, 42.458798], [143.193898, 42.45868], [143.193951, 42.458534], [143.194133, 42.458135], [143.194209, 42.458022], [143.194331, 42.457876], [143.194665, 42.457544], [143.195204, 42.456891], [143.195341, 42.45679], [143.195622, 42.456711], [143.195728, 42.456661], [143.195827, 42.456582], [143.195872, 42.456526], [143.195903, 42.456453], [143.195903, 42.455957], [143.195948, 42.455811], [143.196024, 42.455738], [143.196131, 42.455693], [143.196472, 42.455597], [143.196631, 42.455592], [143.196745, 42.455603], [143.196981, 42.455609], [143.197178, 42.455507], [143.19721, 42.455487], [143.197406, 42.455355], [143.197596, 42.455192], [143.198021, 42.45477], [143.198492, 42.454219], [143.199039, 42.453533], [143.199259, 42.453274], [143.199456, 42.453089], [143.199783, 42.45283], [143.200148, 42.452588], [143.200368, 42.452459], [143.200558, 42.452368], [143.200687, 42.452335], [143.200838, 42.452329], [143.200892, 42.45234], [143.201066, 42.452436], [143.201248, 42.45252], [143.201393, 42.45256], [143.20156, 42.45256], [143.20176, 42.452522], [143.20219, 42.452357], [143.202264, 42.452334], [143.202511, 42.452255], [143.202851, 42.452037], [143.203109, 42.451902], [143.203754, 42.451615], [143.203899, 42.45157], [143.204278, 42.451424], [143.204757, 42.451182], [143.205023, 42.45108], [143.20525, 42.451024], [143.205584, 42.450974], [143.205797, 42.450968], [143.205926, 42.450979], [143.205937, 42.450979], [143.206146, 42.450979], [143.206321, 42.450945], [143.206488, 42.450884], [143.206906, 42.450647], [143.207012, 42.450608], [143.207156, 42.450569], [143.207429, 42.45054], [143.207543, 42.450518], [143.207794, 42.450462], [143.208174, 42.450332], [143.208751, 42.450068], [143.2091, 42.45], [143.209305, 42.449989], [143.209408, 42.449977], [143.209548, 42.449953]]}, "properties": {"name": "支三の沢川", "system": "紋別川水系", "river_code": "0100520000"}}, {"type": "Feature", "geometry": {"type": "LineString", "coordinates": [[143.199744, 42.470985], [143.200072, 42.470429], [143.200217, 42.469599], [143.200255, 42.468967], [143.20046, 42.468654], [143.200963, 42.468243], [143.20139, 42.467862], [143.201779, 42.467504], [143.202076, 42.466842], [143.202251, 42.46643], [143.202954, 42.46597], [143.203434, 42.46562], [143.203876, 42.465117], [143.20396, 42.464676], [143.204135, 42.464112], [143.204365, 42.463842], [143.205036, 42.463454], [143.205607, 42.462837], [143.20643, 42.462182], [143.206865, 42.461831], [143.207086, 42.461302], [143.207216, 42.46067], [143.20733, 42.459909], [143.207467, 42.459688], [143.20797, 42.459276], [143.208565, 42.458705], [143.209177, 42.458029], [143.2099, 42.457107], [143.210586, 42.456369], [143.211264, 42.455843], [143.211874, 42.4555], [143.212423, 42.455272], [143.212982, 42.455002], [143.21347, 42.45472], [143.2143, 42.453928], [143.214879, 42.453273], [143.21552, 42.452359], [143.21588, 42.451499], [143.216128, 42.451078]]}, "properties": {"name": "支二の沢川", "system": "紋別川水系", "river_code": "0100520000"}}, {"type": "Feature", "geometry": {"type": "LineString", "coordinates": [[143.21202, 42.469163], [143.212555, 42.468486], [143.212973, 42.468051], [143.213023, 42.467249], [143.21304, 42.466781], [143.213274, 42.466472], [143.213818, 42.466121], [143.214403, 42.46567], [143.215928, 42.464479], [143.216973, 42.463476], [143.217575, 42.462925], [143.217675, 42.462599], [143.217742, 42.462206], [143.217904, 42.461557], [143.218063, 42.461206], [143.218673, 42.460554], [143.219409, 42.459903], [143.220211, 42.459242], [143.22064, 42.458746], [143.221217, 42.45791], [143.221902, 42.457074], [143.22227, 42.456564], [143.222605, 42.456305], [143.223065, 42.456113], [143.223867, 42.455746], [143.224145, 42.45555], [143.224965, 42.454723], [143.225307, 42.45448], [143.226378, 42.454313], [143.227153, 42.454171]]}, "properties": {"name": "支一の沢川", "system": "紋別川水系", "river_code": "0100520000"}}, {"type": "Feature", "geometry": {"type": "LineString", "coordinates": [[143.213705, 42.469117], [143.215609, 42.469312], [143.216732, 42.46958], [143.218342, 42.469678], [143.218879, 42.469702], [143.220319, 42.470068], [143.222198, 42.470507], [143.223931, 42.47097], [143.226274, 42.471653], [143.227494, 42.471897], [143.229461, 42.472412], [143.231926, 42.472998], [143.232463, 42.473193], [143.233488, 42.473705], [143.234171, 42.474022], [143.234888, 42.474035], [143.235296, 42.473963], [143.236028, 42.47364], [143.236303, 42.473472], [143.236819, 42.473172], [143.237323, 42.472812], [143.237935, 42.472537], [143.238774, 42.472105], [143.239602, 42.471901], [143.240622, 42.471589], [143.241576, 42.471529], [143.242727, 42.471744], [143.243915, 42.472152], [143.244743, 42.472332], [143.245882, 42.472284], [143.24683, 42.472092], [143.247126, 42.471974], [143.247316, 42.471912], [143.247506, 42.471828], [143.247612, 42.471749], [143.247741, 42.471687], [143.247878, 42.471687], [143.247901, 42.471698], [143.247923, 42.471732], [143.247935, 42.471783], [143.247923, 42.47185], [143.247848, 42.471991], [143.24784, 42.472036], [143.247864, 42.472065], [143.247908, 42.472087], [143.247969, 42.472094], [143.24806, 42.472087], [143.248402, 42.471991], [143.248561, 42.471991], [143.248652, 42.472064], [143.248703, 42.472078], [143.248774, 42.47207], [143.248994, 42.472019], [143.249085, 42.472019], [143.24914, 42.472059], [143.24916, 42.472094], [143.249191, 42.472126], [143.249259, 42.472137], [143.249305, 42.47212], [143.249339, 42.472099], [143.249381, 42.472047], [143.249525, 42.471985], [143.249566, 42.471953], [143.249594, 42.471912], [143.249591, 42.471704], [143.249601, 42.47167], [143.249621, 42.471648], [143.249647, 42.471636], [143.249703, 42.471627], [143.249791, 42.471631], [143.249981, 42.471676], [143.250057, 42.471715], [143.250209, 42.471845], [143.250231, 42.47187], [143.250247, 42.471906], [143.250262, 42.471963], [143.250308, 42.472098], [143.250333, 42.472132], [143.250361, 42.472154], [143.250394, 42.472181], [143.250472, 42.472211], [143.250581, 42.47221], [143.25065, 42.4722], [143.25071, 42.472177], [143.250793, 42.472177], [143.250877, 42.472205], [143.250932, 42.472223], [143.250991, 42.472233], [143.251067, 42.472216], [143.251133, 42.472183], [143.251219, 42.472126], [143.251291, 42.472099], [143.251401, 42.47207], [143.251452, 42.472073], [143.251492, 42.472081], [143.251689, 42.472154], [143.251728, 42.472164], [143.251796, 42.472154], [143.251909, 42.472103], [143.251976, 42.472094], [143.252061, 42.472098], [143.252123, 42.472123], [143.252183, 42.472154], [143.252284, 42.472167], [143.252411, 42.472171], [143.252509, 42.472154], [143.252585, 42.472109], [143.252669, 42.472052], [143.252766, 42.471967], [143.252821, 42.471935], [143.252912, 42.47194], [143.253057, 42.471976], [143.253193, 42.47203], [143.253266, 42.472075], [143.253375, 42.47216], [143.25341, 42.472171], [143.253459, 42.472171], [143.253543, 42.472122], [143.253603, 42.472087], [143.253709, 42.472036], [143.253785, 42.472036], [143.253816, 42.472053], [143.253846, 42.472098], [143.253816, 42.472154], [143.253754, 42.472213], [143.253741, 42.472245], [143.253755, 42.472267], [143.253778, 42.472278], [143.253853, 42.472267], [143.254051, 42.472267], [143.254187, 42.472272], [143.254233, 42.47225], [143.254271, 42.472193], [143.254271, 42.471974], [143.254337, 42.471932], [143.254373, 42.47194], [143.2544, 42.471957], [143.254476, 42.472002], [143.254537, 42.471991], [143.254643, 42.471817], [143.254719, 42.471749], [143.25478, 42.471732], [143.254833, 42.471766], [143.254901, 42.471873], [143.254922, 42.471891], [143.255015, 42.471974], [143.255045, 42.472019], [143.255045, 42.472098], [143.255015, 42.472137], [143.254855, 42.472159], [143.254826, 42.47217], [143.254821, 42.472196], [143.254833, 42.472244], [143.254862, 42.472264], [143.254924, 42.472278], [143.255038, 42.472289], [143.25519, 42.472312], [143.25544, 42.472447], [143.255539, 42.472458], [143.255676, 42.472441], [143.255964, 42.472441], [143.256063, 42.472464], [143.256139, 42.472464], [143.256207, 42.472447], [143.256212, 42.472414], [143.2562, 42.47239], [143.256116, 42.472295], [143.256105, 42.472256], [143.256123, 42.472227], [143.256154, 42.472219], [143.256207, 42.472233], [143.256412, 42.472323], [143.25648, 42.472323], [143.256526, 42.472295], [143.256571, 42.472194], [143.256625, 42.472171], [143.257035, 42.472165], [143.257179, 42.472165], [143.257338, 42.472239], [143.257414, 42.472255], [143.257498, 42.472261], [143.257531, 42.472249], [143.257551, 42.472222], [143.257555, 42.472197], [143.257543, 42.472177], [143.257301, 42.471985], [143.257255, 42.471929], [143.257255, 42.471817], [143.257285, 42.471749], [143.257369, 42.471676], [143.257445, 42.471654], [143.25749, 42.471648], [143.257518, 42.471658], [143.257513, 42.471682], [143.257498, 42.471727], [143.257491, 42.471755], [143.257502, 42.471793], [143.257519, 42.47181], [143.257551, 42.471817], [143.257604, 42.471817], [143.257665, 42.471777], [143.257711, 42.471699], [143.257764, 42.471665], [143.257893, 42.471665], [143.25806, 42.471738], [143.25825, 42.471856], [143.258356, 42.471895], [143.258736, 42.471901], [143.258971, 42.471862], [143.259267, 42.471777], [143.260862, 42.471445], [143.260869, 42.471434], [143.261036, 42.4714], [143.261446, 42.471316], [143.261682, 42.471316], [143.261788, 42.471344], [143.262266, 42.471547], [143.262992, 42.471821], [143.264036, 42.472216], [143.264535, 42.472385]]}, "properties": {"name": "石坂川", "system": "紋別川水系", "river_code": "0100520000"}}, {"type": "Feature", "geometry": {"type": "LineString", "coordinates": [[143.351009, 42.426952], [143.3511, 42.426834], [143.351176, 42.426755], [143.351411, 42.426552], [143.351768, 42.426372], [143.351904, 42.42631], [143.352026, 42.426237], [143.35217, 42.42617], [143.352481, 42.426097], [143.352937, 42.426102], [143.353522, 42.426164], [143.353583, 42.426164], [143.353689, 42.426142], [143.354084, 42.426097], [143.354456, 42.426091], [143.354608, 42.426131], [143.354744, 42.426187], [143.354866, 42.426181], [143.354957, 42.426131], [143.355086, 42.426012], [143.355223, 42.425911], [143.355329, 42.425877], [143.355549, 42.425877], [143.355663, 42.425894], [143.355868, 42.425945], [143.356043, 42.425962], [143.35621, 42.425956], [143.35646, 42.42586], [143.356597, 42.42586], [143.356718, 42.425894], [143.356764, 42.425922], [143.356961, 42.426007], [143.357098, 42.426029], [143.357288, 42.426024], [143.357485, 42.426001], [143.357744, 42.425984], [143.358321, 42.425984], [143.358586, 42.425962], [143.358883, 42.425889], [143.359057, 42.425838], [143.359353, 42.42577], [143.359558, 42.425737], [143.359847, 42.425664], [143.359999, 42.42567], [143.360257, 42.425731], [143.360371, 42.425731], [143.360416, 42.425715], [143.360682, 42.425489], [143.361183, 42.425343], [143.361222, 42.425332], [143.361381, 42.425287], [143.361464, 42.425281], [143.361624, 42.425242], [143.361958, 42.425191], [143.362406, 42.425191], [143.362558, 42.425202], [143.362672, 42.425225], [143.362892, 42.42523], [143.363036, 42.425197], [143.363211, 42.425152], [143.363271, 42.425124], [143.363879, 42.425005], [143.364501, 42.424853], [143.364638, 42.424808], [143.364858, 42.424747], [143.365344, 42.424584], [143.365557, 42.424482], [143.366331, 42.424201], [143.366711, 42.424088], [143.366924, 42.424088], [143.367015, 42.424111], [143.367159, 42.424179], [143.367243, 42.42424], [143.367478, 42.424443], [143.36763, 42.424578], [143.367675, 42.424589], [143.36785, 42.424674], [143.367971, 42.424719], [143.368351, 42.424809], [143.368587, 42.424837], [143.368951, 42.424831], [143.369316, 42.424758], [143.369414, 42.424736], [143.369809, 42.424578], [143.369908, 42.424584], [143.370052, 42.424668], [143.370174, 42.424668], [143.370409, 42.424618], [143.370591, 42.424618], [143.37072, 42.424657], [143.370867, 42.424728], [143.370962, 42.424774], [143.371118, 42.424871], [143.371158, 42.424905]]}, "properties": {"name": null, "system": "紋別川水系", "river_code": "0100520000"}}, {"type": "Feature", "geometry": {"type": "LineString", "coordinates": [[143.030203, 42.455707], [143.030185, 42.455154], [143.030221, 42.454548], [143.030399, 42.454209], [143.030792, 42.453531], [143.030881, 42.452747], [143.030899, 42.452176], [143.031077, 42.451819], [143.03138, 42.451427], [143.031452, 42.450874], [143.031523, 42.450482], [143.031658, 42.450398], [143.03178, 42.450336], [143.032068, 42.450258], [143.032258, 42.450258], [143.032342, 42.45028], [143.032539, 42.45032], [143.032744, 42.450314], [143.032964, 42.450258], [143.033109, 42.450201], [143.033207, 42.450139], [143.033306, 42.45001], [143.033519, 42.449538], [143.033579, 42.449419], [143.033663, 42.449341], [143.033929, 42.4492], [143.034111, 42.449082], [143.034407, 42.448975], [143.034544, 42.448874], [143.034696, 42.448682], [143.034916, 42.448446], [143.035258, 42.448193], [143.035418, 42.448047], [143.035471, 42.447968], [143.035509, 42.44785], [143.035539, 42.447619], [143.035562, 42.44754], [143.035691, 42.447388], [143.035888, 42.447281], [143.036215, 42.447135], [143.036253, 42.447124], [143.036321, 42.447056], [143.036367, 42.446955], [143.036367, 42.44651], [143.036428, 42.446302], [143.036541, 42.446049], [143.036564, 42.445779], [143.036549, 42.445644], [143.036534, 42.445492], [143.03645, 42.44525], [143.036458, 42.445104], [143.036534, 42.444935], [143.03661, 42.444693], [143.036617, 42.444581], [143.036602, 42.44453], [143.036603, 42.444226], [143.03664, 42.444108], [143.036747, 42.443951], [143.03697, 42.443699], [143.037126, 42.443523], [143.037301, 42.443208], [143.037461, 42.442865], [143.037635, 42.442656], [143.037962, 42.442414], [143.038068, 42.442302], [143.038136, 42.442122], [143.038152, 42.441858], [143.038129, 42.441796], [143.038106, 42.441531], [143.038045, 42.441323], [143.038053, 42.44121], [143.038167, 42.440907], [143.038182, 42.4408], [143.038174, 42.440704], [143.038121, 42.440569], [143.038038, 42.440372], [143.038015, 42.440226], [143.037962, 42.440012], [143.037969, 42.439871], [143.038008, 42.439782], [143.038091, 42.439686], [143.038197, 42.43959], [143.038258, 42.439545], [143.038531, 42.439382], [143.038569, 42.439342]]}, "properties": {"name": "ひとつの沢川", "system": "歴舟川水系", "river_code": "0100510000"}}, {"type": "Feature", "geometry": {"type": "LineString", "coordinates": [[143.166105, 42.500544], [143.16491, 42.501197], [143.164354, 42.501627], [143.163645, 42.502349], [143.163145, 42.503154], [143.162478, 42.503849], [143.161714, 42.504626], [143.161353, 42.504876], [143.16102, 42.505321], [143.160644, 42.50614], [143.160408, 42.50689], [143.160158, 42.507904], [143.160075, 42.508646], [143.1602, 42.509452], [143.160172, 42.510174], [143.159908, 42.510854], [143.159505, 42.511146], [143.159062, 42.511938]]}, "properties": {"name": null, "system": "歴舟川水系", "river_code": "0100510000"}}]}